Protocollo;Gruppo;DataOraIncidente;Localizzazione1;STRADA1;Localizzazione2;STRADA2;Strada02;Chilometrica;DaSpecificare;NaturaIncidente;particolaritastrade;TipoStrada;FondoStradale;Pavimentazione;Segnaletica;CondizioneAtmosferica;Traffico;Visibilita;Illuminazione;NUM_FERITI;NUM_RISERVATA;NUM_MORTI;NUM_ILLESI;Longitudine;Latitudine;Confermato;Progressivo;TipoVeicolo;StatoVeicolo;TipoPersona;Sesso;Tipolesione;Deceduto;DecedutoDopo;CinturaCascoUtilizzato;Airbag
3536193;17;02/11/2017 13:30;Strada Urbana;VIA DEL MASCHERINO;all'intersezione con;BORGO ANGELICO;BORGO ANGELICO;;;Scontro frontale/laterale SX fra veicoli in marcia;Incrocio;Una carreggiata a doppio senso;Asciutto;Acciotolata;Verticale ed orizzontale;Sereno;Normale;Buona;Ore Diurne;0;0;0;4;12.45873;41.90438;-1;1;Autovettura privata;In marcia / fermata / arresto;Passeggero;F;Illeso;0;;Non accertato;Inesploso
3536193;17;02/11/2017 13:30;Strada Urbana;VIA DEL MASCHERINO;all'intersezione con;BORGO ANGELICO;BORGO ANGELICO;;;Scontro frontale/laterale SX fra veicoli in marcia;Incrocio;Una carreggiata a doppio senso;Asciutto;Acciotolata;Verticale ed orizzontale;Sereno;Normale;Buona;Ore Diurne;0;0;0;4;12.45873;41.90438;-1;2;Motociclo a solo;In marcia / fermata / arresto;Conducente;M;Illeso;0;;Non accertato;
3536193;17;02/11/2017 13:30;Strada Urbana;VIA DEL MASCHERINO;all'intersezione con;BORGO ANGELICO;BORGO ANGELICO;;;Scontro frontale/laterale SX fra veicoli in marcia;Incrocio;Una carreggiata a doppio senso;Asciutto;Acciotolata;Verticale ed orizzontale;Sereno;Normale;Buona;Ore Diurne;0;0;0;4;12.45873;41.90438;-1;2;Motociclo a solo;In marcia / fermata / arresto;Passeggero;F;Illeso;0;;Non accertato;
3536206;13;03/11/2017 08:55;Strada Urbana;LUNGOMARE AMERIGO VESPUCCI;da specificare;;;;altezza civ. 6b;Scontro frontale/laterale SX fra veicoli in marcia;Rettilineo;Due carreggiate;Asciutto;Asfaltata;Verticale ed orizzontale;Nuvoloso;Normale;Buona;Ore Diurne;0;0;0;2;12.33397;41.70723;-1;1;Autovettura privata;In marcia / fermata / arresto;Conducente;F;Illeso;0;;Non accertato;Inesploso
3536206;13;03/11/2017 08:55;Strada Urbana;LUNGOMARE AMERIGO VESPUCCI;da specificare;;;;altezza civ. 6b;Scontro frontale/laterale SX fra veicoli in marcia;Rettilineo;Due carreggiate;Asciutto;Asfaltata;Verticale ed orizzontale;Nuvoloso;Normale;Buona;Ore Diurne;0;0;0;2;12.33397;41.70723;-1;2;Autovettura privata;In marcia / fermata / arresto;Conducente;M;Illeso;0;;Non accertato;Inesploso
3536217;16;02/11/2017 08:40;;VIA EDOARDO JENNER;in corrispondenza;;del civico n.;96;;Scontro laterale fra veicoli in marcia;;;;;;;;;;0;0;0;2;;;0;1;Autocarro inferiore 35 q.;In marcia / fermata / arresto;Conducente;M;Illeso;0;;;
3536217;16;02/11/2017 08:40;;VIA EDOARDO JENNER;in corrispondenza;;del civico n.;96;;Scontro laterale fra veicoli in marcia;;;;;;;;;;0;0;0;2;;;0;2;Autovettura privata;In marcia / fermata / arresto;Conducente;M;Illeso;0;;;
3536234;4;02/11/2017 17:45;Statale;VIA SALARIA;all'intersezione con;VIA DI VALLE RICCA;VIA DI VALLE RICCA;;;Scontro frontale/laterale DX fra veicoli in marcia;Incrocio;Una carreggiata a doppio senso;Asciutto;Asfaltata;Verticale ed orizzontale;Sereno;Intenso;Sufficiente;Sufficiente;0;0;0;3;12.51724;41.98601;-1;1;Autovettura privata;In marcia / fermata / arresto;Conducente;M;Illeso;0;;;
3536234;4;02/11/2017 17:45;Statale;VIA SALARIA;all'intersezione con;VIA DI VALLE RICCA;VIA DI VALLE RICCA;;;Scontro frontale/laterale DX fra veicoli in marcia;Incrocio;Una carreggiata a doppio senso;Asciutto;Asfaltata;Verticale ed orizzontale;Sereno;Intenso;Sufficiente;Sufficiente;0;0;0;3;12.51724;41.98601;-1;1;Autovettura privata;In marcia / fermata / arresto;Passeggero;F;Illeso;0;;;
3536234;4;02/11/2017 17:45;Statale;VIA SALARIA;all'intersezione con;VIA DI VALLE RICCA;VIA DI VALLE RICCA;;;Scontro frontale/laterale DX fra veicoli in marcia;Incrocio;Una carreggiata a doppio senso;Asciutto;Asfaltata;Verticale ed orizzontale;Sereno;Intenso;Sufficiente;Sufficiente;0;0;0;3;12.51724;41.98601;-1;2;Autovettura privata;In marcia / fermata / arresto;Conducente;F;Illeso;0;;;
3536238;16;02/11/2017 11:30;Strada Urbana;VIA LUIGI RONZONI;all'intersezione con;VIA RAFFAELE BATTISTINI;VIA RAFFAELE BATTISTINI;;;Scontro frontale/laterale SX fra veicoli in marcia;Incrocio;Due carreggiate;Asciutto;Asfaltata;Verticale ed orizzontale;Sereno;Normale;Buona;Ore Diurne;2;0;0;1;12.44684;41.86666;-1;1;Autovettura privata;In marcia / fermata / arresto;Conducente;F;Illeso;0;;Non accertato;
3536238;16;02/11/2017 11:30;Strada Urbana;VIA LUIGI RONZONI;all'intersezione con;VIA RAFFAELE BATTISTINI;VIA RAFFAELE BATTISTINI;;;Scontro frontale/laterale SX fra veicoli in marcia;Incrocio;Due carreggiate;Asciutto;Asfaltata;Verticale ed orizzontale;Sereno;Normale;Buona;Ore Diurne;2;0;0;1;12.44684;41.86666;-1;2;Autovettura privata;In marcia / fermata / arresto;Conducente;F;Rimandato;0;NON DECEDUTO;Non accertato;
3536238;16;02/11/2017 11:30;Strada Urbana;VIA LUIGI RONZONI;all'intersezione con;VIA RAFFAELE BATTISTINI;VIA RAFFAELE BATTISTINI;;;Scontro frontale/laterale SX fra veicoli in marcia;Incrocio;Due carreggiate;Asciutto;Asfaltata;Verticale ed orizzontale;Sereno;Normale;Buona;Ore Diurne;2;0;0;1;12.44684;41.86666;-1;2;Autovettura privata;In marcia / fermata / arresto;Passeggero;F;Rimandato;0;NON DECEDUTO;Non accertato;
3536243;19;03/11/2017 09:15;Strada Urbana;VIALE MONFORTANI;in corrispondenza;;del civico n.;37;;Tamponamento;Rettilineo;Una carreggiata a doppio senso;Bagnato (pioggia);Asfaltata;Orizzontale;Pioggia in atto;Normale;Buona;Ore Diurne;1;0;0;2;12.42442;41.93711;-1;1;Autovettura privata;In marcia / fermata / arresto;Conducente;M;Illeso;0;;Non accertato;Inesploso
3536243;19;03/11/2017 09:15;Strada Urbana;VIALE MONFORTANI;in corrispondenza;;del civico n.;37;;Tamponamento;Rettilineo;Una carreggiata a doppio senso;Bagnato (pioggia);Asfaltata;Orizzontale;Pioggia in atto;Normale;Buona;Ore Diurne;1;0;0;2;12.42442;41.93711;-1;1;Autovettura privata;In marcia / fermata / arresto;Passeggero;F;Rifiuta cure immediate;0;NON DECEDUTO;Non accertato;Inesploso
3536243;19;03/11/2017 09:15;Strada Urbana;VIALE MONFORTANI;in corrispondenza;;del civico n.;37;;Tamponamento;Rettilineo;Una carreggiata a doppio senso;Bagnato (pioggia);Asfaltata;Orizzontale;Pioggia in atto;Normale;Buona;Ore Diurne;1;0;0;2;12.42442;41.93711;-1;2;Autovettura privata;In marcia / fermata / arresto;Conducente;M;Illeso;0;;Non accertato;Inesploso
3536254;12;02/11/2017 08:15;Regionale;VIA LAURENTINA;in corrispondenza;;del civico n.;1541;;Scontro frontale/laterale SX fra veicoli in marcia;Curva a visuale libera;Una carreggiata a doppio senso;Asciutto;Asfaltata;Orizzontale;Sereno;Normale;Buona;Ore Diurne;0;0;0;3;12.5015;41.74864;-1;1;Autocarro inferiore 35 q.;In marcia / fermata / arresto;Conducente;M;Illeso;0;;;
3536254;12;02/11/2017 08:15;Regionale;VIA LAURENTINA;in corrispondenza;;del civico n.;1541;;Scontro frontale/laterale SX fra veicoli in marcia;Curva a visuale libera;Una carreggiata a doppio senso;Asciutto;Asfaltata;Orizzontale;Sereno;Normale;Buona;Ore Diurne;0;0;0;3;12.5015;41.74864;-1;1;Autocarro inferiore 35 q.;In marcia / fermata / arresto;Passeggero;F;Illeso;0;;;
3536254;12;02/11/2017 08:15;Regionale;VIA LAURENTINA;in corrispondenza;;del civico n.;1541;;Scontro frontale/laterale SX fra veicoli in marcia;Curva a visuale libera;Una carreggiata a doppio senso;Asciutto;Asfaltata;Orizzontale;Sereno;Normale;Buona;Ore Diurne;0;0;0;3;12.5015;41.74864;-1;2;Autovettura privata;In marcia / fermata / arresto;Conducente;M;Illeso;0;;;
3536280;13;02/11/2017 16:00;Strada Urbana;VIA DEI PESCATORI;da specificare;;;;altezza via Strobel;Veicolo in marcia contro ostacolo accidentale;Rettilineo;Una carreggiata a senso unico di marcia;Asciutto;Asfaltata;Verticale;Sereno;Normale;Buona;Ore Diurne;0;0;0;1;12.33443;41.75221;-1;1;Autovettura privata;In marcia / fermata / arresto;Conducente;M;Illeso;0;;Non accertato;
3536296;12;03/11/2017 08:10;Strada Urbana;VIALE DON PASQUINO BORGHI;all'intersezione con;VIALE BEATA VERGINE DEL CARMELO;VIALE BEATA VERGINE DEL CARMELO;;;Investimento di pedone;Incrocio;Due carreggiate;Bagnato (pioggia);Asfaltata;Verticale ed orizzontale;Nuvoloso;Normale;Buona;Ore Diurne;2;0;0;1;12.44604;41.80903;-1;;;;Pedone;M;Rimandato;0;NON DECEDUTO;;
3536296;12;03/11/2017 08:10;Strada Urbana;VIALE DON PASQUINO BORGHI;all'intersezione con;VIALE BEATA VERGINE DEL CARMELO;VIALE BEATA VERGINE DEL CARMELO;;;Investimento di pedone;Incrocio;Due carreggiate;Bagnato (pioggia);Asfaltata;Verticale ed orizzontale;Nuvoloso;Normale;Buona;Ore Diurne;2;0;0;1;12.44604;41.80903;-1;;;;Pedone;M;Rimandato;0;NON DECEDUTO;;
3536296;12;03/11/2017 08:10;Strada Urbana;VIALE DON PASQUINO BORGHI;all'intersezione con;VIALE BEATA VERGINE DEL CARMELO;VIALE BEATA VERGINE DEL CARMELO;;;Investimento di pedone;Incrocio;Due carreggiate;Bagnato (pioggia);Asfaltata;Verticale ed orizzontale;Nuvoloso;Normale;Buona;Ore Diurne;2;0;0;1;12.44604;41.80903;-1;1;Autovettura privata;In marcia / fermata / arresto;Conducente;M;Illeso;0;;Utilizzato;Inesploso
3536321;17;02/11/2017 11:00;Strada Urbana;VIA LUIGI RIZZO;in corrispondenza;;del civico n.;16;;Scontro laterale fra veicoli in marcia;Rettilineo;Una carreggiata a senso unico di marcia;Asciutto;Asfaltata;Verticale ed orizzontale;Sereno;Scarso;Buona;Ore Diurne;0;0;0;2;12.44674;41.90942;-1;1;Autovettura privata;In marcia / fermata / arresto;Conducente;M;Illeso;0;;Non accertato;Inesploso
3536321;17;02/11/2017 11:00;Strada Urbana;VIA LUIGI RIZZO;in corrispondenza;;del civico n.;16;;Scontro laterale fra veicoli in marcia;Rettilineo;Una carreggiata a senso unico di marcia;Asciutto;Asfaltata;Verticale ed orizzontale;Sereno;Scarso;Buona;Ore Diurne;0;0;0;2;12.44674;41.90942;-1;2;Autovettura privata;In marcia / fermata / arresto;Conducente;M;Illeso;0;;Non accertato;Inesploso
3536338;2;03/11/2017 04:00;Strada Urbana;VIALE DI TOR DI QUINTO;in prossimità;;del civico n.;858;;Veicolo in marcia contro ostacolo fisso;Rettilineo;Due carreggiate;Bagnato (pioggia);Asfaltata;Verticale ed orizzontale;Pioggia in atto;Scarso;Sufficiente;Sufficiente;0;0;0;1;12.48445;41.94981;-1;1;Autovettura privata;In marcia / fermata / arresto;Conducente;M;Illeso;0;;;
3536339;4;02/11/2017 19:45;Strada Urbana;VIA NOMENTANA NUOVA;da specificare;;;;prossimità dell'intersezione con via Val d'Ossola;Tamponamento;Rettilineo;Una carreggiata a doppio senso;Asciutto;Asfaltata;Verticale ed orizzontale;Sereno;Intenso;Buona;Sufficiente;1;0;0;2;12.5307;41.93401;-1;1;Autovettura privata;In marcia / fermata / arresto;Conducente;M;Illeso;0;;;
3536339;4;02/11/2017 19:45;Strada Urbana;VIA NOMENTANA NUOVA;da specificare;;;;prossimità dell'intersezione con via Val d'Ossola;Tamponamento;Rettilineo;Una carreggiata a doppio senso;Asciutto;Asfaltata;Verticale ed orizzontale;Sereno;Intenso;Buona;Sufficiente;1;0;0;2;12.5307;41.93401;-1;1;Autovettura privata;In marcia / fermata / arresto;Passeggero;M;Illeso;0;;;
3536339;4;02/11/2017 19:45;Strada Urbana;VIA NOMENTANA NUOVA;da specificare;;;;prossimità dell'intersezione con via Val d'Ossola;Tamponamento;Rettilineo;Una carreggiata a doppio senso;Asciutto;Asfaltata;Verticale ed orizzontale;Sereno;Intenso;Buona;Sufficiente;1;0;0;2;12.5307;41.93401;-1;2;Autovettura privata;In marcia / fermata / arresto;Conducente;F;Rimandato;0;NON DECEDUTO;;
3536361;16;02/11/2017 14:55;Strada Urbana;VIA CARDINAL PACCA;in corrispondenza;;del civico n.;24;;Tamponamento Multiplo;Rettilineo;Una carreggiata a senso unico di marcia;Asciutto;Asfaltata;Verticale;Sereno;Normale;Buona;Ore Diurne;0;0;0;3;12.43052;41.89188;-1;1;Autovettura privata;In marcia / fermata / arresto;Conducente;M;Illeso;0;;Non accertato;
3536361;16;02/11/2017 14:55;Strada Urbana;VIA CARDINAL PACCA;in corrispondenza;;del civico n.;24;;Tamponamento Multiplo;Rettilineo;Una carreggiata a senso unico di marcia;Asciutto;Asfaltata;Verticale;Sereno;Normale;Buona;Ore Diurne;0;0;0;3;12.43052;41.89188;-1;2;Autovettura privata;In marcia / fermata / arresto;Conducente;M;Illeso;0;;Non accertato;
3536361;16;02/11/2017 14:55;Strada Urbana;VIA CARDINAL PACCA;in corrispondenza;;del civico n.;24;;Tamponamento Multiplo;Rettilineo;Una carreggiata a senso unico di marcia;Asciutto;Asfaltata;Verticale;Sereno;Normale;Buona;Ore Diurne;0;0;0;3;12.43052;41.89188;-1;3;Autovettura privata;In marcia / fermata / arresto;Conducente;M;Illeso;0;;Non accertato;
3536366;16;02/11/2017 17:55;Strada Urbana;VIA GIOVANNI LIVRAGHI;all'intersezione con;VIA CARINI;VIA CARINI;;;Scontro frontale/laterale DX fra veicoli in marcia;Incrocio;Una carreggiata a doppio senso;Asciutto;Asfaltata;Verticale ed orizzontale;Sereno;Normale;Buona;Sufficiente;1;0;0;1;12.4607;41.88452;-1;1;Motociclo a solo;In marcia / fermata / arresto;Conducente;F;Rimandato;0;NON DECEDUTO;Non accertato;
3536366;16;02/11/2017 17:55;Strada Urbana;VIA GIOVANNI LIVRAGHI;all'intersezione con;VIA CARINI;VIA CARINI;;;Scontro frontale/laterale DX fra veicoli in marcia;Incrocio;Una carreggiata a doppio senso;Asciutto;Asfaltata;Verticale ed orizzontale;Sereno;Normale;Buona;Sufficiente;1;0;0;1;12.4607;41.88452;-1;2;Autovettura pubblica;In marcia / fermata / arresto;Conducente;M;Illeso;0;;Non accertato;
3536370;12;02/11/2017 07:30;Provinciale;VIA ARDEATINA;da specificare;;;;prossimità km. 16+400 dir. Roma;Infortunio per caduta del veicolo;Rettilineo;Una carreggiata a doppio senso;Asciutto;Asfaltata;Orizzontale;Sereno;Normale;Buona;Ore Diurne;1;0;0;0;12.56072;41.74837;-1;1;Motociclo a solo;In marcia / fermata / arresto;Conducente;M;Rimandato;0;NON DECEDUTO;Utilizzato;
3536383;7;03/11/2017 07:45;Strada Urbana;VIALE ALESSANDRINO;in prossimità;;del civico n.;145;;Tamponamento Multiplo;Rettilineo;Una carreggiata a doppio senso;Bagnato (pioggia);Asfaltata;Orizzontale;Nuvoloso;Normale;Buona;Ore Diurne;3;0;0;3;12.57983;41.87369;-1;1;Autovettura privata;In marcia / fermata / arresto;Conducente;M;Illeso;0;;;
3536383;7;03/11/2017 07:45;Strada Urbana;VIALE ALESSANDRINO;in prossimità;;del civico n.;145;;Tamponamento Multiplo;Rettilineo;Una carreggiata a doppio senso;Bagnato (pioggia);Asfaltata;Orizzontale;Nuvoloso;Normale;Buona;Ore Diurne;3;0;0;3;12.57983;41.87369;-1;2;Autovettura privata;In marcia / fermata / arresto;Conducente;M;Rimandato;0;NON DECEDUTO;;
3536383;7;03/11/2017 07:45;Strada Urbana;VIALE ALESSANDRINO;in prossimità;;del civico n.;145;;Tamponamento Multiplo;Rettilineo;Una carreggiata a doppio senso;Bagnato (pioggia);Asfaltata;Orizzontale;Nuvoloso;Normale;Buona;Ore Diurne;3;0;0;3;12.57983;41.87369;-1;2;Autovettura privata;In marcia / fermata / arresto;Passeggero;M;Rimandato;0;NON DECEDUTO;Non accertato;Inesploso
3536383;7;03/11/2017 07:45;Strada Urbana;VIALE ALESSANDRINO;in prossimità;;del civico n.;145;;Tamponamento Multiplo;Rettilineo;Una carreggiata a doppio senso;Bagnato (pioggia);Asfaltata;Orizzontale;Nuvoloso;Normale;Buona;Ore Diurne;3;0;0;3;12.57983;41.87369;-1;3;Autovettura privata;In marcia / fermata / arresto;Conducente;M;Illeso;0;;;
3536383;7;03/11/2017 07:45;Strada Urbana;VIALE ALESSANDRINO;in prossimità;;del civico n.;145;;Tamponamento Multiplo;Rettilineo;Una carreggiata a doppio senso;Bagnato (pioggia);Asfaltata;Orizzontale;Nuvoloso;Normale;Buona;Ore Diurne;3;0;0;3;12.57983;41.87369;-1;4;Autovettura privata;In marcia / fermata / arresto;Conducente;M;Illeso;0;;;
3536383;7;03/11/2017 07:45;Strada Urbana;VIALE ALESSANDRINO;in prossimità;;del civico n.;145;;Tamponamento Multiplo;Rettilineo;Una carreggiata a doppio senso;Bagnato (pioggia);Asfaltata;Orizzontale;Nuvoloso;Normale;Buona;Ore Diurne;3;0;0;3;12.57983;41.87369;-1;4;Autovettura privata;In marcia / fermata / arresto;Passeggero;M;Rimandato;0;NON DECEDUTO;Non accertato;Inesploso
3536406;13;03/11/2017 10:40;Strada Urbana;VIALE DI CASTEL PORZIANO;all'intersezione con;VIA FRANCESCO CILEA;VIA FRANCESCO CILEA;;;Scontro frontale/laterale DX fra veicoli in marcia;Incrocio;Una carreggiata a doppio senso;Asciutto;Asfaltata;Verticale ed orizzontale;Nuvoloso;Normale;Buona;Ore Diurne;0;0;0;3;12.34914;41.73083;-1;1;Autovettura privata;In marcia / fermata / arresto;Conducente;M;Illeso;0;;Non accertato;Inesploso
3536406;13;03/11/2017 10:40;Strada Urbana;VIALE DI CASTEL PORZIANO;all'intersezione con;VIA FRANCESCO CILEA;VIA FRANCESCO CILEA;;;Scontro frontale/laterale DX fra veicoli in marcia;Incrocio;Una carreggiata a doppio senso;Asciutto;Asfaltata;Verticale ed orizzontale;Nuvoloso;Normale;Buona;Ore Diurne;0;0;0;3;12.34914;41.73083;-1;2;Autovettura privata;In marcia / fermata / arresto;Conducente;M;Illeso;0;;Non accertato;Inesploso
3536406;13;03/11/2017 10:40;Strada Urbana;VIALE DI CASTEL PORZIANO;all'intersezione con;VIA FRANCESCO CILEA;VIA FRANCESCO CILEA;;;Scontro frontale/laterale DX fra veicoli in marcia;Incrocio;Una carreggiata a doppio senso;Asciutto;Asfaltata;Verticale ed orizzontale;Nuvoloso;Normale;Buona;Ore Diurne;0;0;0;3;12.34914;41.73083;-1;3;Autovettura privata;In marcia / fermata / arresto;Conducente;M;Illeso;0;;Non accertato;Inesploso
3536413;10;03/11/2017 10:25;Strada Urbana;VIALE S. GIOVANNI BOSCO;all'intersezione con;VIA CALPURNIO FIAMMA;VIA CALPURNIO FIAMMA;;;Scontro frontale/laterale DX fra veicoli in marcia;Incrocio;Due carreggiate;Bagnato (pioggia);Asfaltata;Verticale ed orizzontale;Pioggia in atto;Normale;Buona;Ore Diurne;0;0;0;2;12.56092;41.86064;-1;1;Autovettura privata;In marcia / fermata / arresto;Conducente;M;Illeso;0;;;
3536413;10;03/11/2017 10:25;Strada Urbana;VIALE S. GIOVANNI BOSCO;all'intersezione con;VIA CALPURNIO FIAMMA;VIA CALPURNIO FIAMMA;;;Scontro frontale/laterale DX fra veicoli in marcia;Incrocio;Due carreggiate;Bagnato (pioggia);Asfaltata;Verticale ed orizzontale;Pioggia in atto;Normale;Buona;Ore Diurne;0;0;0;2;12.56092;41.86064;-1;2;Autovettura privata;In marcia / fermata / arresto;Conducente;M;Illeso;0;;Non accertato;Inesploso
3536417;2;02/11/2017 08:10;Strada Urbana;PIAZZA ISTRIA;all'intersezione con;VIA BISAGNO;VIA BISAGNO;;;Ribaltamento senza urto contro ostacolo fisso;Rotatoria;Una carreggiata a senso unico di marcia;Asciutto;Asfaltata;Verticale ed orizzontale;Sereno;Normale;Buona;Ore Diurne;1;0;0;0;12.51252;41.92309;0;1;Motociclo a solo;In marcia / fermata / arresto;Conducente;M;Rifiuta cure immediate;0;NON DECEDUTO;;
3536420;2;02/11/2017 18:30;Strada Urbana;VIA SEBINO;all'intersezione con;VIA CHIANA;VIA CHIANA;;;Scontro frontale/laterale DX fra veicoli in marcia;Intersezione stradale segnalata;Una carreggiata a doppio senso;Asciutto;Asfaltata;Verticale ed orizzontale;Sereno;Intenso;Buona;Sufficiente;0;0;0;3;12.50545;41.92178;-1;1;Autovettura privata;In marcia / fermata / arresto;Conducente;F;Illeso;0;;Non accertato;Inesploso
3536420;2;02/11/2017 18:30;Strada Urbana;VIA SEBINO;all'intersezione con;VIA CHIANA;VIA CHIANA;;;Scontro frontale/laterale DX fra veicoli in marcia;Intersezione stradale segnalata;Una carreggiata a doppio senso;Asciutto;Asfaltata;Verticale ed orizzontale;Sereno;Intenso;Buona;Sufficiente;0;0;0;3;12.50545;41.92178;-1;2;Ciclomotore;In marcia / fermata / arresto;Conducente;M;Illeso;0;;Non accertato;
3536420;2;02/11/2017 18:30;Strada Urbana;VIA SEBINO;all'intersezione con;VIA CHIANA;VIA CHIANA;;;Scontro frontale/laterale DX fra veicoli in marcia;Intersezione stradale segnalata;Una carreggiata a doppio senso;Asciutto;Asfaltata;Verticale ed orizzontale;Sereno;Intenso;Buona;Sufficiente;0;0;0;3;12.50545;41.92178;-1;2;Ciclomotore;In marcia / fermata / arresto;Passeggero;F;Illeso;0;;Non accertato;
3536427;23;03/11/2017 00:35;Strada Urbana;VIALE DELLE REPUBBLICHE MARINARE;all'intersezione con;VIA MARCELLO PUCCI BONCAMBI;VIA MARCELLO PUCCI BONCAMBI;;;Scontro frontale/laterale SX fra veicoli in marcia;Incrocio;Una carreggiata a senso unico di marcia;Bagnato (umidità in atto);Asfaltata;Verticale;Nuvoloso;Scarso;Buona;Sufficiente;0;0;0;4;12.26855;41.73568;-1;1;Autovettura privata;In marcia / fermata / arresto;Conducente;M;Illeso;0;;Non accertato;Inesploso
3536427;23;03/11/2017 00:35;Strada Urbana;VIALE DELLE REPUBBLICHE MARINARE;all'intersezione con;VIA MARCELLO PUCCI BONCAMBI;VIA MARCELLO PUCCI BONCAMBI;;;Scontro frontale/laterale SX fra veicoli in marcia;Incrocio;Una carreggiata a senso unico di marcia;Bagnato (umidità in atto);Asfaltata;Verticale;Nuvoloso;Scarso;Buona;Sufficiente;0;0;0;4;12.26855;41.73568;-1;1;Autovettura privata;In marcia / fermata / arresto;Passeggero;F;Illeso;0;;Non accertato;Inesploso
3536427;23;03/11/2017 00:35;Strada Urbana;VIALE DELLE REPUBBLICHE MARINARE;all'intersezione con;VIA MARCELLO PUCCI BONCAMBI;VIA MARCELLO PUCCI BONCAMBI;;;Scontro frontale/laterale SX fra veicoli in marcia;Incrocio;Una carreggiata a senso unico di marcia;Bagnato (umidità in atto);Asfaltata;Verticale;Nuvoloso;Scarso;Buona;Sufficiente;0;0;0;4;12.26855;41.73568;-1;2;Autovettura privata;In marcia / fermata / arresto;Conducente;M;Illeso;0;;Non accertato;Inesploso
3536427;23;03/11/2017 00:35;Strada Urbana;VIALE DELLE REPUBBLICHE MARINARE;all'intersezione con;VIA MARCELLO PUCCI BONCAMBI;VIA MARCELLO PUCCI BONCAMBI;;;Scontro frontale/laterale SX fra veicoli in marcia;Incrocio;Una carreggiata a senso unico di marcia;Bagnato (umidità in atto);Asfaltata;Verticale;Nuvoloso;Scarso;Buona;Sufficiente;0;0;0;4;12.26855;41.73568;-1;2;Autovettura privata;In marcia / fermata / arresto;Passeggero;M;Illeso;0;;Non accertato;Inesploso
3536439;3;02/11/2017 10:30;Strada Urbana;Tangenziale Est;da specificare;;;;rampa d'uscita per portonaccio direz san giovanni;Veicolo in marcia contro ostacolo accidentale;Pendenza;Una carreggiata a senso unico di marcia;Asciutto;Asfaltata;Assente;Sereno;Normale;Buona;Ore Diurne;1;0;0;0;12.5063;41.93783;-1;1;Motociclo a solo;In marcia / fermata / arresto;Conducente;M;Ricoverato;0;NON DECEDUTO;Non accertato;
3536447;3;02/11/2017 16:20;Strada Urbana;VIALE DELLO SCALO S. LORENZO;in prossimità;;del civico n.;10 B;;Scontro frontale/laterale SX fra veicoli in marcia;Rettilineo;Più di due carreggiate;Asciutto;Asfaltata;Verticale ed orizzontale;Sereno;Intenso;Buona;Ore Diurne;0;0;0;4;12.51641;41.89354;-1;1;Autocarro inferiore 35 q.;In marcia / fermata / arresto;Conducente;M;Illeso;0;;Non accertato;Inesploso
3536447;3;02/11/2017 16:20;Strada Urbana;VIALE DELLO SCALO S. LORENZO;in prossimità;;del civico n.;10 B;;Scontro frontale/laterale SX fra veicoli in marcia;Rettilineo;Più di due carreggiate;Asciutto;Asfaltata;Verticale ed orizzontale;Sereno;Intenso;Buona;Ore Diurne;0;0;0;4;12.51641;41.89354;-1;1;Autocarro inferiore 35 q.;In marcia / fermata / arresto;Passeggero;M;Illeso;0;;Non accertato;Inesploso
3536447;3;02/11/2017 16:20;Strada Urbana;VIALE DELLO SCALO S. LORENZO;in prossimità;;del civico n.;10 B;;Scontro frontale/laterale SX fra veicoli in marcia;Rettilineo;Più di due carreggiate;Asciutto;Asfaltata;Verticale ed orizzontale;Sereno;Intenso;Buona;Ore Diurne;0;0;0;4;12.51641;41.89354;-1;2;Autoarticolato;In marcia / fermata / arresto;Conducente;M;Illeso;0;;Non accertato;Inesploso
3536447;3;02/11/2017 16:20;Strada Urbana;VIALE DELLO SCALO S. LORENZO;in prossimità;;del civico n.;10 B;;Scontro frontale/laterale SX fra veicoli in marcia;Rettilineo;Più di due carreggiate;Asciutto;Asfaltata;Verticale ed orizzontale;Sereno;Intenso;Buona;Ore Diurne;0;0;0;4;12.51641;41.89354;-1;3;Rimorchio;In marcia / fermata / arresto;Conducente;M;Illeso;0;;Non accertato;Inesploso
3536467;3;02/11/2017 15:15;Strada Urbana;CIRCONVALLAZIONE TIBURTINA;da specificare;;;;dopo svincolo scalo san lorenzo direz san giovanni;Veicolo in marcia contro ostacolo fisso;Rettilineo;Una carreggiata a senso unico di marcia;Asciutto;Asfaltata;Verticale ed orizzontale;Sereno;Normale;Sufficiente;Ore Diurne;0;0;0;1;12.5279;41.89931;-1;1;Autobus di linea;In marcia / fermata / arresto;Conducente;M;Illeso;0;;Non accertato;Inesploso
3536480;1;03/11/2017 04:25;Strada Urbana;PIAZZA DI PORTA CAPENA;all'intersezione semaforizzata con;VIALE GUIDO BACCELLI;VIALE GUIDO BACCELLI;;;Scontro laterale fra veicoli in marcia;Incrocio;Una carreggiata a senso unico di marcia;Bagnato (pioggia);Asfaltata;Orizzontale;Nuvoloso;Scarso;Buona;Sufficiente;0;0;0;3;12.48951;41.88423;-1;1;Autovettura pubblica;In marcia / fermata / arresto;Conducente;M;Illeso;0;;Utilizzato;Inesploso