Protocollo;Gruppo;DataOraIncidente;Localizzazione1;STRADA1;Localizzazione2;STRADA2;Strada02;Chilometrica;DaSpecificare;NaturaIncidente;particolaritastrade;TipoStrada;FondoStradale;Pavimentazione;Segnaletica;CondizioneAtmosferica;Traffico;Visibilita;Illuminazione;NUM_FERITI;NUM_RISERVATA;NUM_MORTI;NUM_ILLESI;Longitudine;Latitudine;Confermato;Progressivo;TipoVeicolo;StatoVeicolo;TipoPersona;Sesso;Tipolesione;Deceduto;DecedutoDopo;CinturaCascoUtilizzato;Airbag
3537296;13;03/11/2017 18:50;Strada Urbana;VIA GIANFILIPPO USELLINI;da specificare;;;;prox. VIA DI ACILIA;Veicolo in marcia contro ostacolo accidentale;Rettilineo;Una carreggiata a doppio senso;Asciutto;Con buche;Assente;Sereno;Normale;Insufficiente;Inesistente;0;0;0;2;12.37888;41.77294;-1;1;Autovettura privata;In marcia / fermata / arresto;Conducente;M;Illeso;0;;Non accertato;Inesploso
3537296;13;03/11/2017 18:50;Strada Urbana;VIA GIANFILIPPO USELLINI;da specificare;;;;prox. VIA DI ACILIA;Veicolo in marcia contro ostacolo accidentale;Rettilineo;Una carreggiata a doppio senso;Asciutto;Con buche;Assente;Sereno;Normale;Insufficiente;Inesistente;0;0;0;2;12.37888;41.77294;-1;1;Autovettura privata;In marcia / fermata / arresto;Passeggero;M;Illeso;0;;Non accertato;Inesploso
3537321;12;03/11/2017 20:43;Strada Urbana;VIA CRISTOFORO COLOMBO;da specificare;;;;100 mt dopo p.le 25 marzo 1957 direz. Roma centro;Infortunio per sola frenata improvvisa;Rettilineo;Due carreggiate;Bagnato (pioggia);Asfaltata;Orizzontale;Nuvoloso;Normale;Buona;Sufficiente;0;0;0;1;12.49637;41.87316;-1;1;Autovettura privata;In marcia / fermata / arresto;Conducente;M;Illeso;0;;Utilizzato;Inesploso
3537532;8;03/11/2017 07:00;Provinciale entro l'abitato;VIA DI LUNGHEZZINA;da specificare;;;;a m 96,82 dal palo luce 216 dir. via di lunghezza;Fuoriuscita dalla sede stradale;Rettilineo;Una carreggiata a doppio senso;Bagnato (pioggia);Asfaltata;Orizzontale;Nuvoloso;Normale;Sufficiente;Ore Diurne;1;0;0;0;12.67819;41.92641;-1;1;Autovettura privata;In marcia / fermata / arresto;Conducente;M;Rimandato;0;NON DECEDUTO;Non accertato;Inesploso
3537534;8;03/11/2017 10:35;Strada Urbana;VIALE DUILIO CAMBELLOTTI;da specificare;;;;m 100 prima cavalcavia metro C dir. v.le oxford;Tamponamento Multiplo;Curva a visuale libera;Due carreggiate;Bagnato (pioggia);Asfaltata;Assente;Pioggia in atto;Normale;Sufficiente;Ore Diurne;3;0;0;1;12.62963;41.86736;-1;1;Autovettura privata;In marcia / fermata / arresto;Conducente;M;Illeso;0;;Non accertato;Inesploso
3537534;8;03/11/2017 10:35;Strada Urbana;VIALE DUILIO CAMBELLOTTI;da specificare;;;;m 100 prima cavalcavia metro C dir. v.le oxford;Tamponamento Multiplo;Curva a visuale libera;Due carreggiate;Bagnato (pioggia);Asfaltata;Assente;Pioggia in atto;Normale;Sufficiente;Ore Diurne;3;0;0;1;12.62963;41.86736;-1;2;Autovettura privata;In marcia / fermata / arresto;Conducente;F;Rifiuta cure immediate;0;NON DECEDUTO;Non accertato;Inesploso
3537534;8;03/11/2017 10:35;Strada Urbana;VIALE DUILIO CAMBELLOTTI;da specificare;;;;m 100 prima cavalcavia metro C dir. v.le oxford;Tamponamento Multiplo;Curva a visuale libera;Due carreggiate;Bagnato (pioggia);Asfaltata;Assente;Pioggia in atto;Normale;Sufficiente;Ore Diurne;3;0;0;1;12.62963;41.86736;-1;3;Autovettura privata;In marcia / fermata / arresto;Conducente;M;Rifiuta cure immediate;0;NON DECEDUTO;Non accertato;Inesploso
3537534;8;03/11/2017 10:35;Strada Urbana;VIALE DUILIO CAMBELLOTTI;da specificare;;;;m 100 prima cavalcavia metro C dir. v.le oxford;Tamponamento Multiplo;Curva a visuale libera;Due carreggiate;Bagnato (pioggia);Asfaltata;Assente;Pioggia in atto;Normale;Sufficiente;Ore Diurne;3;0;0;1;12.62963;41.86736;-1;4;Autovettura privata;In marcia / fermata / arresto;Conducente;M;Rifiuta cure immediate;0;NON DECEDUTO;Non accertato;Inesploso
3537536;8;03/11/2017 10:40;Strada Urbana;VIALE DUILIO CAMBELLOTTI;da specificare;;;;m 150 prima cavalcavia metro C dir. PTV;Tamponamento Multiplo;Curva senza visuale libera;Una carreggiata a senso unico di marcia;Bagnato (pioggia);Asfaltata;Verticale ed orizzontale;Pioggia in atto;Normale;Sufficiente;Ore Diurne;2;0;0;5;12.62663;41.8648;-1;1;Autovettura privata;In marcia / fermata / arresto;Conducente;M;Rifiuta cure immediate;0;NON DECEDUTO;Esente;Inesploso
3537536;8;03/11/2017 10:40;Strada Urbana;VIALE DUILIO CAMBELLOTTI;da specificare;;;;m 150 prima cavalcavia metro C dir. PTV;Tamponamento Multiplo;Curva senza visuale libera;Una carreggiata a senso unico di marcia;Bagnato (pioggia);Asfaltata;Verticale ed orizzontale;Pioggia in atto;Normale;Sufficiente;Ore Diurne;2;0;0;5;12.62663;41.8648;-1;2;Autovettura privata;In marcia / fermata / arresto;Conducente;M;Illeso;0;;Non accertato;Inesploso
3537536;8;03/11/2017 10:40;Strada Urbana;VIALE DUILIO CAMBELLOTTI;da specificare;;;;m 150 prima cavalcavia metro C dir. PTV;Tamponamento Multiplo;Curva senza visuale libera;Una carreggiata a senso unico di marcia;Bagnato (pioggia);Asfaltata;Verticale ed orizzontale;Pioggia in atto;Normale;Sufficiente;Ore Diurne;2;0;0;5;12.62663;41.8648;-1;3;Autovettura privata;In marcia / fermata / arresto;Conducente;M;Illeso;0;;Non accertato;Inesploso
3537536;8;03/11/2017 10:40;Strada Urbana;VIALE DUILIO CAMBELLOTTI;da specificare;;;;m 150 prima cavalcavia metro C dir. PTV;Tamponamento Multiplo;Curva senza visuale libera;Una carreggiata a senso unico di marcia;Bagnato (pioggia);Asfaltata;Verticale ed orizzontale;Pioggia in atto;Normale;Sufficiente;Ore Diurne;2;0;0;5;12.62663;41.8648;-1;3;Autovettura privata;In marcia / fermata / arresto;Passeggero;F;Rifiuta cure immediate;0;NON DECEDUTO;Non accertato;Inesploso
3537536;8;03/11/2017 10:40;Strada Urbana;VIALE DUILIO CAMBELLOTTI;da specificare;;;;m 150 prima cavalcavia metro C dir. PTV;Tamponamento Multiplo;Curva senza visuale libera;Una carreggiata a senso unico di marcia;Bagnato (pioggia);Asfaltata;Verticale ed orizzontale;Pioggia in atto;Normale;Sufficiente;Ore Diurne;2;0;0;5;12.62663;41.8648;-1;4;Autovettura privata;In marcia / fermata / arresto;Conducente;F;Illeso;0;;Non accertato;Inesploso
3537536;8;03/11/2017 10:40;Strada Urbana;VIALE DUILIO CAMBELLOTTI;da specificare;;;;m 150 prima cavalcavia metro C dir. PTV;Tamponamento Multiplo;Curva senza visuale libera;Una carreggiata a senso unico di marcia;Bagnato (pioggia);Asfaltata;Verticale ed orizzontale;Pioggia in atto;Normale;Sufficiente;Ore Diurne;2;0;0;5;12.62663;41.8648;-1;4;Autovettura privata;In marcia / fermata / arresto;Passeggero;F;Illeso;0;;Non accertato;Inesploso
3537536;8;03/11/2017 10:40;Strada Urbana;VIALE DUILIO CAMBELLOTTI;da specificare;;;;m 150 prima cavalcavia metro C dir. PTV;Tamponamento Multiplo;Curva senza visuale libera;Una carreggiata a senso unico di marcia;Bagnato (pioggia);Asfaltata;Verticale ed orizzontale;Pioggia in atto;Normale;Sufficiente;Ore Diurne;2;0;0;5;12.62663;41.8648;-1;5;Autovettura privata;In marcia / fermata / arresto;Conducente;M;Illeso;0;;Non accertato;Inesploso
3537537;8;03/11/2017 11:00;Strada Urbana;VIA SERRA PEDACE;all'intersezione con;VIA MERI;VIA MERI;;;Scontro frontale/laterale DX fra veicoli in marcia;Intersezione non regolata/non segnalata;Una carreggiata a doppio senso;Bagnato (pioggia);Asfaltata;Assente;Pioggia in atto;Normale;Buona;Ore Diurne;2;0;0;1;12.68746;41.86824;-1;1;Autovettura privata;In marcia / fermata / arresto;Conducente;M;Illeso;0;;Non accertato;Esploso
3537537;8;03/11/2017 11:00;Strada Urbana;VIA SERRA PEDACE;all'intersezione con;VIA MERI;VIA MERI;;;Scontro frontale/laterale DX fra veicoli in marcia;Intersezione non regolata/non segnalata;Una carreggiata a doppio senso;Bagnato (pioggia);Asfaltata;Assente;Pioggia in atto;Normale;Buona;Ore Diurne;2;0;0;1;12.68746;41.86824;-1;1;Autovettura privata;In marcia / fermata / arresto;Passeggero;F;Rifiuta cure immediate;0;NON DECEDUTO;Non accertato;Esploso
3537537;8;03/11/2017 11:00;Strada Urbana;VIA SERRA PEDACE;all'intersezione con;VIA MERI;VIA MERI;;;Scontro frontale/laterale DX fra veicoli in marcia;Intersezione non regolata/non segnalata;Una carreggiata a doppio senso;Bagnato (pioggia);Asfaltata;Assente;Pioggia in atto;Normale;Buona;Ore Diurne;2;0;0;1;12.68746;41.86824;-1;2;Autovettura privata;In marcia / fermata / arresto;Conducente;M;Rimandato;0;NON DECEDUTO;Non accertato;Esploso
3537539;8;03/11/2017 15:30;Strada Urbana;VIA MASSA DI SAN GIULIANO;in corrispondenza;;del civico n.;338;;Veicolo in marcia contro veicolo fermo;Rettilineo;Una carreggiata a doppio senso;Bagnato (pioggia);Asfaltata;Verticale ed orizzontale;Pioggia in atto;Normale;Buona;Ore Diurne;0;0;0;2;12.69034;41.90789;-1;1;Autobus di linea;In marcia / fermata / arresto;Conducente;M;Illeso;0;;Non accertato;Inesploso
3537539;8;03/11/2017 15:30;Strada Urbana;VIA MASSA DI SAN GIULIANO;in corrispondenza;;del civico n.;338;;Veicolo in marcia contro veicolo fermo;Rettilineo;Una carreggiata a doppio senso;Bagnato (pioggia);Asfaltata;Verticale ed orizzontale;Pioggia in atto;Normale;Buona;Ore Diurne;0;0;0;2;12.69034;41.90789;-1;2;Autovettura privata;In marcia / fermata / arresto;Conducente;M;Illeso;0;;Non accertato;Inesploso
3537540;8;03/11/2017 17:00;Statale entro l'abitato;VIA CASILINA;all'intersezione semaforizzata con;VIA DELL'AQUILA REALE;VIA DELL'AQUILA REALE;;;Scontro laterale fra veicoli in marcia;Intersezione semaforizzata;Una carreggiata a doppio senso;Bagnato (umidità in atto);Asfaltata;Verticale ed orizzontale;Nuvoloso;Normale;Buona;Ore Diurne;0;0;0;3;12.59691;41.86643;-1;1;Autovettura privata;In marcia / fermata / arresto;Conducente;M;Illeso;0;;Non accertato;Inesploso
3537540;8;03/11/2017 17:00;Statale entro l'abitato;VIA CASILINA;all'intersezione semaforizzata con;VIA DELL'AQUILA REALE;VIA DELL'AQUILA REALE;;;Scontro laterale fra veicoli in marcia;Intersezione semaforizzata;Una carreggiata a doppio senso;Bagnato (umidità in atto);Asfaltata;Verticale ed orizzontale;Nuvoloso;Normale;Buona;Ore Diurne;0;0;0;3;12.59691;41.86643;-1;2;Autocarro inferiore 35 q.;In marcia / fermata / arresto;Conducente;M;Illeso;0;;Non accertato;
3537540;8;03/11/2017 17:00;Statale entro l'abitato;VIA CASILINA;all'intersezione semaforizzata con;VIA DELL'AQUILA REALE;VIA DELL'AQUILA REALE;;;Scontro laterale fra veicoli in marcia;Intersezione semaforizzata;Una carreggiata a doppio senso;Bagnato (umidità in atto);Asfaltata;Verticale ed orizzontale;Nuvoloso;Normale;Buona;Ore Diurne;0;0;0;3;12.59691;41.86643;-1;2;Autocarro inferiore 35 q.;In marcia / fermata / arresto;Passeggero;M;Illeso;0;;Non accertato;Inesploso
3537542;8;03/11/2017 18:30;Strada Urbana;VIA CAMPO BRUNO;all'intersezione con;VIA DI PRATAPORCI;VIA DI PRATAPORCI;;;Scontro frontale/laterale DX fra veicoli in marcia;Incrocio;Una carreggiata a doppio senso;Bagnato (umidità in atto);Asfaltata;Verticale ed orizzontale;Nuvoloso;Normale;Sufficiente;Sufficiente;0;0;0;2;12.684;41.86037;-1;1;Autovettura privata;In marcia / fermata / arresto;Conducente;M;Illeso;0;;Non accertato;Inesploso
3537542;8;03/11/2017 18:30;Strada Urbana;VIA CAMPO BRUNO;all'intersezione con;VIA DI PRATAPORCI;VIA DI PRATAPORCI;;;Scontro frontale/laterale DX fra veicoli in marcia;Incrocio;Una carreggiata a doppio senso;Bagnato (umidità in atto);Asfaltata;Verticale ed orizzontale;Nuvoloso;Normale;Sufficiente;Sufficiente;0;0;0;2;12.684;41.86037;-1;2;Autovettura privata;In marcia / fermata / arresto;Conducente;M;Illeso;0;;Non accertato;Inesploso
3537544;8;03/11/2017 19:30;Strada Urbana;VIA DELLE RUPICOLE;da specificare;;;;fronte palo luce 90;Veicolo in marcia contro veicolo in sosta;Curva a visuale libera;Una carreggiata a doppio senso;Bagnato (umidità in atto);Asfaltata;Verticale ed orizzontale;Nuvoloso;Scarso;Sufficiente;Sufficiente;0;0;0;1;12.59436;41.86022;-1;2;Autocarro inferiore 35 q.;In marcia / fermata / arresto;Conducente;M;Illeso;0;;Non accertato;Inesploso
3537545;11;03/11/2017 15:20;Strada Urbana;VIA DEL PORTO FLUVIALE;da specificare;;;;in prossimità di Via delle Conce;Scontro laterale fra veicoli in marcia;Rettilineo;Una carreggiata a doppio senso;Bagnato (pioggia);Asfaltata;Verticale ed orizzontale;Pioggia in atto;Intenso;Buona;Ore Diurne;0;0;0;4;12.47861;41.87239;-1;1;Autovettura privata;In marcia / fermata / arresto;Conducente;M;Illeso;0;;Non accertato;
3537545;11;03/11/2017 15:20;Strada Urbana;VIA DEL PORTO FLUVIALE;da specificare;;;;in prossimità di Via delle Conce;Scontro laterale fra veicoli in marcia;Rettilineo;Una carreggiata a doppio senso;Bagnato (pioggia);Asfaltata;Verticale ed orizzontale;Pioggia in atto;Intenso;Buona;Ore Diurne;0;0;0;4;12.47861;41.87239;-1;1;Autovettura privata;In marcia / fermata / arresto;Passeggero;F;Illeso;0;;Non accertato;
3537545;11;03/11/2017 15:20;Strada Urbana;VIA DEL PORTO FLUVIALE;da specificare;;;;in prossimità di Via delle Conce;Scontro laterale fra veicoli in marcia;Rettilineo;Una carreggiata a doppio senso;Bagnato (pioggia);Asfaltata;Verticale ed orizzontale;Pioggia in atto;Intenso;Buona;Ore Diurne;0;0;0;4;12.47861;41.87239;-1;2;Autovettura privata;In marcia / fermata / arresto;Conducente;M;Illeso;0;;Non accertato;
3537545;11;03/11/2017 15:20;Strada Urbana;VIA DEL PORTO FLUVIALE;da specificare;;;;in prossimità di Via delle Conce;Scontro laterale fra veicoli in marcia;Rettilineo;Una carreggiata a doppio senso;Bagnato (pioggia);Asfaltata;Verticale ed orizzontale;Pioggia in atto;Intenso;Buona;Ore Diurne;0;0;0;4;12.47861;41.87239;-1;2;Autovettura privata;In marcia / fermata / arresto;Passeggero;F;Illeso;0;;Non accertato;
3537562;11;03/11/2017 11:45;Strada Urbana;VIA LAURENTINA;da specificare;;;;in corrispondenza del semaforo al civico 400;Scontro laterale fra veicoli in marcia;Rettilineo;Più di due carreggiate;Bagnato (pioggia);Asfaltata;Verticale ed orizzontale;Nuvoloso;Normale;Buona;Ore Diurne;0;0;0;3;12.48098;41.83463;-1;1;Autovettura privata;In marcia / fermata / arresto;Conducente;M;Illeso;0;;Non accertato;
3537562;11;03/11/2017 11:45;Strada Urbana;VIA LAURENTINA;da specificare;;;;in corrispondenza del semaforo al civico 400;Scontro laterale fra veicoli in marcia;Rettilineo;Più di due carreggiate;Bagnato (pioggia);Asfaltata;Verticale ed orizzontale;Nuvoloso;Normale;Buona;Ore Diurne;0;0;0;3;12.48098;41.83463;-1;1;Autovettura privata;In marcia / fermata / arresto;Passeggero;F;Illeso;0;;Non accertato;
3537562;11;03/11/2017 11:45;Strada Urbana;VIA LAURENTINA;da specificare;;;;in corrispondenza del semaforo al civico 400;Scontro laterale fra veicoli in marcia;Rettilineo;Più di due carreggiate;Bagnato (pioggia);Asfaltata;Verticale ed orizzontale;Nuvoloso;Normale;Buona;Ore Diurne;0;0;0;3;12.48098;41.83463;-1;2;Autovettura privata;In marcia / fermata / arresto;Conducente;F;Illeso;0;;Non accertato;
3537571;3;03/11/2017 06:25;Strada Urbana;VIALE DELLO SCALO S. LORENZO;da specificare;;;;FC.77;Tamponamento;Rettilineo;Una carreggiata a doppio senso;Bagnato (umidità in atto);Asfaltata;Verticale ed orizzontale;Nuvoloso;Intenso;Buona;Ore Diurne;1;0;0;1;12.5204;41.89671;-1;1;Autovettura privata;In marcia / fermata / arresto;Conducente;M;Illeso;0;;Non accertato;Inesploso
3537571;3;03/11/2017 06:25;Strada Urbana;VIALE DELLO SCALO S. LORENZO;da specificare;;;;FC.77;Tamponamento;Rettilineo;Una carreggiata a doppio senso;Bagnato (umidità in atto);Asfaltata;Verticale ed orizzontale;Nuvoloso;Intenso;Buona;Ore Diurne;1;0;0;1;12.5204;41.89671;-1;2;Motociclo a solo;In marcia / fermata / arresto;Conducente;F;Rimandato;0;NON DECEDUTO;;
3537581;3;03/11/2017 09:05;Strada Urbana;PIAZZA BOLOGNA;in prossimità;;del civico n.;2A;;Veicolo in marcia contro veicolo fermo;Rotatoria;Una carreggiata a senso unico di marcia;Bagnato (pioggia);Asfaltata;Verticale ed orizzontale;Pioggia in atto;Normale;Buona;Ore Diurne;1;0;0;1;12.52169;41.91368;-1;1;Autovettura privata;In marcia / fermata / arresto;Conducente;F;Illeso;0;;Non accertato;
3537581;3;03/11/2017 09:05;Strada Urbana;PIAZZA BOLOGNA;in prossimità;;del civico n.;2A;;Veicolo in marcia contro veicolo fermo;Rotatoria;Una carreggiata a senso unico di marcia;Bagnato (pioggia);Asfaltata;Verticale ed orizzontale;Pioggia in atto;Normale;Buona;Ore Diurne;1;0;0;1;12.52169;41.91368;-1;2;Motociclo a solo;In marcia / fermata / arresto;Conducente;F;Ricoverato;0;NON DECEDUTO;Non accertato;
3537590;3;03/11/2017 09:10;Strada Urbana;PIAZZA BOLOGNA;in corrispondenza;;del civico n.;2:00 AM;;Veicolo in marcia contro ostacolo accidentale;Rettilineo;Una carreggiata a senso unico di marcia;Bagnato (pioggia);Asfaltata;Verticale ed orizzontale;Pioggia in atto;Normale;Buona;Ore Diurne;0;0;0;1;12.52169;41.91368;-1;1;Autovettura pubblica;In marcia / fermata / arresto;Conducente;M;Illeso;0;;Non accertato;
3537597;11;03/11/2017 11:20;Strada Urbana;VIALE PICO DELLA MIRANDOLA;in corrispondenza;;del civico n.;36;;Investimento di pedone;Rettilineo;Due carreggiate;Bagnato (pioggia);Asfaltata;Verticale ed orizzontale;Pioggia in atto;Normale;Buona;Ore Diurne;1;0;0;2;12.48607;41.84635;-1;;;;Pedone;M;Rimandato;0;NON DECEDUTO;;
3537597;11;03/11/2017 11:20;Strada Urbana;VIALE PICO DELLA MIRANDOLA;in corrispondenza;;del civico n.;36;;Investimento di pedone;Rettilineo;Due carreggiate;Bagnato (pioggia);Asfaltata;Verticale ed orizzontale;Pioggia in atto;Normale;Buona;Ore Diurne;1;0;0;2;12.48607;41.84635;-1;1;Autovettura privata;In marcia / fermata / arresto;Conducente;M;Illeso;0;;Non accertato;
3537597;11;03/11/2017 11:20;Strada Urbana;VIALE PICO DELLA MIRANDOLA;in corrispondenza;;del civico n.;36;;Investimento di pedone;Rettilineo;Due carreggiate;Bagnato (pioggia);Asfaltata;Verticale ed orizzontale;Pioggia in atto;Normale;Buona;Ore Diurne;1;0;0;2;12.48607;41.84635;-1;1;Autovettura privata;In marcia / fermata / arresto;Passeggero;F;Illeso;0;;Non accertato;
3537648;11;03/11/2017 09:30;Strada Urbana;VIA ARDEATINA;da specificare;;;;altezza Vicolo dell'Annunziatella;Tamponamento;Rettilineo;Una carreggiata a doppio senso;Bagnato (pioggia);Asfaltata;Verticale ed orizzontale;Pioggia in atto;Normale;Buona;Ore Diurne;0;0;0;2;12.51557;41.84417;-1;1;Autovettura privata;In marcia / fermata / arresto;Conducente;F;Illeso;0;;Non accertato;
3537648;11;03/11/2017 09:30;Strada Urbana;VIA ARDEATINA;da specificare;;;;altezza Vicolo dell'Annunziatella;Tamponamento;Rettilineo;Una carreggiata a doppio senso;Bagnato (pioggia);Asfaltata;Verticale ed orizzontale;Pioggia in atto;Normale;Buona;Ore Diurne;0;0;0;2;12.51557;41.84417;-1;2;Autovettura privata;In marcia / fermata / arresto;Conducente;M;Illeso;0;;Non accertato;
3537675;11;03/11/2017 09:10;Strada Urbana;VIA TEMISTOCLE CALZECCHI ONESTI;in corrispondenza;;del civico n.;30;;Veicoli in marcia contro veicolo fermo;Rettilineo;Due carreggiate;Bagnato (pioggia);Asfaltata;Verticale ed orizzontale;Pioggia in atto;Normale;Buona;Ore Diurne;0;0;0;6;12.49175;41.93758;-1;1;Autovettura privata;In marcia / fermata / arresto;Conducente;M;Illeso;0;;Non accertato;
3537675;11;03/11/2017 09:10;Strada Urbana;VIA TEMISTOCLE CALZECCHI ONESTI;in corrispondenza;;del civico n.;30;;Veicoli in marcia contro veicolo fermo;Rettilineo;Due carreggiate;Bagnato (pioggia);Asfaltata;Verticale ed orizzontale;Pioggia in atto;Normale;Buona;Ore Diurne;0;0;0;6;12.49175;41.93758;-1;1;Autovettura privata;In marcia / fermata / arresto;Passeggero;M;Illeso;0;;;
3537675;11;03/11/2017 09:10;Strada Urbana;VIA TEMISTOCLE CALZECCHI ONESTI;in corrispondenza;;del civico n.;30;;Veicoli in marcia contro veicolo fermo;Rettilineo;Due carreggiate;Bagnato (pioggia);Asfaltata;Verticale ed orizzontale;Pioggia in atto;Normale;Buona;Ore Diurne;0;0;0;6;12.49175;41.93758;-1;1;Autovettura privata;In marcia / fermata / arresto;Passeggero;F;Illeso;0;;;
3537675;11;03/11/2017 09:10;Strada Urbana;VIA TEMISTOCLE CALZECCHI ONESTI;in corrispondenza;;del civico n.;30;;Veicoli in marcia contro veicolo fermo;Rettilineo;Due carreggiate;Bagnato (pioggia);Asfaltata;Verticale ed orizzontale;Pioggia in atto;Normale;Buona;Ore Diurne;0;0;0;6;12.49175;41.93758;-1;2;Autovettura privata;In marcia / fermata / arresto;Conducente;M;Illeso;0;;Non accertato;
3537675;11;03/11/2017 09:10;Strada Urbana;VIA TEMISTOCLE CALZECCHI ONESTI;in corrispondenza;;del civico n.;30;;Veicoli in marcia contro veicolo fermo;Rettilineo;Due carreggiate;Bagnato (pioggia);Asfaltata;Verticale ed orizzontale;Pioggia in atto;Normale;Buona;Ore Diurne;0;0;0;6;12.49175;41.93758;-1;2;Autovettura privata;In marcia / fermata / arresto;Passeggero;M;Illeso;0;;;
3537675;11;03/11/2017 09:10;Strada Urbana;VIA TEMISTOCLE CALZECCHI ONESTI;in corrispondenza;;del civico n.;30;;Veicoli in marcia contro veicolo fermo;Rettilineo;Due carreggiate;Bagnato (pioggia);Asfaltata;Verticale ed orizzontale;Pioggia in atto;Normale;Buona;Ore Diurne;0;0;0;6;12.49175;41.93758;-1;3;Autovettura privata;In marcia / fermata / arresto;Conducente;F;Illeso;0;;Non accertato;
3537676;8;03/11/2017 11:00;Strada Urbana;VIA POLENSE;da specificare;;;;fronte via cavuccio;Fuoriuscita dalla sede stradale;Curva senza visuale libera;Una carreggiata a doppio senso;Bagnato (pioggia);Asfaltata;Orizzontale;Nuvoloso;Normale;Buona;Ore Diurne;1;0;0;0;12.70311;41.8955;-1;1;Autovettura privata;In marcia / fermata / arresto;Conducente;F;Rimandato;0;NON DECEDUTO;Non accertato;Inesploso
3537681;17;03/11/2017 05:45;Strada Urbana;VIALE VATICANO;in corrispondenza;;del civico n.;42;;Veicolo in marcia contro ostacolo fisso;Rettilineo;Una carreggiata a doppio senso;Bagnato (pioggia);Asfaltata;Verticale ed orizzontale;Nuvoloso;Scarso;Sufficiente;Sufficiente;1;0;0;0;12.44567;41.90188;-1;1;Autovettura privata;In marcia / fermata / arresto;Conducente;F;Rimandato;0;NON DECEDUTO;;
3537695;11;03/11/2017 08:30;Strada Urbana;VIA CRISTOFORO COLOMBO;in corrispondenza;;del civico n.;454;;Scontro frontale/laterale DX fra veicoli in marcia;Rettilineo;Più di due carreggiate;Bagnato (pioggia);Asfaltata;Verticale ed orizzontale;Pioggia in atto;Normale;Buona;Ore Diurne;1;0;0;1;12.48484;41.85061;-1;1;Autovettura privata;In marcia / fermata / arresto;Conducente;M;Illeso;0;;Non accertato;
3537695;11;03/11/2017 08:30;Strada Urbana;VIA CRISTOFORO COLOMBO;in corrispondenza;;del civico n.;454;;Scontro frontale/laterale DX fra veicoli in marcia;Rettilineo;Più di due carreggiate;Bagnato (pioggia);Asfaltata;Verticale ed orizzontale;Pioggia in atto;Normale;Buona;Ore Diurne;1;0;0;1;12.48484;41.85061;-1;2;Motociclo con passeggero;In marcia / fermata / arresto;Conducente;M;Rifiuta cure immediate;0;NON DECEDUTO;Non accertato;
3537708;17;03/11/2017 06:20;Strada Urbana;LUNGOTEVERE GUGLIELMO OBERDAN;all'intersezione semaforizzata con;PONTE DEL RISORGIMENTO;PONTE DEL RISORGIMENTO;;;Scontro frontale/laterale SX fra veicoli in marcia;Intersezione semaforizzata;Una carreggiata a senso unico di marcia;Asciutto;Asfaltata;Verticale ed orizzontale;Nuvoloso;Normale;Buona;Sufficiente;0;0;0;2;12.46966;41.91909;-1;1;Autovettura privata;In marcia / fermata / arresto;Conducente;F;Illeso;0;;Non accertato;Inesploso
3537708;17;03/11/2017 06:20;Strada Urbana;LUNGOTEVERE GUGLIELMO OBERDAN;all'intersezione semaforizzata con;PONTE DEL RISORGIMENTO;PONTE DEL RISORGIMENTO;;;Scontro frontale/laterale SX fra veicoli in marcia;Intersezione semaforizzata;Una carreggiata a senso unico di marcia;Asciutto;Asfaltata;Verticale ed orizzontale;Nuvoloso;Normale;Buona;Sufficiente;0;0;0;2;12.46966;41.91909;-1;2;Autovettura privata;In marcia / fermata / arresto;Conducente;M;Illeso;0;;;
3537717;19;03/11/2017 09:15;Strada Urbana;VIA FEDERICO BORROMEO;in prossimità;;del civico n.;67;;Investimento di pedone;Rettilineo;Una carreggiata a doppio senso;Asciutto;Asfaltata;Assente;Sereno;Scarso;Buona;Ore Diurne;2;0;0;0;12.41473;41.91876;-1;;;;Pedone;F;Rimandato;0;NON DECEDUTO;;
3537717;19;03/11/2017 09:15;Strada Urbana;VIA FEDERICO BORROMEO;in prossimità;;del civico n.;67;;Investimento di pedone;Rettilineo;Una carreggiata a doppio senso;Asciutto;Asfaltata;Assente;Sereno;Scarso;Buona;Ore Diurne;2;0;0;0;12.41473;41.91876;-1;1;Autovettura privata;In marcia / fermata / arresto;Conducente;M;Rifiuta cure immediate;0;NON DECEDUTO;;
3537720;13;03/11/2017 16:20;Strada Urbana;VIALE DEI ROMAGNOLI;da specificare;;;;in prossimità di via F. Donati;Tamponamento Multiplo;Rettilineo;Una carreggiata a doppio senso;Asciutto;Asfaltata;Orizzontale;Sole radente;Normale;Buona;Ore Diurne;0;0;0;5;12.32241;41.76913;-1;1;Autovettura privata;In marcia / fermata / arresto;Conducente;M;Illeso;0;;Non accertato;Inesploso
3537720;13;03/11/2017 16:20;Strada Urbana;VIALE DEI ROMAGNOLI;da specificare;;;;in prossimità di via F. Donati;Tamponamento Multiplo;Rettilineo;Una carreggiata a doppio senso;Asciutto;Asfaltata;Orizzontale;Sole radente;Normale;Buona;Ore Diurne;0;0;0;5;12.32241;41.76913;-1;2;Autovettura privata;In marcia / fermata / arresto;Conducente;F;Illeso;0;;Non accertato;Inesploso