Protocollo;Gruppo;DataOraIncidente;Localizzazione1;STRADA1;Localizzazione2;STRADA2;Strada02;Chilometrica;DaSpecificare;NaturaIncidente;particolaritastrade;TipoStrada;FondoStradale;Pavimentazione;Segnaletica;CondizioneAtmosferica;Traffico;Visibilita;Illuminazione;NUM_FERITI;NUM_RISERVATA;NUM_MORTI;NUM_ILLESI;Longitudine;Latitudine;Confermato;Progressivo;TipoVeicolo;StatoVeicolo;TipoPersona;Sesso;Tipolesione;Deceduto;DecedutoDopo;CinturaCascoUtilizzato;Airbag
3540246;16;04/11/2017 20:20;Strada Urbana;VIA AURELIA ANTICA;in prossimità;;del civico n.;200;;Scontro frontale/laterale DX fra veicoli in marcia;Rettilineo;Una carreggiata a doppio senso;Asciutto;Asfaltata;Assente;Sereno;Normale;Sufficiente;Sufficiente;1;0;0;2;12.44362;41.88915;-1;1;Autovettura privata;In marcia / fermata / arresto;Passeggero;F;Illeso;0;;Non accertato;Inesploso
3540246;16;04/11/2017 20:20;Strada Urbana;VIA AURELIA ANTICA;in prossimità;;del civico n.;200;;Scontro frontale/laterale DX fra veicoli in marcia;Rettilineo;Una carreggiata a doppio senso;Asciutto;Asfaltata;Assente;Sereno;Normale;Sufficiente;Sufficiente;1;0;0;2;12.44362;41.88915;-1;2;Motociclo a solo;In marcia / fermata / arresto;Conducente;M;Rifiuta cure immediate;0;NON DECEDUTO;Non accertato;
3540252;4;05/11/2017 11:50;Strada Urbana;VIALE LINA CAVALIERI;all'intersezione semaforizzata con;VIA PIAN DI SCO;VIA PIAN DI SCO;;;Scontro frontale/laterale DX fra veicoli in marcia;Intersezione semaforizzata;Una carreggiata a doppio senso;Asciutto;Asfaltata;Verticale ed orizzontale;Nuvoloso;Normale;Buona;Ore Diurne;0;0;0;4;12.5191;41.96482;-1;1;Autovettura privata;In marcia / fermata / arresto;Conducente;F;Illeso;0;;;
3540252;4;05/11/2017 11:50;Strada Urbana;VIALE LINA CAVALIERI;all'intersezione semaforizzata con;VIA PIAN DI SCO;VIA PIAN DI SCO;;;Scontro frontale/laterale DX fra veicoli in marcia;Intersezione semaforizzata;Una carreggiata a doppio senso;Asciutto;Asfaltata;Verticale ed orizzontale;Nuvoloso;Normale;Buona;Ore Diurne;0;0;0;4;12.5191;41.96482;-1;1;Autovettura privata;In marcia / fermata / arresto;Passeggero;M;Illeso;0;;;
3540252;4;05/11/2017 11:50;Strada Urbana;VIALE LINA CAVALIERI;all'intersezione semaforizzata con;VIA PIAN DI SCO;VIA PIAN DI SCO;;;Scontro frontale/laterale DX fra veicoli in marcia;Intersezione semaforizzata;Una carreggiata a doppio senso;Asciutto;Asfaltata;Verticale ed orizzontale;Nuvoloso;Normale;Buona;Ore Diurne;0;0;0;4;12.5191;41.96482;-1;1;Autovettura privata;In marcia / fermata / arresto;Passeggero;F;Illeso;0;;;
3540252;4;05/11/2017 11:50;Strada Urbana;VIALE LINA CAVALIERI;all'intersezione semaforizzata con;VIA PIAN DI SCO;VIA PIAN DI SCO;;;Scontro frontale/laterale DX fra veicoli in marcia;Intersezione semaforizzata;Una carreggiata a doppio senso;Asciutto;Asfaltata;Verticale ed orizzontale;Nuvoloso;Normale;Buona;Ore Diurne;0;0;0;4;12.5191;41.96482;-1;2;Autovettura privata;In marcia / fermata / arresto;Conducente;M;Illeso;0;;;
3540255;4;04/11/2017 15:30;Strada Urbana;VIA RENATO FUCINI;in prossimità;;del civico n.;58;;Veicolo in marcia contro veicolo in sosta;Rettilineo;Due carreggiate;Asciutto;Asfaltata;Assente;Sereno;Normale;Buona;Ore Diurne;0;0;0;5;12.5465;41.95201;-1;;;;Pedone;F;Illeso;0;;;
3540255;4;04/11/2017 15:30;Strada Urbana;VIA RENATO FUCINI;in prossimità;;del civico n.;58;;Veicolo in marcia contro veicolo in sosta;Rettilineo;Due carreggiate;Asciutto;Asfaltata;Assente;Sereno;Normale;Buona;Ore Diurne;0;0;0;5;12.5465;41.95201;-1;1;Autocarro inferiore 35 q.;In marcia / fermata / arresto;Conducente;M;Illeso;0;;Non accertato;
3540255;4;04/11/2017 15:30;Strada Urbana;VIA RENATO FUCINI;in prossimità;;del civico n.;58;;Veicolo in marcia contro veicolo in sosta;Rettilineo;Due carreggiate;Asciutto;Asfaltata;Assente;Sereno;Normale;Buona;Ore Diurne;0;0;0;5;12.5465;41.95201;-1;2;Autovettura privata;In marcia / fermata / arresto;Conducente;M;Illeso;0;;;
3540255;4;04/11/2017 15:30;Strada Urbana;VIA RENATO FUCINI;in prossimità;;del civico n.;58;;Veicolo in marcia contro veicolo in sosta;Rettilineo;Due carreggiate;Asciutto;Asfaltata;Assente;Sereno;Normale;Buona;Ore Diurne;0;0;0;5;12.5465;41.95201;-1;2;Autovettura privata;In marcia / fermata / arresto;Passeggero;F;Illeso;0;;Non accertato;Inesploso
3540255;4;04/11/2017 15:30;Strada Urbana;VIA RENATO FUCINI;in prossimità;;del civico n.;58;;Veicolo in marcia contro veicolo in sosta;Rettilineo;Due carreggiate;Asciutto;Asfaltata;Assente;Sereno;Normale;Buona;Ore Diurne;0;0;0;5;12.5465;41.95201;-1;2;Autovettura privata;In marcia / fermata / arresto;Passeggero;F;Illeso;0;;Non accertato;
3540266;12;03/11/2017 15:40;Strada Urbana;VIALE BEATA VERGINE DEL CARMELO;in corrispondenza;;del civico n.;32;;Investimento di pedone;Rettilineo;Una carreggiata a doppio senso;Asciutto;Asfaltata;Verticale ed orizzontale;Nuvoloso;Normale;Buona;Ore Diurne;0;0;0;2;12.43787;41.80688;-1;;;;Pedone;M;Illeso;0;;;
3540266;12;03/11/2017 15:40;Strada Urbana;VIALE BEATA VERGINE DEL CARMELO;in corrispondenza;;del civico n.;32;;Investimento di pedone;Rettilineo;Una carreggiata a doppio senso;Asciutto;Asfaltata;Verticale ed orizzontale;Nuvoloso;Normale;Buona;Ore Diurne;0;0;0;2;12.43787;41.80688;-1;1;Autovettura privata;In marcia / fermata / arresto;Conducente;M;Illeso;0;;Non accertato;Inesploso
3540290;4;04/11/2017 13:05;Strada Urbana;VIA GIUSEPPE DE SANTIS;da specificare;;;;fronte civico 31;Tamponamento;Rettilineo;Una carreggiata a doppio senso;Asciutto;Asfaltata;Verticale ed orizzontale;Sereno;Normale;Buona;Ore Diurne;0;0;0;2;12.53764;41.96554;-1;1;Autovettura privata;In marcia / fermata / arresto;Conducente;M;Illeso;0;;;
3540290;4;04/11/2017 13:05;Strada Urbana;VIA GIUSEPPE DE SANTIS;da specificare;;;;fronte civico 31;Tamponamento;Rettilineo;Una carreggiata a doppio senso;Asciutto;Asfaltata;Verticale ed orizzontale;Sereno;Normale;Buona;Ore Diurne;0;0;0;2;12.53764;41.96554;-1;2;Autovettura privata;In marcia / fermata / arresto;Conducente;M;Illeso;0;;;
3540305;16;05/11/2017 00:05;Strada Urbana;VIA DEL FOSSO DI BRAVETTA;in prossimità;;del civico n.;24;;Veicolo in marcia contro veicoli in sosta;Rettilineo;Una carreggiata a doppio senso;Asciutto;Asfaltata;Orizzontale;Sereno;Scarso;Buona;Sufficiente;0;0;0;1;12.41495;41.8736;-1;1;Autovettura privata;In marcia / fermata / arresto;Conducente;M;Illeso;0;;Non accertato;
3540318;4;04/11/2017 08:50;Strada Urbana;VIA RENATO FUCINI;all'intersezione semaforizzata con;VIA LUDOVICO DI BREME;VIA LUDOVICO DI BREME;;;Scontro frontale/laterale DX fra veicoli in marcia;Intersezione semaforizzata;Due carreggiate;Bagnato (umidità in atto);Asfaltata;Verticale ed orizzontale;Sereno;Normale;Buona;Ore Diurne;0;0;0;2;12.54946;41.94985;-1;1;Autovettura privata;In marcia / fermata / arresto;Conducente;F;Illeso;0;;;Esploso
3540318;4;04/11/2017 08:50;Strada Urbana;VIA RENATO FUCINI;all'intersezione semaforizzata con;VIA LUDOVICO DI BREME;VIA LUDOVICO DI BREME;;;Scontro frontale/laterale DX fra veicoli in marcia;Intersezione semaforizzata;Due carreggiate;Bagnato (umidità in atto);Asfaltata;Verticale ed orizzontale;Sereno;Normale;Buona;Ore Diurne;0;0;0;2;12.54946;41.94985;-1;2;Autovettura privata;In marcia / fermata / arresto;Conducente;F;Illeso;0;;;Inesploso
3540331;6;06/11/2017 11:30;Strada Urbana;VIALE IRPINIA;in corrispondenza;;del civico n.;10;;Scontro laterale fra veicoli in marcia;Rettilineo;Una carreggiata a senso unico di marcia;Asciutto;Asfaltata;Orizzontale;Nuvoloso;Normale;Buona;Ore Diurne;0;0;0;3;12.54929;41.89276;-1;1;Autovettura privata;In marcia / fermata / arresto;Passeggero;F;Illeso;0;;;
3540331;6;06/11/2017 11:30;Strada Urbana;VIALE IRPINIA;in corrispondenza;;del civico n.;10;;Scontro laterale fra veicoli in marcia;Rettilineo;Una carreggiata a senso unico di marcia;Asciutto;Asfaltata;Orizzontale;Nuvoloso;Normale;Buona;Ore Diurne;0;0;0;3;12.54929;41.89276;-1;1;Autovettura privata;In marcia / fermata / arresto;Conducente;M;Illeso;0;;Non accertato;Inesploso
3540331;6;06/11/2017 11:30;Strada Urbana;VIALE IRPINIA;in corrispondenza;;del civico n.;10;;Scontro laterale fra veicoli in marcia;Rettilineo;Una carreggiata a senso unico di marcia;Asciutto;Asfaltata;Orizzontale;Nuvoloso;Normale;Buona;Ore Diurne;0;0;0;3;12.54929;41.89276;-1;2;Autocarro inferiore 35 q.;In marcia / fermata / arresto;Conducente;M;Illeso;0;;Non accertato;Inesploso
3540345;10;05/11/2017 21:45;Strada Urbana;VIA ANAGNINA;all'intersezione con;VIA DELLA MOLA CAVONA;VIA DELLA MOLA CAVONA;;;Scontro frontale fra veicoli in marcia;Intersezione semaforizzata;Una carreggiata a doppio senso;Bagnato (pioggia);Asfaltata;Verticale ed orizzontale;Nuvoloso;Scarso;Sufficiente;Sufficiente;0;0;0;3;12.63682;41.80363;-1;1;Autovettura privata;In marcia / fermata / arresto;Conducente;M;Illeso;0;;Non accertato;Inesploso
3540345;10;05/11/2017 21:45;Strada Urbana;VIA ANAGNINA;all'intersezione con;VIA DELLA MOLA CAVONA;VIA DELLA MOLA CAVONA;;;Scontro frontale fra veicoli in marcia;Intersezione semaforizzata;Una carreggiata a doppio senso;Bagnato (pioggia);Asfaltata;Verticale ed orizzontale;Nuvoloso;Scarso;Sufficiente;Sufficiente;0;0;0;3;12.63682;41.80363;-1;2;Autovettura privata;In marcia / fermata / arresto;Conducente;M;Illeso;0;;Non accertato;Inesploso
3540345;10;05/11/2017 21:45;Strada Urbana;VIA ANAGNINA;all'intersezione con;VIA DELLA MOLA CAVONA;VIA DELLA MOLA CAVONA;;;Scontro frontale fra veicoli in marcia;Intersezione semaforizzata;Una carreggiata a doppio senso;Bagnato (pioggia);Asfaltata;Verticale ed orizzontale;Nuvoloso;Scarso;Sufficiente;Sufficiente;0;0;0;3;12.63682;41.80363;-1;2;Autovettura privata;In marcia / fermata / arresto;Passeggero;M;Illeso;0;;Non accertato;Inesploso
3540349;9;06/11/2017 08:55;Strada Urbana;PIAZZA ZAMA;da specificare;;;;in prossimità VIA SIRIA;Scontro laterale fra veicoli in marcia;Rotatoria;Una carreggiata a senso unico di marcia;Bagnato (umidità in atto);Asfaltata;Verticale ed orizzontale;Nuvoloso;Normale;Buona;Ore Diurne;0;0;0;2;12.51031;41.87589;-1;1;Autocarro inferiore 35 q.;In marcia / fermata / arresto;Conducente;M;Illeso;0;;Non accertato;Inesploso
3540349;9;06/11/2017 08:55;Strada Urbana;PIAZZA ZAMA;da specificare;;;;in prossimità VIA SIRIA;Scontro laterale fra veicoli in marcia;Rotatoria;Una carreggiata a senso unico di marcia;Bagnato (umidità in atto);Asfaltata;Verticale ed orizzontale;Nuvoloso;Normale;Buona;Ore Diurne;0;0;0;2;12.51031;41.87589;-1;2;Autovettura privata;In marcia / fermata / arresto;Conducente;F;Illeso;0;;Non accertato;Inesploso
3540361;4;05/11/2017 23:25;Strada Urbana;VIA DELLA BUFALOTTA;all'intersezione con;VIA DELLA CECCHINA;VIA DELLA CECCHINA;;;Veicolo in marcia contro ostacolo fisso;Intersezione stradale segnalata;Una carreggiata a doppio senso;Bagnato (umidità in atto);Asfaltata;Verticale ed orizzontale;Sereno;Scarso;Buona;Sufficiente;0;0;0;1;12.54983;41.96743;-1;1;Autovettura privata;In marcia / fermata / arresto;Conducente;M;Illeso;0;;;
3540369;3;04/11/2017 21:10;Strada Urbana;VIA PINCIANA;all'intersezione semaforizzata con;VIA GIACOMO PUCCINI;VIA GIACOMO PUCCINI;;;Scontro frontale fra veicoli in marcia;Intersezione semaforizzata;Due carreggiate;Asciutto;Asfaltata;Verticale ed orizzontale;Nuvoloso;Scarso;Sufficiente;Sufficiente;1;0;0;1;12.49234;41.91222;-1;1;Autovettura privata;In marcia / fermata / arresto;Conducente;M;Illeso;0;;Non accertato;Inesploso
3540369;3;04/11/2017 21:10;Strada Urbana;VIA PINCIANA;all'intersezione semaforizzata con;VIA GIACOMO PUCCINI;VIA GIACOMO PUCCINI;;;Scontro frontale fra veicoli in marcia;Intersezione semaforizzata;Due carreggiate;Asciutto;Asfaltata;Verticale ed orizzontale;Nuvoloso;Scarso;Sufficiente;Sufficiente;1;0;0;1;12.49234;41.91222;-1;2;Quadriciclo leggero;In marcia / fermata / arresto;Conducente;M;Rimandato;0;NON DECEDUTO;Non accertato;Inesploso
3540373;10;06/11/2017 02:30;Strada Urbana;VIA TUSCOLANA;in corrispondenza;;del civico n.;1554;;Scontro frontale/laterale DX fra veicoli in marcia;Rettilineo;Due carreggiate;Bagnato (umidità in atto);Asfaltata;Verticale ed orizzontale;Nuvoloso;Scarso;Sufficiente;Sufficiente;1;0;0;1;12.57269;41.85028;-1;1;Autobus di linea;In marcia / fermata / arresto;Conducente;M;Illeso;0;;;
3540373;10;06/11/2017 02:30;Strada Urbana;VIA TUSCOLANA;in corrispondenza;;del civico n.;1554;;Scontro frontale/laterale DX fra veicoli in marcia;Rettilineo;Due carreggiate;Bagnato (umidità in atto);Asfaltata;Verticale ed orizzontale;Nuvoloso;Scarso;Sufficiente;Sufficiente;1;0;0;1;12.57269;41.85028;-1;2;Autovettura privata;In marcia / fermata / arresto;Conducente;M;Rimandato;0;NON DECEDUTO;;
3540405;12;04/11/2017 10:15;Strada Urbana;PIAZZALE LUIGI STURZO;da specificare;;;;fronte Via Liszt;Scontro frontale/laterale SX fra veicoli in marcia;Rettilineo;Una carreggiata a doppio senso;Asciutto;Asfaltata;Verticale ed orizzontale;Sereno;Normale;Buona;Ore Diurne;1;0;0;2;12.46703;41.8347;-1;1;Autovettura privata;In marcia / fermata / arresto;Conducente;F;Illeso;0;;Non accertato;Esploso
3540405;12;04/11/2017 10:15;Strada Urbana;PIAZZALE LUIGI STURZO;da specificare;;;;fronte Via Liszt;Scontro frontale/laterale SX fra veicoli in marcia;Rettilineo;Una carreggiata a doppio senso;Asciutto;Asfaltata;Verticale ed orizzontale;Sereno;Normale;Buona;Ore Diurne;1;0;0;2;12.46703;41.8347;-1;1;Autovettura privata;In marcia / fermata / arresto;Passeggero;M;Rimandato;0;NON DECEDUTO;Non accertato;Inesploso
3540405;12;04/11/2017 10:15;Strada Urbana;PIAZZALE LUIGI STURZO;da specificare;;;;fronte Via Liszt;Scontro frontale/laterale SX fra veicoli in marcia;Rettilineo;Una carreggiata a doppio senso;Asciutto;Asfaltata;Verticale ed orizzontale;Sereno;Normale;Buona;Ore Diurne;1;0;0;2;12.46703;41.8347;-1;2;Autovettura privata;In marcia / fermata / arresto;Conducente;F;Illeso;0;;Non accertato;Esploso
3540411;13;02/11/2017 14:30;Strada Urbana;LUNGOMARE PAOLO TOSCANELLI;in corrispondenza;;del civico n.;96;;Veicolo in marcia contro veicolo in sosta;Rettilineo;Due carreggiate;Asciutto;Asfaltata;Verticale ed orizzontale;Sereno;Normale;Buona;Ore Diurne;0;0;0;3;12.2774;41.72955;-1;2;Autocarro inferiore 35 q.;In marcia / fermata / arresto;Conducente;M;Illeso;0;;Non accertato;Inesploso
3540411;13;02/11/2017 14:30;Strada Urbana;LUNGOMARE PAOLO TOSCANELLI;in corrispondenza;;del civico n.;96;;Veicolo in marcia contro veicolo in sosta;Rettilineo;Due carreggiate;Asciutto;Asfaltata;Verticale ed orizzontale;Sereno;Normale;Buona;Ore Diurne;0;0;0;3;12.2774;41.72955;-1;3;Autovettura privata;In marcia / fermata / arresto;Conducente;M;Illeso;0;;Non accertato;Inesploso
3540411;13;02/11/2017 14:30;Strada Urbana;LUNGOMARE PAOLO TOSCANELLI;in corrispondenza;;del civico n.;96;;Veicolo in marcia contro veicolo in sosta;Rettilineo;Due carreggiate;Asciutto;Asfaltata;Verticale ed orizzontale;Sereno;Normale;Buona;Ore Diurne;0;0;0;3;12.2774;41.72955;-1;3;Autovettura privata;In marcia / fermata / arresto;Passeggero;M;Illeso;0;;Non accertato;
3540435;13;06/11/2017 11:40;Strada Urbana;VIA DOMENICO BAFFIGO;all'intersezione con;VIALE DEL SOMMERGIBILE;VIALE DEL SOMMERGIBILE;;;Scontro frontale/laterale DX fra veicoli in marcia;Incrocio;Una carreggiata a doppio senso;Asciutto;Asfaltata;Verticale ed orizzontale;Nuvoloso;Normale;Buona;Ore Diurne;2;0;0;2;12.25828;41.73822;-1;1;Autovettura privata;In marcia / fermata / arresto;Conducente;F;Illeso;0;;Non accertato;Inesploso
3540435;13;06/11/2017 11:40;Strada Urbana;VIA DOMENICO BAFFIGO;all'intersezione con;VIALE DEL SOMMERGIBILE;VIALE DEL SOMMERGIBILE;;;Scontro frontale/laterale DX fra veicoli in marcia;Incrocio;Una carreggiata a doppio senso;Asciutto;Asfaltata;Verticale ed orizzontale;Nuvoloso;Normale;Buona;Ore Diurne;2;0;0;2;12.25828;41.73822;-1;1;Autovettura privata;In marcia / fermata / arresto;Passeggero;M;Rimandato;0;NON DECEDUTO;Non accertato;Inesploso
3540435;13;06/11/2017 11:40;Strada Urbana;VIA DOMENICO BAFFIGO;all'intersezione con;VIALE DEL SOMMERGIBILE;VIALE DEL SOMMERGIBILE;;;Scontro frontale/laterale DX fra veicoli in marcia;Incrocio;Una carreggiata a doppio senso;Asciutto;Asfaltata;Verticale ed orizzontale;Nuvoloso;Normale;Buona;Ore Diurne;2;0;0;2;12.25828;41.73822;-1;1;Autovettura privata;In marcia / fermata / arresto;Passeggero;F;Rimandato;0;NON DECEDUTO;Non accertato;Inesploso
3540435;13;06/11/2017 11:40;Strada Urbana;VIA DOMENICO BAFFIGO;all'intersezione con;VIALE DEL SOMMERGIBILE;VIALE DEL SOMMERGIBILE;;;Scontro frontale/laterale DX fra veicoli in marcia;Incrocio;Una carreggiata a doppio senso;Asciutto;Asfaltata;Verticale ed orizzontale;Nuvoloso;Normale;Buona;Ore Diurne;2;0;0;2;12.25828;41.73822;-1;2;Autovettura privata;In marcia / fermata / arresto;Conducente;M;Illeso;0;;Non accertato;Inesploso
3540464;4;05/11/2017 02:30;Strada Urbana;VIA MONTE GRIMANO;da specificare;;;;altezza rotatoria Viale Carmelo Bene;Veicolo in marcia contro ostacolo fisso;Rotatoria;Due carreggiate;Asciutto;Asfaltata;Verticale ed orizzontale;Sereno;Scarso;Buona;Sufficiente;1;0;0;0;12.5202;41.97858;-1;1;Autovettura privata;In marcia / fermata / arresto;Conducente;F;Rimandato;0;NON DECEDUTO;Non accertato;Inesploso
3540508;4;05/11/2017 04:00;Strada Urbana;PIAZZALE JONIO;in prossimità;;del civico n.;27;;Scontro laterale fra veicoli in marcia;Rettilineo;Una carreggiata a doppio senso;Asciutto;Asfaltata;Verticale ed orizzontale;Sereno;Scarso;Sufficiente;Sufficiente;0;0;0;3;12.5257;41.94568;-1;1;Autovettura privata;In marcia / fermata / arresto;Conducente;M;Illeso;0;;Non accertato;Inesploso
3540508;4;05/11/2017 04:00;Strada Urbana;PIAZZALE JONIO;in prossimità;;del civico n.;27;;Scontro laterale fra veicoli in marcia;Rettilineo;Una carreggiata a doppio senso;Asciutto;Asfaltata;Verticale ed orizzontale;Sereno;Scarso;Sufficiente;Sufficiente;0;0;0;3;12.5257;41.94568;-1;1;Autovettura privata;In marcia / fermata / arresto;Passeggero;M;Illeso;0;;Non accertato;Inesploso
3540508;4;05/11/2017 04:00;Strada Urbana;PIAZZALE JONIO;in prossimità;;del civico n.;27;;Scontro laterale fra veicoli in marcia;Rettilineo;Una carreggiata a doppio senso;Asciutto;Asfaltata;Verticale ed orizzontale;Sereno;Scarso;Sufficiente;Sufficiente;0;0;0;3;12.5257;41.94568;-1;1;Autovettura privata;In marcia / fermata / arresto;Passeggero;M;Illeso;0;;Non accertato;Inesploso
3540509;12;04/11/2017 12:15;Strada Urbana;VIA DI VALLERANO;in prossimità;;del civico n.;139;;Veicolo in marcia contro ostacolo fisso;Curva a visuale libera;Una carreggiata a doppio senso;Asciutto;Asfaltata;Verticale ed orizzontale;Sereno;Scarso;Buona;Ore Diurne;1;0;0;0;12.45739;41.78701;-1;1;Autovettura privata;In marcia / fermata / arresto;Conducente;F;Ricoverato;0;NON DECEDUTO;;
3540525;5;06/11/2017 08:40;Strada Urbana;VIA TIBURTINA;in prossimità;;del civico n.;846;;Infortunio per sola frenata improvvisa;Rettilineo;Una carreggiata a doppio senso;Asciutto;Asfaltata;Orizzontale;Sereno;Normale;Sufficiente;Ore Diurne;0;0;1;1;12.56286;41.91662;-1;1;Motociclo a solo;In marcia / fermata / arresto;Conducente;M;Deceduto durante prime cure;-1;;Non accertato;
3540525;5;06/11/2017 08:40;Strada Urbana;VIA TIBURTINA;in prossimità;;del civico n.;846;;Infortunio per sola frenata improvvisa;Rettilineo;Una carreggiata a doppio senso;Asciutto;Asfaltata;Orizzontale;Sereno;Normale;Sufficiente;Ore Diurne;0;0;1;1;12.56286;41.91662;-1;2;Autovettura privata;In marcia / fermata / arresto;Conducente;M;Illeso;0;;Non accertato;
3540526;3;05/11/2017 23:40;Strada Urbana;VIA TIBURTINA;da specificare;;;;dir tivoli alt immissione rampa dir foro italico;Scontro laterale fra veicoli in marcia;Rettilineo;Una carreggiata a senso unico di marcia;Bagnato (umidità in atto);Asfaltata;Verticale ed orizzontale;Sereno;Scarso;Sufficiente;Insufficiente;0;0;0;3;12.52872;41.90828;-1;1;Autovettura privata;In marcia / fermata / arresto;Conducente;F;Illeso;0;;Non accertato;Inesploso
3540526;3;05/11/2017 23:40;Strada Urbana;VIA TIBURTINA;da specificare;;;;dir tivoli alt immissione rampa dir foro italico;Scontro laterale fra veicoli in marcia;Rettilineo;Una carreggiata a senso unico di marcia;Bagnato (umidità in atto);Asfaltata;Verticale ed orizzontale;Sereno;Scarso;Sufficiente;Insufficiente;0;0;0;3;12.52872;41.90828;-1;2;Autovettura privata;In marcia / fermata / arresto;Conducente;F;Illeso;0;;Non accertato;Inesploso
3540526;3;05/11/2017 23:40;Strada Urbana;VIA TIBURTINA;da specificare;;;;dir tivoli alt immissione rampa dir foro italico;Scontro laterale fra veicoli in marcia;Rettilineo;Una carreggiata a senso unico di marcia;Bagnato (umidità in atto);Asfaltata;Verticale ed orizzontale;Sereno;Scarso;Sufficiente;Insufficiente;0;0;0;3;12.52872;41.90828;-1;2;Autovettura privata;In marcia / fermata / arresto;Passeggero;F;Illeso;0;;Non accertato;Inesploso
3540530;3;06/11/2017 05:10;Strada Urbana;VIALE REGINA MARGHERITA;all'intersezione con;VIA NOMENTANA;VIA NOMENTANA;;;Scontro frontale/laterale SX fra veicoli in marcia;Intersezione semaforizzata;Più di due carreggiate;Bagnato (umidità in atto);Asfaltata;Verticale ed orizzontale;Nuvoloso;Scarso;Sufficiente;Sufficiente;0;0;0;3;12.50652;41.91294;-1;1;Autovettura privata;In marcia / fermata / arresto;Conducente;M;Illeso;0;;Non accertato;Inesploso
3540530;3;06/11/2017 05:10;Strada Urbana;VIALE REGINA MARGHERITA;all'intersezione con;VIA NOMENTANA;VIA NOMENTANA;;;Scontro frontale/laterale SX fra veicoli in marcia;Intersezione semaforizzata;Più di due carreggiate;Bagnato (umidità in atto);Asfaltata;Verticale ed orizzontale;Nuvoloso;Scarso;Sufficiente;Sufficiente;0;0;0;3;12.50652;41.91294;-1;2;Autovettura privata;In marcia / fermata / arresto;Conducente;M;Illeso;0;;Non accertato;Inesploso
3540530;3;06/11/2017 05:10;Strada Urbana;VIALE REGINA MARGHERITA;all'intersezione con;VIA NOMENTANA;VIA NOMENTANA;;;Scontro frontale/laterale SX fra veicoli in marcia;Intersezione semaforizzata;Più di due carreggiate;Bagnato (umidità in atto);Asfaltata;Verticale ed orizzontale;Nuvoloso;Scarso;Sufficiente;Sufficiente;0;0;0;3;12.50652;41.91294;-1;2;Autovettura privata;In marcia / fermata / arresto;Passeggero;M;Illeso;0;;Non accertato;Inesploso
3540538;3;04/11/2017 14:00;Strada Urbana;VIA DI PORTA LABICANA;da specificare;;;;civ 12;Veicolo in marcia contro ostacolo accidentale;Rettilineo;Una carreggiata a senso unico di marcia;Viscido da liquidi oleosi;In cubetti di porfido;Verticale ed orizzontale;Sereno;Scarso;Buona;Ore Diurne;0;0;0;2;12.51332;41.89473;-1;1;Motociclo con passeggero;In marcia / fermata / arresto;Conducente;M;Illeso;0;;Non accertato;
3540538;3;04/11/2017 14:00;Strada Urbana;VIA DI PORTA LABICANA;da specificare;;;;civ 12;Veicolo in marcia contro ostacolo accidentale;Rettilineo;Una carreggiata a senso unico di marcia;Viscido da liquidi oleosi;In cubetti di porfido;Verticale ed orizzontale;Sereno;Scarso;Buona;Ore Diurne;0;0;0;2;12.51332;41.89473;-1;1;Motociclo con passeggero;In marcia / fermata / arresto;Passeggero;M;Illeso;0;;Non accertato;
3540560;12;03/11/2017 05:45;Strada Urbana;VIADOTTO DELLA MAGLIANA;da specificare;;;;direzione Fiumicino altezza VIA CAPPELLACCIO;Veicolo in marcia contro ostacolo accidentale;Curva a visuale libera;Due carreggiate;Bagnato (pioggia);Asfaltata;Verticale;Nuvoloso;Scarso;Buona;Insufficiente;0;0;0;1;12.46314;41.84172;-1;1;Autovettura privata;In marcia / fermata / arresto;Conducente;M;Illeso;0;;Non accertato;Inesploso
3540567;12;03/11/2017 05:55;Strada Urbana;VIADOTTO DELLA MAGLIANA;da specificare;;;;direz. Fiumicino prossimità VIA del CAPPELLACCIO;Veicolo in marcia contro veicoli fermi;Curva a visuale libera;Due carreggiate;Bagnato (umidità in atto);Asfaltata;Verticale ed orizzontale;Nuvoloso;Normale;Sufficiente;Insufficiente;1;0;0;2;12.46314;41.84172;-1;1;Autovettura privata;In marcia / fermata / arresto;Conducente;F;Illeso;0;;;
3540567;12;03/11/2017 05:55;Strada Urbana;VIADOTTO DELLA MAGLIANA;da specificare;;;;direz. Fiumicino prossimità VIA del CAPPELLACCIO;Veicolo in marcia contro veicoli fermi;Curva a visuale libera;Due carreggiate;Bagnato (umidità in atto);Asfaltata;Verticale ed orizzontale;Nuvoloso;Normale;Sufficiente;Insufficiente;1;0;0;2;12.46314;41.84172;-1;2;Autocarro inferiore 35 q.;In marcia / fermata / arresto;Conducente;M;Illeso;0;;Utilizzato;Inesploso
3540567;12;03/11/2017 05:55;Strada Urbana;VIADOTTO DELLA MAGLIANA;da specificare;;;;direz. Fiumicino prossimità VIA del CAPPELLACCIO;Veicolo in marcia contro veicoli fermi;Curva a visuale libera;Due carreggiate;Bagnato (umidità in atto);Asfaltata;Verticale ed orizzontale;Nuvoloso;Normale;Sufficiente;Insufficiente;1;0;0;2;12.46314;41.84172;-1;3;Autovettura privata;In marcia / fermata / arresto;Conducente;M;Rimandato;0;NON DECEDUTO;;