Protocollo;Gruppo;DataOraIncidente;Localizzazione1;STRADA1;Localizzazione2;STRADA2;Strada02;Chilometrica;DaSpecificare;NaturaIncidente;particolaritastrade;TipoStrada;FondoStradale;Pavimentazione;Segnaletica;CondizioneAtmosferica;Traffico;Visibilita;Illuminazione;NUM_FERITI;NUM_RISERVATA;NUM_MORTI;NUM_ILLESI;Longitudine;Latitudine;Confermato;Progressivo;TipoVeicolo;StatoVeicolo;TipoPersona;Sesso;Tipolesione;Deceduto;DecedutoDopo;CinturaCascoUtilizzato;Airbag
3543248;3;07/11/2017 07:15;Strada Urbana;VIALE DELLO SCALO S. LORENZO;da specificare;;;;fronte civ 16;Scontro frontale/laterale DX fra veicoli in marcia;Rettilineo;Più di due carreggiate;Asciutto;Asfaltata;Verticale ed orizzontale;Nuvoloso;Intenso;Sufficiente;Ore Diurne;0;0;0;3;12.5204;41.89671;-1;2;Autovettura privata;In marcia / fermata / arresto;Conducente;M;Illeso;0;;Non accertato;Inesploso
3543248;3;07/11/2017 07:15;Strada Urbana;VIALE DELLO SCALO S. LORENZO;da specificare;;;;fronte civ 16;Scontro frontale/laterale DX fra veicoli in marcia;Rettilineo;Più di due carreggiate;Asciutto;Asfaltata;Verticale ed orizzontale;Nuvoloso;Intenso;Sufficiente;Ore Diurne;0;0;0;3;12.5204;41.89671;-1;2;Autovettura privata;In marcia / fermata / arresto;Passeggero;M;Illeso;0;;Non accertato;Inesploso
3543261;3;07/11/2017 10:00;Strada Urbana;VIA DEI TAURINI;in corrispondenza;;del civico n.;24;;Veicolo in marcia contro ostacolo accidentale;Rettilineo;Una carreggiata a doppio senso;Bagnato (umidità in atto);Asfaltata;Verticale ed orizzontale;Nuvoloso;Scarso;Buona;Ore Diurne;0;0;0;1;12.51008;41.90057;-1;1;Autocarro inferiore 35 q.;In marcia / fermata / arresto;Conducente;M;Illeso;0;;Non accertato;Inesploso
3543287;10;08/11/2017 09:05;Strada Urbana;VIA TUSCOLANA;da specificare;;;;dir. Centro alt. Via Lamaro;Scontro laterale fra veicoli in marcia;Rettilineo;Due carreggiate;Asciutto;Asfaltata;Orizzontale;Sereno;Intenso;Buona;Ore Diurne;0;0;0;3;12.57891;41.84636;-1;1;Autocarro superiore 35 q.;In marcia / fermata / arresto;Conducente;M;Illeso;0;;Non accertato;Inesploso
3543287;10;08/11/2017 09:05;Strada Urbana;VIA TUSCOLANA;da specificare;;;;dir. Centro alt. Via Lamaro;Scontro laterale fra veicoli in marcia;Rettilineo;Due carreggiate;Asciutto;Asfaltata;Orizzontale;Sereno;Intenso;Buona;Ore Diurne;0;0;0;3;12.57891;41.84636;-1;2;Autovettura privata;In marcia / fermata / arresto;Conducente;M;Illeso;0;;Non accertato;Inesploso
3543287;10;08/11/2017 09:05;Strada Urbana;VIA TUSCOLANA;da specificare;;;;dir. Centro alt. Via Lamaro;Scontro laterale fra veicoli in marcia;Rettilineo;Due carreggiate;Asciutto;Asfaltata;Orizzontale;Sereno;Intenso;Buona;Ore Diurne;0;0;0;3;12.57891;41.84636;-1;2;Autovettura privata;In marcia / fermata / arresto;Passeggero;F;Illeso;0;;Non accertato;Inesploso
3543317;6;08/11/2017 08:00;Strada Urbana;VIA CASILINA;in corrispondenza;;del civico n.;321;;Tamponamento;Rettilineo;Due carreggiate;Asciutto;Asfaltata;Assente;Sereno;Normale;Buona;Ore Diurne;0;0;0;3;12.53514;41.88277;-1;1;Autovettura privata;In marcia / fermata / arresto;Conducente;M;Illeso;0;;Non accertato;Inesploso
3543317;6;08/11/2017 08:00;Strada Urbana;VIA CASILINA;in corrispondenza;;del civico n.;321;;Tamponamento;Rettilineo;Due carreggiate;Asciutto;Asfaltata;Assente;Sereno;Normale;Buona;Ore Diurne;0;0;0;3;12.53514;41.88277;-1;1;Autovettura privata;In marcia / fermata / arresto;Passeggero;F;Illeso;0;;Non accertato;Inesploso
3543317;6;08/11/2017 08:00;Strada Urbana;VIA CASILINA;in corrispondenza;;del civico n.;321;;Tamponamento;Rettilineo;Due carreggiate;Asciutto;Asfaltata;Assente;Sereno;Normale;Buona;Ore Diurne;0;0;0;3;12.53514;41.88277;-1;2;Autovettura privata;In marcia / fermata / arresto;Conducente;M;Illeso;0;;Non accertato;Inesploso
3543321;3;07/11/2017 17:10;Strada Urbana;PIAZZA MASSA CARRARA;all'intersezione con;VIA BARTOLOMEO BORGHESI;VIA BARTOLOMEO BORGHESI;;;Scontro laterale fra veicoli in marcia;Intersezione stradale segnalata;Una carreggiata a doppio senso;Bagnato (umidità in atto);Asfaltata;Verticale ed orizzontale;Nuvoloso;Normale;Sufficiente;Sufficiente;0;0;0;2;12.52473;41.91795;-1;1;Autovettura privata;In marcia / fermata / arresto;Conducente;F;Illeso;0;;Non accertato;Inesploso
3543321;3;07/11/2017 17:10;Strada Urbana;PIAZZA MASSA CARRARA;all'intersezione con;VIA BARTOLOMEO BORGHESI;VIA BARTOLOMEO BORGHESI;;;Scontro laterale fra veicoli in marcia;Intersezione stradale segnalata;Una carreggiata a doppio senso;Bagnato (umidità in atto);Asfaltata;Verticale ed orizzontale;Nuvoloso;Normale;Sufficiente;Sufficiente;0;0;0;2;12.52473;41.91795;-1;2;Autobus di linea;In marcia / fermata / arresto;Conducente;M;Illeso;0;;Non accertato;Inesploso
3543324;20;08/11/2017 09:30;Strada Urbana;PIAZZA RICCARDO MOIZO;in corrispondenza;;del civico n.;10-nov;;Scontro laterale fra veicoli in marcia;Curva senza visuale libera;Una carreggiata a doppio senso;Asciutto;Asfaltata;Verticale ed orizzontale;Sereno;Scarso;Buona;Ore Diurne;0;0;0;2;12.45708;41.9447;-1;1;Autovettura privata;In marcia / fermata / arresto;Conducente;M;Illeso;0;;Non accertato;Inesploso
3543324;20;08/11/2017 09:30;Strada Urbana;PIAZZA RICCARDO MOIZO;in corrispondenza;;del civico n.;10-nov;;Scontro laterale fra veicoli in marcia;Curva senza visuale libera;Una carreggiata a doppio senso;Asciutto;Asfaltata;Verticale ed orizzontale;Sereno;Scarso;Buona;Ore Diurne;0;0;0;2;12.45708;41.9447;-1;2;Autocarro superiore 35 q.;In marcia / fermata / arresto;Conducente;M;Illeso;0;;Non accertato;Inesploso
3543369;23;07/11/2017 09:20;Comunale extraurbana;VIA CRISTOFORO COLOMBO;in prossimità;;della chilometrica;18.95;;Tamponamento;Rettilineo;Più di due carreggiate;Bagnato (umidità in atto);Asfaltata;Verticale ed orizzontale;Nuvoloso;Intenso;Buona;Ore Diurne;0;0;0;3;12.39522;41.77427;-1;1;Autovettura privata;In marcia / fermata / arresto;Conducente;F;Illeso;0;;Non accertato;Inesistente
3543369;23;07/11/2017 09:20;Comunale extraurbana;VIA CRISTOFORO COLOMBO;in prossimità;;della chilometrica;18.95;;Tamponamento;Rettilineo;Più di due carreggiate;Bagnato (umidità in atto);Asfaltata;Verticale ed orizzontale;Nuvoloso;Intenso;Buona;Ore Diurne;0;0;0;3;12.39522;41.77427;-1;2;Autovettura privata;In marcia / fermata / arresto;Conducente;M;Illeso;0;;Non accertato;Inesploso
3543369;23;07/11/2017 09:20;Comunale extraurbana;VIA CRISTOFORO COLOMBO;in prossimità;;della chilometrica;18.95;;Tamponamento;Rettilineo;Più di due carreggiate;Bagnato (umidità in atto);Asfaltata;Verticale ed orizzontale;Nuvoloso;Intenso;Buona;Ore Diurne;0;0;0;3;12.39522;41.77427;-1;2;Autovettura privata;In marcia / fermata / arresto;Passeggero;M;Illeso;0;;Non accertato;Inesploso
3543373;4;07/11/2017 13:10;Strada Urbana;PIAZZALE JONIO;da specificare;;;;prossimità fronte civico 16;Scontro laterale fra veicoli in marcia;Rettilineo;Due carreggiate;Asciutto;Asfaltata;Orizzontale;Nuvoloso;Normale;Buona;Ore Diurne;1;0;0;1;12.5262;41.94595;-1;1;Autovettura privata;In marcia / fermata / arresto;Conducente;F;Illeso;0;;;
3543373;4;07/11/2017 13:10;Strada Urbana;PIAZZALE JONIO;da specificare;;;;prossimità fronte civico 16;Scontro laterale fra veicoli in marcia;Rettilineo;Due carreggiate;Asciutto;Asfaltata;Orizzontale;Nuvoloso;Normale;Buona;Ore Diurne;1;0;0;1;12.5262;41.94595;-1;2;Motociclo a solo;In marcia / fermata / arresto;Conducente;M;Rimandato;0;NON DECEDUTO;;
3543443;17;07/11/2017 00:45;Strada Urbana;VIA COLA DI RIENZO;all'intersezione semaforizzata con;VIA FABIO MASSIMO;VIA FABIO MASSIMO;;;Scontro frontale/laterale DX fra veicoli in marcia;Intersezione semaforizzata;Una carreggiata a senso unico di marcia;Asciutto;In cubetti di porfido;Verticale ed orizzontale;Nuvoloso;Scarso;Buona;Sufficiente;1;0;0;1;12.46271;41.90743;0;1;Motociclo a solo;In marcia / fermata / arresto;Conducente;M;Rimandato;0;NON DECEDUTO;;
3543443;17;07/11/2017 00:45;Strada Urbana;VIA COLA DI RIENZO;all'intersezione semaforizzata con;VIA FABIO MASSIMO;VIA FABIO MASSIMO;;;Scontro frontale/laterale DX fra veicoli in marcia;Intersezione semaforizzata;Una carreggiata a senso unico di marcia;Asciutto;In cubetti di porfido;Verticale ed orizzontale;Nuvoloso;Scarso;Buona;Sufficiente;1;0;0;1;12.46271;41.90743;0;2;Autovettura privata;In marcia / fermata / arresto;Conducente;F;Illeso;0;;;
3543466;13;08/11/2017 11:30;Strada Urbana;VIA FERDINANDO ACTON;all'intersezione con;VIA CARLO DEL GRECO;VIA CARLO DEL GRECO;;;Scontro frontale/laterale SX fra veicoli in marcia;Incrocio;Due carreggiate;Asciutto;Asfaltata;Verticale ed orizzontale;Sereno;Normale;Buona;Ore Diurne;0;0;0;2;12.29001;41.73242;-1;1;Autovettura privata;In marcia / fermata / arresto;Conducente;M;Illeso;0;;Non accertato;Inesploso
3543466;13;08/11/2017 11:30;Strada Urbana;VIA FERDINANDO ACTON;all'intersezione con;VIA CARLO DEL GRECO;VIA CARLO DEL GRECO;;;Scontro frontale/laterale SX fra veicoli in marcia;Incrocio;Due carreggiate;Asciutto;Asfaltata;Verticale ed orizzontale;Sereno;Normale;Buona;Ore Diurne;0;0;0;2;12.29001;41.73242;-1;2;Autovettura privata;In marcia / fermata / arresto;Conducente;F;Illeso;0;;Non accertato;Inesploso
3543491;10;08/11/2017 11:00;Strada Urbana;VIA DELLE CAPANNELLE;all'intersezione con;VIA DEL CALICE;VIA DEL CALICE;;;Scontro frontale fra veicoli in marcia;Incrocio;Una carreggiata a doppio senso;Asciutto;Asfaltata;Verticale ed orizzontale;Sereno;Normale;Buona;Ore Diurne;1;0;0;1;12.56596;41.82892;-1;1;Autovettura privata;In marcia / fermata / arresto;Conducente;M;Illeso;0;;Non accertato;Inesploso
3543491;10;08/11/2017 11:00;Strada Urbana;VIA DELLE CAPANNELLE;all'intersezione con;VIA DEL CALICE;VIA DEL CALICE;;;Scontro frontale fra veicoli in marcia;Incrocio;Una carreggiata a doppio senso;Asciutto;Asfaltata;Verticale ed orizzontale;Sereno;Normale;Buona;Ore Diurne;1;0;0;1;12.56596;41.82892;-1;2;Motociclo a solo;In marcia / fermata / arresto;Conducente;M;Rimandato;0;NON DECEDUTO;Non accertato;
3543500;9;08/11/2017 08:45;Strada Urbana;VIA SIRIA;in prossimità;;del civico n.;42;;Veicolo in marcia contro veicolo in sosta;Rettilineo;Una carreggiata a doppio senso;Asciutto;Asfaltata;Verticale ed orizzontale;Sereno;Intenso;Buona;Ore Diurne;0;0;0;2;12.51118;41.8747;-1;1;Autovettura privata;In marcia / fermata / arresto;Conducente;M;Illeso;0;;Non accertato;Inesploso
3543500;9;08/11/2017 08:45;Strada Urbana;VIA SIRIA;in prossimità;;del civico n.;42;;Veicolo in marcia contro veicolo in sosta;Rettilineo;Una carreggiata a doppio senso;Asciutto;Asfaltata;Verticale ed orizzontale;Sereno;Intenso;Buona;Ore Diurne;0;0;0;2;12.51118;41.8747;-1;1;Autovettura privata;In marcia / fermata / arresto;Passeggero;F;Illeso;0;;Non accertato;Inesploso
3543512;7;08/11/2017 10:35;Strada Urbana;VIA FEDERICO DELPINO;all'intersezione semaforizzata con;VIA TOR DE' SCHIAVI;VIA TOR DE' SCHIAVI;;;Investimento di pedone;Intersezione semaforizzata;Una carreggiata a doppio senso;Asciutto;Asfaltata;Verticale ed orizzontale;Sereno;Intenso;Buona;Ore Diurne;1;0;0;1;12.56068;41.89062;-1;;;;Pedone;M;Rimandato;0;NON DECEDUTO;;
3543512;7;08/11/2017 10:35;Strada Urbana;VIA FEDERICO DELPINO;all'intersezione semaforizzata con;VIA TOR DE' SCHIAVI;VIA TOR DE' SCHIAVI;;;Investimento di pedone;Intersezione semaforizzata;Una carreggiata a doppio senso;Asciutto;Asfaltata;Verticale ed orizzontale;Sereno;Intenso;Buona;Ore Diurne;1;0;0;1;12.56068;41.89062;-1;1;Autobus urbano;In marcia / fermata / arresto;Conducente;M;Illeso;0;;Non accertato;Inesploso
3543517;20;08/11/2017 11:50;Strada Urbana;VIA DEI COLLI DELLA FARNESINA;in corrispondenza;;del civico n.;68 - 72;;Veicolo in marcia contro veicoli in sosta;Rettilineo;Una carreggiata a doppio senso;Asciutto;Asfaltata;Assente;Sereno;Scarso;Buona;Ore Diurne;1;0;0;0;12.45997;41.94037;-1;1;Autovettura privata;In marcia / fermata / arresto;Conducente;M;Ricoverato;0;NON DECEDUTO;Non accertato;Esploso
3543582;16;06/11/2017 14:30;Strada Urbana;VICOLO DEL CASALE LUMBROSO;in corrispondenza;;del civico n.;55;;Scontro frontale/laterale SX fra veicoli in marcia;Rettilineo;Una carreggiata a doppio senso;Bagnato (pioggia);Asfaltata;Verticale ed orizzontale;Pioggia in atto;Normale;Buona;Ore Diurne;0;0;0;2;12.36717;41.86779;-1;1;Autovettura privata;In marcia / fermata / arresto;Conducente;M;Illeso;0;;Non accertato;
3543582;16;06/11/2017 14:30;Strada Urbana;VICOLO DEL CASALE LUMBROSO;in corrispondenza;;del civico n.;55;;Scontro frontale/laterale SX fra veicoli in marcia;Rettilineo;Una carreggiata a doppio senso;Bagnato (pioggia);Asfaltata;Verticale ed orizzontale;Pioggia in atto;Normale;Buona;Ore Diurne;0;0;0;2;12.36717;41.86779;-1;2;Autovettura privata;In marcia / fermata / arresto;Conducente;M;Illeso;0;;Non accertato;
3543598;16;06/11/2017 15:30;Strada Urbana;VIA AURELIA ANTICA;in prossimità;;del civico n.;497;;Scontro frontale/laterale SX fra veicoli in marcia;Rettilineo;Una carreggiata a doppio senso;Bagnato (pioggia);Asfaltata;Assente;Nuvoloso;Normale;Buona;Ore Diurne;1;0;0;1;12.41527;41.88852;-1;1;Autovettura privata;In marcia / fermata / arresto;Conducente;F;Rifiuta cure immediate;0;NON DECEDUTO;Non accertato;Inesploso
3543598;16;06/11/2017 15:30;Strada Urbana;VIA AURELIA ANTICA;in prossimità;;del civico n.;497;;Scontro frontale/laterale SX fra veicoli in marcia;Rettilineo;Una carreggiata a doppio senso;Bagnato (pioggia);Asfaltata;Assente;Nuvoloso;Normale;Buona;Ore Diurne;1;0;0;1;12.41527;41.88852;-1;2;Autovettura privata;In marcia / fermata / arresto;Conducente;M;Illeso;0;;Non accertato;Inesploso
3543695;10;08/11/2017 13:20;Strada Urbana;VIA DELLE CAPANNELLE;da specificare;;;;dir. tuscolana 25m alt. fermata bus Castroregio;Tamponamento Multiplo;Rettilineo;Una carreggiata a doppio senso;Asciutto;Asfaltata;Orizzontale;Sereno;Normale;Buona;Ore Diurne;1;0;0;2;12.56746;41.83049;-1;1;Autovettura privata;In marcia / fermata / arresto;Conducente;M;Rimandato;0;NON DECEDUTO;Non accertato;Inesploso
3543695;10;08/11/2017 13:20;Strada Urbana;VIA DELLE CAPANNELLE;da specificare;;;;dir. tuscolana 25m alt. fermata bus Castroregio;Tamponamento Multiplo;Rettilineo;Una carreggiata a doppio senso;Asciutto;Asfaltata;Orizzontale;Sereno;Normale;Buona;Ore Diurne;1;0;0;2;12.56746;41.83049;-1;2;Autovettura privata;In marcia / fermata / arresto;Conducente;M;Illeso;0;;Non accertato;Inesploso
3543695;10;08/11/2017 13:20;Strada Urbana;VIA DELLE CAPANNELLE;da specificare;;;;dir. tuscolana 25m alt. fermata bus Castroregio;Tamponamento Multiplo;Rettilineo;Una carreggiata a doppio senso;Asciutto;Asfaltata;Orizzontale;Sereno;Normale;Buona;Ore Diurne;1;0;0;2;12.56746;41.83049;-1;3;Autovettura privata;In marcia / fermata / arresto;Conducente;M;Illeso;0;;Non accertato;Inesploso
3543739;1;07/11/2017 09:55;Strada Urbana;VIA DELLA GATTA;all'intersezione con;PIAZZA DEL COLLEGIO ROMANO;PIAZZA DEL COLLEGIO ROMANO;;;Infortunio per caduta del veicolo;Intersezione stradale segnalata;Una carreggiata a doppio senso;Bagnato (umidità in atto);Acciotolata;Verticale;Nuvoloso;Normale;Buona;Ore Diurne;1;0;0;0;12.48031;41.89777;-1;1;Motociclo a solo;In marcia / fermata / arresto;Conducente;F;Rimandato;0;NON DECEDUTO;Utilizzato;
3543761;16;07/11/2017 13:10;Strada Urbana;VIA DEGLI STRADIVARI;in corrispondenza;;del civico n.;3;;Scontro frontale/laterale DX fra veicoli in marcia;Pendenza;Più di due carreggiate;Asciutto;Asfaltata;Verticale ed orizzontale;Nuvoloso;Normale;Sufficiente;Ore Diurne;0;0;0;2;12.46951;41.87483;-1;1;Autovettura privata;In marcia / fermata / arresto;Conducente;F;Illeso;0;;Non accertato;Inesploso
3543761;16;07/11/2017 13:10;Strada Urbana;VIA DEGLI STRADIVARI;in corrispondenza;;del civico n.;3;;Scontro frontale/laterale DX fra veicoli in marcia;Pendenza;Più di due carreggiate;Asciutto;Asfaltata;Verticale ed orizzontale;Nuvoloso;Normale;Sufficiente;Ore Diurne;0;0;0;2;12.46951;41.87483;-1;2;Autovettura privata;In marcia / fermata / arresto;Conducente;M;Illeso;0;;Non accertato;Inesploso
3543773;16;06/11/2017 23:45;Strada Urbana;VIA CUTIGLIANO;all'intersezione con;VIA LARI;VIA LARI;;;Scontro frontale/laterale DX fra veicoli in marcia;Incrocio;Una carreggiata a senso unico di marcia;Asciutto;Asfaltata;Orizzontale;Sereno;Scarso;Buona;Sufficiente;0;0;0;2;12.4609;41.84866;0;1;Autovettura privata;In marcia / fermata / arresto;Conducente;M;Illeso;0;;;
3543773;16;06/11/2017 23:45;Strada Urbana;VIA CUTIGLIANO;all'intersezione con;VIA LARI;VIA LARI;;;Scontro frontale/laterale DX fra veicoli in marcia;Incrocio;Una carreggiata a senso unico di marcia;Asciutto;Asfaltata;Orizzontale;Sereno;Scarso;Buona;Sufficiente;0;0;0;2;12.4609;41.84866;0;2;Autovettura privata;In marcia / fermata / arresto;Conducente;F;Illeso;0;;;
3543807;16;07/11/2017 16:20;Strada Urbana;VIA SILVESTRI;in corrispondenza;;del civico n.;20;;Scontro laterale fra veicoli in marcia;Pendenza;Una carreggiata a doppio senso;Asciutto;Asfaltata;Verticale ed orizzontale;Nuvoloso;Normale;Buona;Ore Diurne;1;0;0;1;12.43323;41.87912;-1;1;Autocarro inferiore 35 q.;In marcia / fermata / arresto;Conducente;M;Illeso;0;;Non accertato;
3543807;16;07/11/2017 16:20;Strada Urbana;VIA SILVESTRI;in corrispondenza;;del civico n.;20;;Scontro laterale fra veicoli in marcia;Pendenza;Una carreggiata a doppio senso;Asciutto;Asfaltata;Verticale ed orizzontale;Nuvoloso;Normale;Buona;Ore Diurne;1;0;0;1;12.43323;41.87912;-1;2;Ciclomotore;In marcia / fermata / arresto;Conducente;M;Rimandato;0;NON DECEDUTO;Non accertato;
3543809;19;08/11/2017 14:15;Strada Urbana;VIA LATTANZIO;in corrispondenza;;del civico n.;51;;Scontro laterale fra veicoli in marcia;Rettilineo;Una carreggiata a doppio senso;Asciutto;Asfaltata;Assente;Sereno;Scarso;Buona;Ore Diurne;0;0;0;4;12.43959;41.91314;-1;1;Autovettura privata;In marcia / fermata / arresto;Conducente;F;Illeso;0;;Non accertato;Inesploso
3543809;19;08/11/2017 14:15;Strada Urbana;VIA LATTANZIO;in corrispondenza;;del civico n.;51;;Scontro laterale fra veicoli in marcia;Rettilineo;Una carreggiata a doppio senso;Asciutto;Asfaltata;Assente;Sereno;Scarso;Buona;Ore Diurne;0;0;0;4;12.43959;41.91314;-1;2;Autovettura privata;In marcia / fermata / arresto;Conducente;M;Illeso;0;;Non accertato;Inesploso
3543809;19;08/11/2017 14:15;Strada Urbana;VIA LATTANZIO;in corrispondenza;;del civico n.;51;;Scontro laterale fra veicoli in marcia;Rettilineo;Una carreggiata a doppio senso;Asciutto;Asfaltata;Assente;Sereno;Scarso;Buona;Ore Diurne;0;0;0;4;12.43959;41.91314;-1;2;Autovettura privata;In marcia / fermata / arresto;Passeggero;M;Illeso;0;;Non accertato;Inesploso
3543823;16;07/11/2017 16:40;Strada Urbana;VIA DI BRAVA;da specificare;;;;fronte PALO LUCE N. 99;Scontro frontale fra veicoli in marcia;Rettilineo;Una carreggiata a doppio senso;Asciutto;Asfaltata;Assente;Nuvoloso;Normale;Buona;Sufficiente;3;0;0;1;12.38109;41.87514;-1;1;Autovettura privata;In marcia / fermata / arresto;Conducente;F;Illeso;0;;;
3543823;16;07/11/2017 16:40;Strada Urbana;VIA DI BRAVA;da specificare;;;;fronte PALO LUCE N. 99;Scontro frontale fra veicoli in marcia;Rettilineo;Una carreggiata a doppio senso;Asciutto;Asfaltata;Assente;Nuvoloso;Normale;Buona;Sufficiente;3;0;0;1;12.38109;41.87514;-1;1;Autovettura privata;In marcia / fermata / arresto;Passeggero;M;Rimandato;0;NON DECEDUTO;;
3543823;16;07/11/2017 16:40;Strada Urbana;VIA DI BRAVA;da specificare;;;;fronte PALO LUCE N. 99;Scontro frontale fra veicoli in marcia;Rettilineo;Una carreggiata a doppio senso;Asciutto;Asfaltata;Assente;Nuvoloso;Normale;Buona;Sufficiente;3;0;0;1;12.38109;41.87514;-1;1;Autovettura privata;In marcia / fermata / arresto;Passeggero;F;Rimandato;0;NON DECEDUTO;;
3543823;16;07/11/2017 16:40;Strada Urbana;VIA DI BRAVA;da specificare;;;;fronte PALO LUCE N. 99;Scontro frontale fra veicoli in marcia;Rettilineo;Una carreggiata a doppio senso;Asciutto;Asfaltata;Assente;Nuvoloso;Normale;Buona;Sufficiente;3;0;0;1;12.38109;41.87514;-1;2;Autocaravan;In marcia / fermata / arresto;Conducente;M;Rimandato;0;NON DECEDUTO;;
3543844;2;07/11/2017 18:20;Strada Urbana;CORSO TRIESTE;in prossimità;;del civico n.;32;;Veicolo in marcia contro ostacolo accidentale;Rettilineo;Due carreggiate;Asciutto;Asfaltata;Verticale ed orizzontale;Sereno;Normale;Buona;Sufficiente;0;0;0;4;12.50645;41.91628;-1;1;Autovettura privata;In marcia / fermata / arresto;Conducente;F;Illeso;0;;Non accertato;Esploso
3543844;2;07/11/2017 18:20;Strada Urbana;CORSO TRIESTE;in prossimità;;del civico n.;32;;Veicolo in marcia contro ostacolo accidentale;Rettilineo;Due carreggiate;Asciutto;Asfaltata;Verticale ed orizzontale;Sereno;Normale;Buona;Sufficiente;0;0;0;4;12.50645;41.91628;-1;2;Autovettura privata;In marcia / fermata / arresto;Conducente;F;Illeso;0;;Non accertato;Inesploso
3543844;2;07/11/2017 18:20;Strada Urbana;CORSO TRIESTE;in prossimità;;del civico n.;32;;Veicolo in marcia contro ostacolo accidentale;Rettilineo;Due carreggiate;Asciutto;Asfaltata;Verticale ed orizzontale;Sereno;Normale;Buona;Sufficiente;0;0;0;4;12.50645;41.91628;-1;2;Autovettura privata;In marcia / fermata / arresto;Passeggero;F;Illeso;0;;Non accertato;Inesploso
3543844;2;07/11/2017 18:20;Strada Urbana;CORSO TRIESTE;in prossimità;;del civico n.;32;;Veicolo in marcia contro ostacolo accidentale;Rettilineo;Due carreggiate;Asciutto;Asfaltata;Verticale ed orizzontale;Sereno;Normale;Buona;Sufficiente;0;0;0;4;12.50645;41.91628;-1;2;Autovettura privata;In marcia / fermata / arresto;Passeggero;M;Illeso;0;;Non accertato;Inesploso
3543866;16;07/11/2017 16:45;Strada Urbana;VIALE DI TRASTEVERE;all'intersezione con;VIA FEDERICO ROSAZZA;VIA FEDERICO ROSAZZA;;;Infortunio per sola frenata improvvisa;Intersezione non regolata/non segnalata;Più di due carreggiate;Bagnato (pioggia);Asfaltata;Assente;Nuvoloso;Normale;Sufficiente;Ore Diurne;0;0;0;3;12.46786;41.88159;-1;1;Autovettura privata;In marcia / fermata / arresto;Conducente;M;Illeso;0;;Non accertato;
3543866;16;07/11/2017 16:45;Strada Urbana;VIALE DI TRASTEVERE;all'intersezione con;VIA FEDERICO ROSAZZA;VIA FEDERICO ROSAZZA;;;Infortunio per sola frenata improvvisa;Intersezione non regolata/non segnalata;Più di due carreggiate;Bagnato (pioggia);Asfaltata;Assente;Nuvoloso;Normale;Sufficiente;Ore Diurne;0;0;0;3;12.46786;41.88159;-1;2;Motociclo con passeggero;In marcia / fermata / arresto;Conducente;M;Illeso;0;;Non accertato;
3543866;16;07/11/2017 16:45;Strada Urbana;VIALE DI TRASTEVERE;all'intersezione con;VIA FEDERICO ROSAZZA;VIA FEDERICO ROSAZZA;;;Infortunio per sola frenata improvvisa;Intersezione non regolata/non segnalata;Più di due carreggiate;Bagnato (pioggia);Asfaltata;Assente;Nuvoloso;Normale;Sufficiente;Ore Diurne;0;0;0;3;12.46786;41.88159;-1;2;Motociclo con passeggero;In marcia / fermata / arresto;Passeggero;M;Illeso;0;;Non accertato;
3543869;16;07/11/2017 09:50;Strada Urbana;VIA IPPOLITO NIEVO;in prossimità;;del civico n.;51;;Tamponamento;Rettilineo;Due carreggiate;Bagnato (umidità in atto);Asfaltata;Verticale ed orizzontale;Nuvoloso;Normale;Buona;Ore Diurne;0;0;0;2;12.4676;41.87841;-1;1;Autovettura privata;In marcia / fermata / arresto;Conducente;F;Illeso;0;;Non accertato;Inesploso
3543869;16;07/11/2017 09:50;Strada Urbana;VIA IPPOLITO NIEVO;in prossimità;;del civico n.;51;;Tamponamento;Rettilineo;Due carreggiate;Bagnato (umidità in atto);Asfaltata;Verticale ed orizzontale;Nuvoloso;Normale;Buona;Ore Diurne;0;0;0;2;12.4676;41.87841;-1;2;Autovettura privata;In marcia / fermata / arresto;Conducente;F;Illeso;0;;Non accertato;Inesploso
3543912;16;07/11/2017 23:55;Strada Urbana;VIA FRANCESCO SAVERIO SPROVIERI;all'intersezione con;VIA GIACINTO CARINI;VIA GIACINTO CARINI;;;Scontro laterale fra veicoli in marcia;Incrocio;Una carreggiata a doppio senso;Asciutto;Asfaltata;Verticale ed orizzontale;Sereno;Scarso;Buona;Sufficiente;0;0;0;4;12.45961;41.88269;-1;1;Autovettura privata;In marcia / fermata / arresto;Conducente;M;Illeso;0;;Non accertato;
3543912;16;07/11/2017 23:55;Strada Urbana;VIA FRANCESCO SAVERIO SPROVIERI;all'intersezione con;VIA GIACINTO CARINI;VIA GIACINTO CARINI;;;Scontro laterale fra veicoli in marcia;Incrocio;Una carreggiata a doppio senso;Asciutto;Asfaltata;Verticale ed orizzontale;Sereno;Scarso;Buona;Sufficiente;0;0;0;4;12.45961;41.88269;-1;1;Autovettura privata;In marcia / fermata / arresto;Passeggero;F;Illeso;0;;Non accertato;