Protocollo;Gruppo;DataOraIncidente;Localizzazione1;STRADA1;Localizzazione2;STRADA2;Strada02;Chilometrica;DaSpecificare;NaturaIncidente;particolaritastrade;TipoStrada;FondoStradale;Pavimentazione;Segnaletica;CondizioneAtmosferica;Traffico;Visibilita;Illuminazione;NUM_FERITI;NUM_RISERVATA;NUM_MORTI;NUM_ILLESI;Longitudine;Latitudine;Confermato;Progressivo;TipoVeicolo;StatoVeicolo;TipoPersona;Sesso;Tipolesione;Deceduto;DecedutoDopo;CinturaCascoUtilizzato;Airbag
3544845;16;08/11/2017 10:15;Strada Urbana;VIA AURELIA ANTICA;in corrispondenza;;del civico n.;180;;Scontro frontale/laterale DX fra veicoli in marcia;Rettilineo;Una carreggiata a doppio senso;Bagnato (pioggia);Asfaltata;Verticale;Sereno;Normale;Buona;Ore Diurne;1;0;0;1;12.44547;41.88919;-1;2;Autovettura privata;In marcia / fermata / arresto;Conducente;F;Illeso;0;;Non accertato;Inesploso
3544847;4;08/11/2017 17:15;Strada Urbana;PIAZZALE JONIO;all'intersezione con;VIA DEI PRATI FISCALI;VIA DEI PRATI FISCALI;;;Scontro laterale fra veicoli in marcia;Rotatoria;Una carreggiata a senso unico di marcia;Asciutto;Asfaltata;Verticale ed orizzontale;Sereno;Normale;Buona;Sufficiente;0;0;0;2;12.52568;41.94608;-1;1;Autovettura privata;In marcia / fermata / arresto;Conducente;M;Illeso;0;;Non accertato;Inesploso
3544847;4;08/11/2017 17:15;Strada Urbana;PIAZZALE JONIO;all'intersezione con;VIA DEI PRATI FISCALI;VIA DEI PRATI FISCALI;;;Scontro laterale fra veicoli in marcia;Rotatoria;Una carreggiata a senso unico di marcia;Asciutto;Asfaltata;Verticale ed orizzontale;Sereno;Normale;Buona;Sufficiente;0;0;0;2;12.52568;41.94608;-1;2;Autovettura privata;In marcia / fermata / arresto;Conducente;M;Illeso;0;;Non accertato;Inesploso
3544848;1;08/11/2017 14:35;Strada Urbana;VIALE DELLE TERME DI CARACALLA;in prossimità;;del palo luce n.;106;;Investimento di pedone;Rettilineo;Più di due carreggiate;Asciutto;Asfaltata;Orizzontale;Nuvoloso;Normale;Buona;Ore Diurne;2;0;0;0;12.4952;41.87889;-1;;;;Pedone;M;Rimandato;0;NON DECEDUTO;;
3544848;1;08/11/2017 14:35;Strada Urbana;VIALE DELLE TERME DI CARACALLA;in prossimità;;del palo luce n.;106;;Investimento di pedone;Rettilineo;Più di due carreggiate;Asciutto;Asfaltata;Orizzontale;Nuvoloso;Normale;Buona;Ore Diurne;2;0;0;0;12.4952;41.87889;-1;1;Motociclo a solo;In marcia / fermata / arresto;Conducente;M;Rimandato;0;NON DECEDUTO;Non accertato;
3544860;5;08/11/2017 18:40;Strada Urbana;VIA DI CASAL DEI PAZZI;in prossimità;;del civico n.;37;;Investimento di pedone;Rettilineo;Una carreggiata a doppio senso;Asciutto;Asfaltata;Verticale ed orizzontale;Sereno;Normale;Buona;Sufficiente;0;1;0;1;12.57054;41.92619;-1;;;;Pedone;F;Prognosi riservata;0;NON DECEDUTO;;
3544860;5;08/11/2017 18:40;Strada Urbana;VIA DI CASAL DEI PAZZI;in prossimità;;del civico n.;37;;Investimento di pedone;Rettilineo;Una carreggiata a doppio senso;Asciutto;Asfaltata;Verticale ed orizzontale;Sereno;Normale;Buona;Sufficiente;0;1;0;1;12.57054;41.92619;-1;1;Autovettura privata;In marcia / fermata / arresto;Conducente;M;Illeso;0;;Non accertato;
3544867;17;08/11/2017 08:45;Strada Urbana;VIA DEI CORRIDORI;all'intersezione con;VIA DELL'ERBA;VIA DELL'ERBA;;;Scontro frontale/laterale SX fra veicoli in marcia;Incrocio;Una carreggiata a doppio senso;Asciutto;In cubetti di porfido;Verticale ed orizzontale;Sereno;Scarso;Buona;Ore Diurne;0;0;0;2;12.45968;41.90304;-1;1;Autovettura pubblica;In marcia / fermata / arresto;Conducente;M;Illeso;0;;Non accertato;Inesploso
3544867;17;08/11/2017 08:45;Strada Urbana;VIA DEI CORRIDORI;all'intersezione con;VIA DELL'ERBA;VIA DELL'ERBA;;;Scontro frontale/laterale SX fra veicoli in marcia;Incrocio;Una carreggiata a doppio senso;Asciutto;In cubetti di porfido;Verticale ed orizzontale;Sereno;Scarso;Buona;Ore Diurne;0;0;0;2;12.45968;41.90304;-1;2;Autovettura privata;In marcia / fermata / arresto;Conducente;F;Illeso;0;;Non accertato;Inesploso
3544884;1;08/11/2017 17:50;Strada Urbana;PIAZZALE UGO LA MALFA;all'intersezione con;VIA DEL CIRCO MASSIMO;VIA DEL CIRCO MASSIMO;;;Scontro frontale/laterale DX fra veicoli in marcia;Incrocio;Due carreggiate;Asciutto;Asfaltata;Verticale ed orizzontale;Nuvoloso;Intenso;Sufficiente;Sufficiente;0;0;0;2;12.48488;41.8853;-1;1;Autovettura pubblica;In marcia / fermata / arresto;Conducente;M;Illeso;0;;Non accertato;Inesploso
3544884;1;08/11/2017 17:50;Strada Urbana;PIAZZALE UGO LA MALFA;all'intersezione con;VIA DEL CIRCO MASSIMO;VIA DEL CIRCO MASSIMO;;;Scontro frontale/laterale DX fra veicoli in marcia;Incrocio;Due carreggiate;Asciutto;Asfaltata;Verticale ed orizzontale;Nuvoloso;Intenso;Sufficiente;Sufficiente;0;0;0;2;12.48488;41.8853;-1;2;Autovettura privata;In marcia / fermata / arresto;Conducente;F;Illeso;0;;Non accertato;Inesploso
3544907;12;07/11/2017 14:45;Strada Urbana;VIA DELLA CHIMICA;in corrispondenza;;del civico n.;19;;Veicolo in marcia contro veicoli in sosta;Rettilineo;Una carreggiata a senso unico di marcia;Asciutto;Asfaltata;Verticale ed orizzontale;Nuvoloso;Scarso;Buona;Ore Diurne;0;0;0;1;12.46644;41.83353;-1;1;Autovettura privata;In marcia / fermata / arresto;Conducente;M;Illeso;0;;Non accertato;Inesploso
3544926;12;08/11/2017 09:00;Strada Urbana;VIA LAURENTINA;all'intersezione semaforizzata con;VIALE IGNAZIO SILONE;VIALE IGNAZIO SILONE;;;Scontro laterale fra veicoli in marcia;Intersezione semaforizzata;Due carreggiate;Asciutto;Asfaltata;Verticale ed orizzontale;Sereno;Normale;Buona;Ore Diurne;0;0;0;4;12.48585;41.81323;-1;1;Autovettura privata;In marcia / fermata / arresto;Conducente;M;Illeso;0;;Utilizzato;Inesploso
3544926;12;08/11/2017 09:00;Strada Urbana;VIA LAURENTINA;all'intersezione semaforizzata con;VIALE IGNAZIO SILONE;VIALE IGNAZIO SILONE;;;Scontro laterale fra veicoli in marcia;Intersezione semaforizzata;Due carreggiate;Asciutto;Asfaltata;Verticale ed orizzontale;Sereno;Normale;Buona;Ore Diurne;0;0;0;4;12.48585;41.81323;-1;1;Autovettura privata;In marcia / fermata / arresto;Passeggero;F;Illeso;0;;Utilizzato;Inesploso
3544926;12;08/11/2017 09:00;Strada Urbana;VIA LAURENTINA;all'intersezione semaforizzata con;VIALE IGNAZIO SILONE;VIALE IGNAZIO SILONE;;;Scontro laterale fra veicoli in marcia;Intersezione semaforizzata;Due carreggiate;Asciutto;Asfaltata;Verticale ed orizzontale;Sereno;Normale;Buona;Ore Diurne;0;0;0;4;12.48585;41.81323;-1;1;Autovettura privata;In marcia / fermata / arresto;Passeggero;M;Illeso;0;;Utilizzato;Inesploso
3544926;12;08/11/2017 09:00;Strada Urbana;VIA LAURENTINA;all'intersezione semaforizzata con;VIALE IGNAZIO SILONE;VIALE IGNAZIO SILONE;;;Scontro laterale fra veicoli in marcia;Intersezione semaforizzata;Due carreggiate;Asciutto;Asfaltata;Verticale ed orizzontale;Sereno;Normale;Buona;Ore Diurne;0;0;0;4;12.48585;41.81323;-1;2;Motociclo a solo;In marcia / fermata / arresto;Conducente;M;Illeso;0;;Utilizzato;
3544930;1;08/11/2017 18:37;Strada Urbana;VIA DELL'ARA MASSIMA DI ERCOLE;in prossimità;;del civico n.;FC 103;;Veicolo in marcia contro veicolo fermo;Rettilineo;Una carreggiata a doppio senso;Asciutto;Asfaltata;Verticale ed orizzontale;Nuvoloso;Normale;Sufficiente;Sufficiente;0;0;0;3;12.49637;41.90278;-1;1;Autobus turistico;In marcia / fermata / arresto;Conducente;M;Illeso;0;;Non accertato;
3544930;1;08/11/2017 18:37;Strada Urbana;VIA DELL'ARA MASSIMA DI ERCOLE;in prossimità;;del civico n.;FC 103;;Veicolo in marcia contro veicolo fermo;Rettilineo;Una carreggiata a doppio senso;Asciutto;Asfaltata;Verticale ed orizzontale;Nuvoloso;Normale;Sufficiente;Sufficiente;0;0;0;3;12.49637;41.90278;-1;1;Autobus turistico;In marcia / fermata / arresto;Passeggero;M;Illeso;0;;Non accertato;
3544930;1;08/11/2017 18:37;Strada Urbana;VIA DELL'ARA MASSIMA DI ERCOLE;in prossimità;;del civico n.;FC 103;;Veicolo in marcia contro veicolo fermo;Rettilineo;Una carreggiata a doppio senso;Asciutto;Asfaltata;Verticale ed orizzontale;Nuvoloso;Normale;Sufficiente;Sufficiente;0;0;0;3;12.49637;41.90278;-1;2;Autovettura privata;In marcia / fermata / arresto;Conducente;F;Illeso;0;;Non accertato;
3544943;16;08/11/2017 07:50;Strada Urbana;PIAZZALE AURELIO;all'intersezione con;VIA DI S. PANCRAZIO;VIA DI S. PANCRAZIO;;;Scontro laterale fra veicoli in marcia;Intersezione non regolata/non segnalata;Una carreggiata a senso unico di marcia;Asciutto;Asfaltata;Assente;Sereno;Intenso;Buona;Ore Diurne;1;0;0;1;12.46116;41.88836;-1;1;Autovettura privata;In marcia / fermata / arresto;Conducente;M;Illeso;0;;Non accertato;
3544943;16;08/11/2017 07:50;Strada Urbana;PIAZZALE AURELIO;all'intersezione con;VIA DI S. PANCRAZIO;VIA DI S. PANCRAZIO;;;Scontro laterale fra veicoli in marcia;Intersezione non regolata/non segnalata;Una carreggiata a senso unico di marcia;Asciutto;Asfaltata;Assente;Sereno;Intenso;Buona;Ore Diurne;1;0;0;1;12.46116;41.88836;-1;2;Motociclo a solo;In marcia / fermata / arresto;Conducente;M;Rimandato;0;NON DECEDUTO;;
3544948;2;08/11/2017 01:30;Strada Urbana;VIA DI TRASONE;in prossimità;;del civico n.;10;;Veicolo in marcia contro ostacolo fisso;Curva a visuale libera;Una carreggiata a senso unico di marcia;Asciutto;Asfaltata;Verticale ed orizzontale;Sereno;Scarso;Sufficiente;Sufficiente;0;0;0;1;12.51031;41.92816;-1;2;Autovettura privata;In marcia / fermata / arresto;Conducente;M;Illeso;0;;;
3544956;12;08/11/2017 11:35;Strada Urbana;VIALE DEGLI EROI DI RODI;in prossimità;;del civico n.;199;;Investimento di pedone;Rettilineo;Una carreggiata a senso unico di marcia;Asciutto;Asfaltata;Verticale ed orizzontale;Sereno;Normale;Buona;Ore Diurne;1;0;0;1;12.43728;41.78109;-1;;;;Pedone;M;Rimandato;0;NON DECEDUTO;;
3544956;12;08/11/2017 11:35;Strada Urbana;VIALE DEGLI EROI DI RODI;in prossimità;;del civico n.;199;;Investimento di pedone;Rettilineo;Una carreggiata a senso unico di marcia;Asciutto;Asfaltata;Verticale ed orizzontale;Sereno;Normale;Buona;Ore Diurne;1;0;0;1;12.43728;41.78109;-1;1;Autovettura privata;In marcia / fermata / arresto;Conducente;M;Illeso;0;;Non accertato;Inesploso
3544970;16;08/11/2017 09:15;;VIA SILVESTRI;in corrispondenza;;del civico n.;195;;Tamponamento Multiplo;;;;;;;;;;0;0;0;3;;;0;1;Autovettura privata;In marcia / fermata / arresto;Conducente;F;Illeso;0;;;
3544970;16;08/11/2017 09:15;;VIA SILVESTRI;in corrispondenza;;del civico n.;195;;Tamponamento Multiplo;;;;;;;;;;0;0;0;3;;;0;2;Autovettura privata;In marcia / fermata / arresto;Conducente;F;Illeso;0;;;
3544970;16;08/11/2017 09:15;;VIA SILVESTRI;in corrispondenza;;del civico n.;195;;Tamponamento Multiplo;;;;;;;;;;0;0;0;3;;;0;3;Motociclo a solo;In marcia / fermata / arresto;Conducente;M;Illeso;0;;;
3544971;7;08/11/2017 12:20;Strada Urbana;VIA CASILINA;in corrispondenza;;del civico n.;930;;Scontro laterale fra veicoli in marcia;Rettilineo;Una carreggiata a senso unico di marcia;Asciutto;Asfaltata;Orizzontale;Sereno;Normale;Buona;Ore Diurne;0;0;0;3;12.57239;41.87324;-1;1;Autovettura privata;In marcia / fermata / arresto;Conducente;M;Illeso;0;;;
3544971;7;08/11/2017 12:20;Strada Urbana;VIA CASILINA;in corrispondenza;;del civico n.;930;;Scontro laterale fra veicoli in marcia;Rettilineo;Una carreggiata a senso unico di marcia;Asciutto;Asfaltata;Orizzontale;Sereno;Normale;Buona;Ore Diurne;0;0;0;3;12.57239;41.87324;-1;1;Autovettura privata;In marcia / fermata / arresto;Passeggero;F;Illeso;0;;;
3544971;7;08/11/2017 12:20;Strada Urbana;VIA CASILINA;in corrispondenza;;del civico n.;930;;Scontro laterale fra veicoli in marcia;Rettilineo;Una carreggiata a senso unico di marcia;Asciutto;Asfaltata;Orizzontale;Sereno;Normale;Buona;Ore Diurne;0;0;0;3;12.57239;41.87324;-1;2;Autovettura privata;In marcia / fermata / arresto;Conducente;F;Illeso;0;;;
3544990;17;08/11/2017 19:30;Strada Urbana;VIA SABOTINO;all'intersezione con;VIA MONTE SANTO;VIA MONTE SANTO;;;Ribaltamento senza urto contro ostacolo fisso;Incrocio;Due carreggiate;Bagnato (umidità in atto);Asfaltata;Verticale ed orizzontale;Nuvoloso;Scarso;Buona;Sufficiente;0;0;0;3;12.46085;41.91672;-1;1;Autovettura privata;In marcia / fermata / arresto;Conducente;F;Illeso;0;;;
3544990;17;08/11/2017 19:30;Strada Urbana;VIA SABOTINO;all'intersezione con;VIA MONTE SANTO;VIA MONTE SANTO;;;Ribaltamento senza urto contro ostacolo fisso;Incrocio;Due carreggiate;Bagnato (umidità in atto);Asfaltata;Verticale ed orizzontale;Nuvoloso;Scarso;Buona;Sufficiente;0;0;0;3;12.46085;41.91672;-1;1;Autovettura privata;In marcia / fermata / arresto;Passeggero;F;Illeso;0;;;
3544990;17;08/11/2017 19:30;Strada Urbana;VIA SABOTINO;all'intersezione con;VIA MONTE SANTO;VIA MONTE SANTO;;;Ribaltamento senza urto contro ostacolo fisso;Incrocio;Due carreggiate;Bagnato (umidità in atto);Asfaltata;Verticale ed orizzontale;Nuvoloso;Scarso;Buona;Sufficiente;0;0;0;3;12.46085;41.91672;-1;2;Motociclo con passeggero;In marcia / fermata / arresto;Conducente;M;Illeso;0;;;
3545003;8;08/11/2017 09:30;Provinciale entro l'abitato;VIA PRENESTINA;in prossimità;;del civico n.;1375;;Tamponamento;Rettilineo;Una carreggiata a doppio senso;Asciutto;Asfaltata;Orizzontale;Sereno;Normale;Sufficiente;Ore Diurne;0;0;0;2;12.64663;41.89218;-1;1;Autovettura privata;In marcia / fermata / arresto;Conducente;F;Illeso;0;;Non accertato;Inesploso
3545003;8;08/11/2017 09:30;Provinciale entro l'abitato;VIA PRENESTINA;in prossimità;;del civico n.;1375;;Tamponamento;Rettilineo;Una carreggiata a doppio senso;Asciutto;Asfaltata;Orizzontale;Sereno;Normale;Sufficiente;Ore Diurne;0;0;0;2;12.64663;41.89218;-1;2;Autovettura privata;In marcia / fermata / arresto;Conducente;M;Illeso;0;;Non accertato;Inesploso
3545009;8;08/11/2017 16:30;Strada Urbana;VIA DI TORRENOVA;in corrispondenza;;del civico n.;140 H;;Scontro frontale/laterale SX fra veicoli in marcia;Rettilineo;Una carreggiata a doppio senso;Asciutto;Asfaltata;Verticale ed orizzontale;Sereno;Normale;Buona;Ore Diurne;0;0;0;5;12.61886;41.87308;-1;1;Autovettura privata;In marcia / fermata / arresto;Conducente;F;Illeso;0;;;
3545009;8;08/11/2017 16:30;Strada Urbana;VIA DI TORRENOVA;in corrispondenza;;del civico n.;140 H;;Scontro frontale/laterale SX fra veicoli in marcia;Rettilineo;Una carreggiata a doppio senso;Asciutto;Asfaltata;Verticale ed orizzontale;Sereno;Normale;Buona;Ore Diurne;0;0;0;5;12.61886;41.87308;-1;1;Autovettura privata;In marcia / fermata / arresto;Passeggero;M;Illeso;0;;;
3545009;8;08/11/2017 16:30;Strada Urbana;VIA DI TORRENOVA;in corrispondenza;;del civico n.;140 H;;Scontro frontale/laterale SX fra veicoli in marcia;Rettilineo;Una carreggiata a doppio senso;Asciutto;Asfaltata;Verticale ed orizzontale;Sereno;Normale;Buona;Ore Diurne;0;0;0;5;12.61886;41.87308;-1;2;Autovettura privata;In marcia / fermata / arresto;Conducente;M;Illeso;0;;;
3545009;8;08/11/2017 16:30;Strada Urbana;VIA DI TORRENOVA;in corrispondenza;;del civico n.;140 H;;Scontro frontale/laterale SX fra veicoli in marcia;Rettilineo;Una carreggiata a doppio senso;Asciutto;Asfaltata;Verticale ed orizzontale;Sereno;Normale;Buona;Ore Diurne;0;0;0;5;12.61886;41.87308;-1;2;Autovettura privata;In marcia / fermata / arresto;Passeggero;F;Illeso;0;;;
3545009;8;08/11/2017 16:30;Strada Urbana;VIA DI TORRENOVA;in corrispondenza;;del civico n.;140 H;;Scontro frontale/laterale SX fra veicoli in marcia;Rettilineo;Una carreggiata a doppio senso;Asciutto;Asfaltata;Verticale ed orizzontale;Sereno;Normale;Buona;Ore Diurne;0;0;0;5;12.61886;41.87308;-1;2;Autovettura privata;In marcia / fermata / arresto;Passeggero;M;Illeso;0;;;
3545011;8;08/11/2017 19:40;Strada Urbana;VIA DELLA LITE;in corrispondenza;;del civico n.;94/D;;Scontro laterale fra veicoli in marcia;Rettilineo;Una carreggiata a doppio senso;Bagnato (pioggia);Asfaltata;Orizzontale;Nuvoloso;Normale;Buona;Sufficiente;0;0;0;3;12.71617;41.85294;-1;1;Autovettura privata;In marcia / fermata / arresto;Conducente;F;Illeso;0;;Non accertato;Inesploso
3545011;8;08/11/2017 19:40;Strada Urbana;VIA DELLA LITE;in corrispondenza;;del civico n.;94/D;;Scontro laterale fra veicoli in marcia;Rettilineo;Una carreggiata a doppio senso;Bagnato (pioggia);Asfaltata;Orizzontale;Nuvoloso;Normale;Buona;Sufficiente;0;0;0;3;12.71617;41.85294;-1;1;Autovettura privata;In marcia / fermata / arresto;Passeggero;F;Illeso;0;;Non accertato;Inesploso
3545011;8;08/11/2017 19:40;Strada Urbana;VIA DELLA LITE;in corrispondenza;;del civico n.;94/D;;Scontro laterale fra veicoli in marcia;Rettilineo;Una carreggiata a doppio senso;Bagnato (pioggia);Asfaltata;Orizzontale;Nuvoloso;Normale;Buona;Sufficiente;0;0;0;3;12.71617;41.85294;-1;2;Autovettura privata;In marcia / fermata / arresto;Conducente;M;Illeso;0;;Non accertato;Inesploso
3545016;8;09/11/2017 01:00;Strada Urbana;VIA DI SALONE;in prossimità;;del civico n.;290;;Scontro frontale fra veicoli in marcia;Rettilineo;Una carreggiata a doppio senso;Asciutto;Asfaltata;Verticale ed orizzontale;Sereno;Scarso;Insufficiente;Inesistente;2;0;0;0;12.62841;41.92506;-1;1;Autovettura privata;In marcia / fermata / arresto;Conducente;M;Ricoverato;0;NON DECEDUTO;Non accertato;Inesploso
3545016;8;09/11/2017 01:00;Strada Urbana;VIA DI SALONE;in prossimità;;del civico n.;290;;Scontro frontale fra veicoli in marcia;Rettilineo;Una carreggiata a doppio senso;Asciutto;Asfaltata;Verticale ed orizzontale;Sereno;Scarso;Insufficiente;Inesistente;2;0;0;0;12.62841;41.92506;-1;2;Autovettura privata;In marcia / fermata / arresto;Conducente;M;Rimandato;0;NON DECEDUTO;Non accertato;Inesploso
3545021;16;08/11/2017 13:00;;VIA DI VILLA TROILI;all'intersezione con;VIA DEGLI ALDOBRANDESCHI;VIA DEGLI ALDOBRANDESCHI;;;Scontro frontale/laterale DX fra veicoli in marcia;;;;;;;;;;0;0;0;2;;;0;1;Autovettura privata;In marcia / fermata / arresto;Conducente;M;Illeso;0;;;
3545021;16;08/11/2017 13:00;;VIA DI VILLA TROILI;all'intersezione con;VIA DEGLI ALDOBRANDESCHI;VIA DEGLI ALDOBRANDESCHI;;;Scontro frontale/laterale DX fra veicoli in marcia;;;;;;;;;;0;0;0;2;;;0;2;Autocarro inferiore 35 q.;In marcia / fermata / arresto;Conducente;M;Illeso;0;;;
3545022;8;08/11/2017 10:20;Strada Urbana;VIA DI ROCCA CENCIA;in corrispondenza;;del civico n.;301;;Scontro frontale/laterale DX fra veicoli in marcia;Rettilineo;Una carreggiata a doppio senso;Asciutto;Asfaltata;Verticale;Sereno;Intenso;Buona;Ore Diurne;0;0;0;2;12.69574;41.88533;-1;1;Autocarro inferiore 35 q.;In marcia / fermata / arresto;Conducente;M;Illeso;0;;Non accertato;Inesploso
3545022;8;08/11/2017 10:20;Strada Urbana;VIA DI ROCCA CENCIA;in corrispondenza;;del civico n.;301;;Scontro frontale/laterale DX fra veicoli in marcia;Rettilineo;Una carreggiata a doppio senso;Asciutto;Asfaltata;Verticale;Sereno;Intenso;Buona;Ore Diurne;0;0;0;2;12.69574;41.88533;-1;2;Autovettura privata;In marcia / fermata / arresto;Conducente;M;Illeso;0;;Non accertato;Inesploso
3545025;6;09/11/2017 08:00;Strada Urbana;PIAZZALE PRENESTINO;in corrispondenza;;del civico n.;10;;Tamponamento;Rettilineo;Più di due carreggiate;Asciutto;Asfaltata;Verticale ed orizzontale;Sereno;Intenso;Buona;Ore Diurne;1;0;0;2;12.52664;41.89129;-1;1;Autovettura privata;In marcia / fermata / arresto;Conducente;M;Rifiuta cure immediate;0;NON DECEDUTO;;
3545025;6;09/11/2017 08:00;Strada Urbana;PIAZZALE PRENESTINO;in corrispondenza;;del civico n.;10;;Tamponamento;Rettilineo;Più di due carreggiate;Asciutto;Asfaltata;Verticale ed orizzontale;Sereno;Intenso;Buona;Ore Diurne;1;0;0;2;12.52664;41.89129;-1;2;Autovettura privata;In marcia / fermata / arresto;Conducente;M;Illeso;0;;;
3545025;6;09/11/2017 08:00;Strada Urbana;PIAZZALE PRENESTINO;in corrispondenza;;del civico n.;10;;Tamponamento;Rettilineo;Più di due carreggiate;Asciutto;Asfaltata;Verticale ed orizzontale;Sereno;Intenso;Buona;Ore Diurne;1;0;0;2;12.52664;41.89129;-1;2;Autovettura privata;In marcia / fermata / arresto;Passeggero;M;Illeso;0;;Non accertato;
3545028;17;08/11/2017 10:40;Strada Urbana;VIA DELLA CONCILIAZIONE;all'intersezione con;VIA S. PIO X;VIA S. PIO X;;;Veicolo in marcia contro ostacolo accidentale;Intersezione semaforizzata;Una carreggiata a doppio senso;Asciutto;In cubetti di porfido;Verticale ed orizzontale;Sereno;Normale;Buona;Ore Diurne;1;0;0;0;12.46168;41.90219;-1;1;Motociclo a solo;In marcia / fermata / arresto;Conducente;M;Rifiuta cure immediate;0;NON DECEDUTO;Non accertato;
3545030;8;08/11/2017 07:40;Strada Urbana;VIA DEL FOSSO DI S. MAURA;in prossimità;;del palo luce n.;48;;Investimento di pedone;Rettilineo;Più di due carreggiate;Asciutto;Asfaltata;Verticale ed orizzontale;Nebbia;Intenso;Buona;Ore Diurne;1;0;0;1;12.59469;41.85795;-1;;;;Pedone;F;Rimandato;0;NON DECEDUTO;;
3545030;8;08/11/2017 07:40;Strada Urbana;VIA DEL FOSSO DI S. MAURA;in prossimità;;del palo luce n.;48;;Investimento di pedone;Rettilineo;Più di due carreggiate;Asciutto;Asfaltata;Verticale ed orizzontale;Nebbia;Intenso;Buona;Ore Diurne;1;0;0;1;12.59469;41.85795;-1;1;Autovettura privata;In marcia / fermata / arresto;Conducente;M;Illeso;0;;Non accertato;Inesploso
3545035;8;08/11/2017 08:40;Strada Urbana;VIA COLLATINA;in corrispondenza;;del civico n.;532;;Scontro frontale/laterale SX fra veicoli in marcia;Rettilineo;Una carreggiata a doppio senso;Asciutto;Asfaltata;Assente;Sereno;Normale;Buona;Ore Diurne;1;0;0;1;12.62407;41.9071;-1;1;Autocarro inferiore 35 q.;In marcia / fermata / arresto;Conducente;M;Illeso;0;;Non accertato;Inesploso
3545035;8;08/11/2017 08:40;Strada Urbana;VIA COLLATINA;in corrispondenza;;del civico n.;532;;Scontro frontale/laterale SX fra veicoli in marcia;Rettilineo;Una carreggiata a doppio senso;Asciutto;Asfaltata;Assente;Sereno;Normale;Buona;Ore Diurne;1;0;0;1;12.62407;41.9071;-1;2;Autovettura privata;In marcia / fermata / arresto;Conducente;M;Rimandato;0;NON DECEDUTO;Non accertato;Inesploso
3545052;2;08/11/2017 11:25;Strada Urbana;VIA DI VILLA RUFFO;all'intersezione con;VIALE DAVID LUBIN;VIALE DAVID LUBIN;;;Scontro frontale/laterale SX fra veicoli in marcia;Incrocio;Una carreggiata a senso unico di marcia;Asciutto;Asfaltata;Verticale;Sereno;Scarso;Buona;Ore Diurne;0;0;0;3;12.47736;41.91366;-1;1;Autovettura di polizia;In marcia / fermata / arresto;Conducente;M;Illeso;0;;Non accertato;Inesploso
3545052;2;08/11/2017 11:25;Strada Urbana;VIA DI VILLA RUFFO;all'intersezione con;VIALE DAVID LUBIN;VIALE DAVID LUBIN;;;Scontro frontale/laterale SX fra veicoli in marcia;Incrocio;Una carreggiata a senso unico di marcia;Asciutto;Asfaltata;Verticale;Sereno;Scarso;Buona;Ore Diurne;0;0;0;3;12.47736;41.91366;-1;1;Autovettura di polizia;In marcia / fermata / arresto;Passeggero;M;Illeso;0;;Non accertato;Inesploso
3545052;2;08/11/2017 11:25;Strada Urbana;VIA DI VILLA RUFFO;all'intersezione con;VIALE DAVID LUBIN;VIALE DAVID LUBIN;;;Scontro frontale/laterale SX fra veicoli in marcia;Incrocio;Una carreggiata a senso unico di marcia;Asciutto;Asfaltata;Verticale;Sereno;Scarso;Buona;Ore Diurne;0;0;0;3;12.47736;41.91366;-1;2;Autovettura privata;In marcia / fermata / arresto;Conducente;M;Illeso;0;;Non accertato;Inesploso
3545055;2;08/11/2017 12:10;Strada Urbana;LUNGOTEVERE DELLE NAVI;all'intersezione semaforizzata con;PIAZZALE DELLE BELLE ARTI;PIAZZALE DELLE BELLE ARTI;;;Veicolo in marcia contro veicolo in sosta;Incrocio;Più di due carreggiate;Asciutto;Asfaltata;Verticale ed orizzontale;Sereno;Intenso;Buona;Ore Diurne;0;0;0;2;12.47158;41.91664;-1;1;Autovettura di polizia;In marcia / fermata / arresto;Conducente;M;Illeso;0;;Non accertato;Inesploso
3545055;2;08/11/2017 12:10;Strada Urbana;LUNGOTEVERE DELLE NAVI;all'intersezione semaforizzata con;PIAZZALE DELLE BELLE ARTI;PIAZZALE DELLE BELLE ARTI;;;Veicolo in marcia contro veicolo in sosta;Incrocio;Più di due carreggiate;Asciutto;Asfaltata;Verticale ed orizzontale;Sereno;Intenso;Buona;Ore Diurne;0;0;0;2;12.47158;41.91664;-1;1;Autovettura di polizia;In marcia / fermata / arresto;Passeggero;M;Illeso;0;;Non accertato;Inesploso
3545058;2;08/11/2017 13:45;Strada Urbana;VIALE DEL VIGNOLA;da specificare;;;;pross. VIA DONATELLO;Veicolo in marcia contro veicolo arresto;Rettilineo;Due carreggiate;Asciutto;Asfaltata;Verticale ed orizzontale;Sereno;Normale;Buona;Ore Diurne;2;0;0;1;12.46633;41.92534;-1;1;Autovettura di polizia;In marcia / fermata / arresto;Conducente;M;Rifiuta cure immediate;0;NON DECEDUTO;Non accertato;Inesploso
3545058;2;08/11/2017 13:45;Strada Urbana;VIALE DEL VIGNOLA;da specificare;;;;pross. VIA DONATELLO;Veicolo in marcia contro veicolo arresto;Rettilineo;Due carreggiate;Asciutto;Asfaltata;Verticale ed orizzontale;Sereno;Normale;Buona;Ore Diurne;2;0;0;1;12.46633;41.92534;-1;1;Autovettura di polizia;In marcia / fermata / arresto;Passeggero;M;Rifiuta cure immediate;0;NON DECEDUTO;Non accertato;Inesploso