Protocollo;Gruppo;DataOraIncidente;Localizzazione1;STRADA1;Localizzazione2;STRADA2;Strada02;Chilometrica;DaSpecificare;NaturaIncidente;particolaritastrade;TipoStrada;FondoStradale;Pavimentazione;Segnaletica;CondizioneAtmosferica;Traffico;Visibilita;Illuminazione;NUM_FERITI;NUM_RISERVATA;NUM_MORTI;NUM_ILLESI;Longitudine;Latitudine;Confermato;Progressivo;TipoVeicolo;StatoVeicolo;TipoPersona;Sesso;Tipolesione;Deceduto;DecedutoDopo;CinturaCascoUtilizzato;Airbag
3548751;7;11/11/2017 11:30;Strada Urbana;VIA ADRIANO CECIONI;in prossimità;;del civico n.;11;;Scontro laterale fra veicoli in marcia;Rettilineo;Una carreggiata a senso unico di marcia;Asciutto;Asfaltata;Verticale ed orizzontale;Sereno;Normale;Buona;Ore Diurne;0;0;0;4;12.59082;41.90224;-1;2;Autovettura privata;In marcia / fermata / arresto;Conducente;M;Illeso;0;;Non accertato;Inesploso
3548751;7;11/11/2017 11:30;Strada Urbana;VIA ADRIANO CECIONI;in prossimità;;del civico n.;11;;Scontro laterale fra veicoli in marcia;Rettilineo;Una carreggiata a senso unico di marcia;Asciutto;Asfaltata;Verticale ed orizzontale;Sereno;Normale;Buona;Ore Diurne;0;0;0;4;12.59082;41.90224;-1;2;Autovettura privata;In marcia / fermata / arresto;Passeggero;M;Illeso;0;;Non utilizzato;Inesploso
3548751;7;11/11/2017 11:30;Strada Urbana;VIA ADRIANO CECIONI;in prossimità;;del civico n.;11;;Scontro laterale fra veicoli in marcia;Rettilineo;Una carreggiata a senso unico di marcia;Asciutto;Asfaltata;Verticale ed orizzontale;Sereno;Normale;Buona;Ore Diurne;0;0;0;4;12.59082;41.90224;-1;2;Autovettura privata;In marcia / fermata / arresto;Passeggero;M;Illeso;0;;Non accertato;Inesploso
3548772;20;11/11/2017 15:00;Regionale entro l'abitato;VIA CASSIA;in corrispondenza;;del civico n.;1778;;Veicolo in marcia contro veicolo fermo;Rettilineo;Una carreggiata a doppio senso;Asciutto;Asfaltata;Orizzontale;Sereno;Intenso;Buona;Ore Diurne;0;0;0;3;12.37846;42.00994;-1;1;Autovettura privata;In marcia / fermata / arresto;Conducente;M;Illeso;0;;Non accertato;Inesploso
3548772;20;11/11/2017 15:00;Regionale entro l'abitato;VIA CASSIA;in corrispondenza;;del civico n.;1778;;Veicolo in marcia contro veicolo fermo;Rettilineo;Una carreggiata a doppio senso;Asciutto;Asfaltata;Orizzontale;Sereno;Intenso;Buona;Ore Diurne;0;0;0;3;12.37846;42.00994;-1;1;Autovettura privata;In marcia / fermata / arresto;Passeggero;M;Illeso;0;;Non accertato;Inesploso
3548772;20;11/11/2017 15:00;Regionale entro l'abitato;VIA CASSIA;in corrispondenza;;del civico n.;1778;;Veicolo in marcia contro veicolo fermo;Rettilineo;Una carreggiata a doppio senso;Asciutto;Asfaltata;Orizzontale;Sereno;Intenso;Buona;Ore Diurne;0;0;0;3;12.37846;42.00994;-1;2;Autovettura privata;In marcia / fermata / arresto;Conducente;M;Illeso;0;;Non accertato;Inesistente
3548775;20;11/11/2017 16:00;Strada Urbana;VIA CONCESIO;da specificare;;;;alt. civ 64 (fronte centro sportivo Jolly);Investimento di pedone;Rettilineo;Una carreggiata a doppio senso;Asciutto;Asfaltata;Verticale ed orizzontale;Sereno;Normale;Buona;Ore Diurne;1;0;0;1;12.48346;42.0078;-1;;;;Pedone;M;Ricoverato;0;NON DECEDUTO;;
3548775;20;11/11/2017 16:00;Strada Urbana;VIA CONCESIO;da specificare;;;;alt. civ 64 (fronte centro sportivo Jolly);Investimento di pedone;Rettilineo;Una carreggiata a doppio senso;Asciutto;Asfaltata;Verticale ed orizzontale;Sereno;Normale;Buona;Ore Diurne;1;0;0;1;12.48346;42.0078;-1;1;Motociclo a solo;In marcia / fermata / arresto;Conducente;M;Illeso;0;;Non accertato;
3548779;13;11/11/2017 12:35;Strada Urbana;LUNGOMARE PAOLO TOSCANELLI;in prossimità;;del civico n.;140;;Tamponamento Multiplo;Rettilineo;Due carreggiate;Asciutto;Asfaltata;Verticale ed orizzontale;Sereno;Normale;Buona;Ore Diurne;0;0;0;5;12.27459;41.73044;-1;1;Autovettura privata;In marcia / fermata / arresto;Conducente;M;Illeso;0;;Non accertato;Inesploso
3548779;13;11/11/2017 12:35;Strada Urbana;LUNGOMARE PAOLO TOSCANELLI;in prossimità;;del civico n.;140;;Tamponamento Multiplo;Rettilineo;Due carreggiate;Asciutto;Asfaltata;Verticale ed orizzontale;Sereno;Normale;Buona;Ore Diurne;0;0;0;5;12.27459;41.73044;-1;2;Autovettura privata;In marcia / fermata / arresto;Conducente;M;Illeso;0;;Non accertato;Inesploso
3548779;13;11/11/2017 12:35;Strada Urbana;LUNGOMARE PAOLO TOSCANELLI;in prossimità;;del civico n.;140;;Tamponamento Multiplo;Rettilineo;Due carreggiate;Asciutto;Asfaltata;Verticale ed orizzontale;Sereno;Normale;Buona;Ore Diurne;0;0;0;5;12.27459;41.73044;-1;2;Autovettura privata;In marcia / fermata / arresto;Passeggero;M;Illeso;0;;Non accertato;Inesploso
3548779;13;11/11/2017 12:35;Strada Urbana;LUNGOMARE PAOLO TOSCANELLI;in prossimità;;del civico n.;140;;Tamponamento Multiplo;Rettilineo;Due carreggiate;Asciutto;Asfaltata;Verticale ed orizzontale;Sereno;Normale;Buona;Ore Diurne;0;0;0;5;12.27459;41.73044;-1;2;Autovettura privata;In marcia / fermata / arresto;Passeggero;M;Illeso;0;;Non accertato;Inesploso
3548779;13;11/11/2017 12:35;Strada Urbana;LUNGOMARE PAOLO TOSCANELLI;in prossimità;;del civico n.;140;;Tamponamento Multiplo;Rettilineo;Due carreggiate;Asciutto;Asfaltata;Verticale ed orizzontale;Sereno;Normale;Buona;Ore Diurne;0;0;0;5;12.27459;41.73044;-1;2;Autovettura privata;In marcia / fermata / arresto;Passeggero;F;Illeso;0;;Non accertato;Inesploso
3548817;1;11/11/2017 15:30;Strada Urbana;VIA PRINCIPE EUGENIO;in corrispondenza;;del civico n.;77;;Veicolo in marcia contro ostacolo fisso;Rettilineo;Una carreggiata a doppio senso;Asciutto;Asfaltata;Verticale ed orizzontale;Sereno;Normale;Buona;Ore Diurne;0;0;0;2;12.5086;41.89351;-1;1;Macchina operatrice;In marcia / fermata / arresto;Conducente;F;Illeso;0;;Non utilizzato;Inesploso
3548817;1;11/11/2017 15:30;Strada Urbana;VIA PRINCIPE EUGENIO;in corrispondenza;;del civico n.;77;;Veicolo in marcia contro ostacolo fisso;Rettilineo;Una carreggiata a doppio senso;Asciutto;Asfaltata;Verticale ed orizzontale;Sereno;Normale;Buona;Ore Diurne;0;0;0;2;12.5086;41.89351;-1;1;Macchina operatrice;In marcia / fermata / arresto;Passeggero;M;Illeso;0;;;
3548852;1;11/11/2017 14:15;Strada Urbana;VIA DELLA FERRATELLA IN LATERANO;all'intersezione semaforizzata con;VIA DEI LATERANI;VIA DEI LATERANI;;;Scontro laterale fra veicoli in marcia;Intersezione semaforizzata;Una carreggiata a senso unico di marcia;Asciutto;Asfaltata;Verticale ed orizzontale;Sereno;Normale;Buona;Ore Diurne;0;0;0;2;12.50298;41.88348;-1;1;Autocarro inferiore 35 q.;In marcia / fermata / arresto;Conducente;M;Illeso;0;;Utilizzato;Inesploso
3548852;1;11/11/2017 14:15;Strada Urbana;VIA DELLA FERRATELLA IN LATERANO;all'intersezione semaforizzata con;VIA DEI LATERANI;VIA DEI LATERANI;;;Scontro laterale fra veicoli in marcia;Intersezione semaforizzata;Una carreggiata a senso unico di marcia;Asciutto;Asfaltata;Verticale ed orizzontale;Sereno;Normale;Buona;Ore Diurne;0;0;0;2;12.50298;41.88348;-1;2;Autovettura privata;In marcia / fermata / arresto;Conducente;M;Illeso;0;;Utilizzato;Inesploso
3549174;17;11/11/2017 21:00;Strada Urbana;VIA TRIONFALE;all'intersezione con;VIA TOMMASO CAMPANELLA;VIA TOMMASO CAMPANELLA;;;Scontro frontale/laterale DX fra veicoli in marcia;Incrocio;Una carreggiata a senso unico di marcia;Asciutto;Asfaltata;Verticale ed orizzontale;Sereno;Normale;Sufficiente;Sufficiente;0;0;0;2;12.42294;41.94086;0;1;Autovettura privata;In marcia / fermata / arresto;Conducente;M;Illeso;0;;Non accertato;
3549174;17;11/11/2017 21:00;Strada Urbana;VIA TRIONFALE;all'intersezione con;VIA TOMMASO CAMPANELLA;VIA TOMMASO CAMPANELLA;;;Scontro frontale/laterale DX fra veicoli in marcia;Incrocio;Una carreggiata a senso unico di marcia;Asciutto;Asfaltata;Verticale ed orizzontale;Sereno;Normale;Sufficiente;Sufficiente;0;0;0;2;12.42294;41.94086;0;2;Motociclo a solo;In marcia / fermata / arresto;Conducente;M;Illeso;0;;Non accertato;
3549184;1;11/11/2017 20:30;Strada Urbana;VIA GUERRIERI;all'intersezione con;LARGO GIOVANNI CHIARINI;LARGO GIOVANNI CHIARINI;;;Veicolo in marcia contro veicolo arresto;Incrocio;Una carreggiata a doppio senso;Asciutto;Asfaltata;Verticale ed orizzontale;Sereno;Normale;Sufficiente;Sufficiente;1;0;0;2;12.48958;41.87677;-1;1;Motociclo con passeggero;In marcia / fermata / arresto;Conducente;M;Illeso;0;;Utilizzato;
3549184;1;11/11/2017 20:30;Strada Urbana;VIA GUERRIERI;all'intersezione con;LARGO GIOVANNI CHIARINI;LARGO GIOVANNI CHIARINI;;;Veicolo in marcia contro veicolo arresto;Incrocio;Una carreggiata a doppio senso;Asciutto;Asfaltata;Verticale ed orizzontale;Sereno;Normale;Sufficiente;Sufficiente;1;0;0;2;12.48958;41.87677;-1;1;Motociclo con passeggero;In marcia / fermata / arresto;Passeggero;F;Rimandato;0;NON DECEDUTO;;
3549184;1;11/11/2017 20:30;Strada Urbana;VIA GUERRIERI;all'intersezione con;LARGO GIOVANNI CHIARINI;LARGO GIOVANNI CHIARINI;;;Veicolo in marcia contro veicolo arresto;Incrocio;Una carreggiata a doppio senso;Asciutto;Asfaltata;Verticale ed orizzontale;Sereno;Normale;Sufficiente;Sufficiente;1;0;0;2;12.48958;41.87677;-1;2;Autovettura privata;In marcia / fermata / arresto;Conducente;M;Illeso;0;;Utilizzato;Inesploso
3549197;1;11/11/2017 18:50;Strada Urbana;LUNGOTEVERE IN AUGUSTA;all'intersezione semaforizzata con;VIA FERDINANDO DI SAVOIA;VIA FERDINANDO DI SAVOIA;;;Scontro laterale fra veicoli in marcia;Intersezione semaforizzata;Una carreggiata a senso unico di marcia;Asciutto;Asfaltata;Verticale ed orizzontale;Sereno;Normale;Sufficiente;Sufficiente;0;0;0;2;12.47308;41.90987;-1;1;Autovettura privata;In marcia / fermata / arresto;Conducente;F;Illeso;0;;Utilizzato;Inesploso
3549197;1;11/11/2017 18:50;Strada Urbana;LUNGOTEVERE IN AUGUSTA;all'intersezione semaforizzata con;VIA FERDINANDO DI SAVOIA;VIA FERDINANDO DI SAVOIA;;;Scontro laterale fra veicoli in marcia;Intersezione semaforizzata;Una carreggiata a senso unico di marcia;Asciutto;Asfaltata;Verticale ed orizzontale;Sereno;Normale;Sufficiente;Sufficiente;0;0;0;2;12.47308;41.90987;-1;2;Autocarro inferiore 35 q.;In marcia / fermata / arresto;Conducente;M;Illeso;0;;Utilizzato;Inesploso
3549211;17;12/11/2017 01:00;Strada Urbana;VIA DURAZZO;in corrispondenza;;del civico n.;12;;Veicolo in marcia contro veicoli in sosta;Rettilineo;Una carreggiata a doppio senso;Asciutto;Asfaltata;Verticale ed orizzontale;Sereno;Scarso;Buona;Sufficiente;0;0;0;1;12.4572;41.92129;-1;1;Autovettura privata;In marcia / fermata / arresto;Conducente;M;Illeso;0;;;
3549233;1;11/11/2017 23:00;Strada Urbana;LUNGOTEVERE DEI TEBALDI;in prossimità;;del civico n.;5;;Scontro laterale fra veicoli in marcia;Rettilineo;Una carreggiata a senso unico di marcia;Asciutto;Asfaltata;Verticale ed orizzontale;Sereno;Normale;Buona;Sufficiente;0;0;0;4;12.47046;41.89343;-1;1;Autovettura privata;In marcia / fermata / arresto;Conducente;M;Illeso;0;;Utilizzato;Inesploso
3549233;1;11/11/2017 23:00;Strada Urbana;LUNGOTEVERE DEI TEBALDI;in prossimità;;del civico n.;5;;Scontro laterale fra veicoli in marcia;Rettilineo;Una carreggiata a senso unico di marcia;Asciutto;Asfaltata;Verticale ed orizzontale;Sereno;Normale;Buona;Sufficiente;0;0;0;4;12.47046;41.89343;-1;1;Autovettura privata;In marcia / fermata / arresto;Passeggero;F;Illeso;0;;Utilizzato;Inesploso
3549233;1;11/11/2017 23:00;Strada Urbana;LUNGOTEVERE DEI TEBALDI;in prossimità;;del civico n.;5;;Scontro laterale fra veicoli in marcia;Rettilineo;Una carreggiata a senso unico di marcia;Asciutto;Asfaltata;Verticale ed orizzontale;Sereno;Normale;Buona;Sufficiente;0;0;0;4;12.47046;41.89343;-1;2;Autovettura privata;In marcia / fermata / arresto;Conducente;M;Illeso;0;;Utilizzato;Inesploso
3549233;1;11/11/2017 23:00;Strada Urbana;LUNGOTEVERE DEI TEBALDI;in prossimità;;del civico n.;5;;Scontro laterale fra veicoli in marcia;Rettilineo;Una carreggiata a senso unico di marcia;Asciutto;Asfaltata;Verticale ed orizzontale;Sereno;Normale;Buona;Sufficiente;0;0;0;4;12.47046;41.89343;-1;2;Autovettura privata;In marcia / fermata / arresto;Passeggero;F;Illeso;0;;Utilizzato;Inesploso
3549269;1;12/11/2017 00:15;Strada Urbana;VIA MERULANA;all'intersezione con;LARGO LEOPARDI;LARGO LEOPARDI;;;Tamponamento;Incrocio;Una carreggiata a doppio senso;Asciutto;Asfaltata;Verticale ed orizzontale;Sereno;Normale;Buona;Sufficiente;0;0;0;4;12.50109;41.8935;-1;1;Autovettura privata;In marcia / fermata / arresto;Conducente;F;Illeso;0;;Utilizzato;Inesploso
3549269;1;12/11/2017 00:15;Strada Urbana;VIA MERULANA;all'intersezione con;LARGO LEOPARDI;LARGO LEOPARDI;;;Tamponamento;Incrocio;Una carreggiata a doppio senso;Asciutto;Asfaltata;Verticale ed orizzontale;Sereno;Normale;Buona;Sufficiente;0;0;0;4;12.50109;41.8935;-1;1;Autovettura privata;In marcia / fermata / arresto;Passeggero;F;Illeso;0;;Utilizzato;Inesploso
3549269;1;12/11/2017 00:15;Strada Urbana;VIA MERULANA;all'intersezione con;LARGO LEOPARDI;LARGO LEOPARDI;;;Tamponamento;Incrocio;Una carreggiata a doppio senso;Asciutto;Asfaltata;Verticale ed orizzontale;Sereno;Normale;Buona;Sufficiente;0;0;0;4;12.50109;41.8935;-1;2;Autovettura privata;In marcia / fermata / arresto;Conducente;M;Illeso;0;;Utilizzato;Inesploso
3549269;1;12/11/2017 00:15;Strada Urbana;VIA MERULANA;all'intersezione con;LARGO LEOPARDI;LARGO LEOPARDI;;;Tamponamento;Incrocio;Una carreggiata a doppio senso;Asciutto;Asfaltata;Verticale ed orizzontale;Sereno;Normale;Buona;Sufficiente;0;0;0;4;12.50109;41.8935;-1;2;Autovettura privata;In marcia / fermata / arresto;Passeggero;M;Illeso;0;;;
3549290;1;11/11/2017 23:30;Strada Urbana;VIA EMANUELE FILIBERTO;da specificare;;;;in prossimità VIA AMEDEO VIII;Investimento di pedone;Rettilineo;Una carreggiata a doppio senso;Asciutto;Asfaltata;Verticale ed orizzontale;Sereno;Normale;Buona;Sufficiente;2;0;0;3;12.50789;41.88815;-1;;;;Pedone;M;Rimandato;0;NON DECEDUTO;;
3549290;1;11/11/2017 23:30;Strada Urbana;VIA EMANUELE FILIBERTO;da specificare;;;;in prossimità VIA AMEDEO VIII;Investimento di pedone;Rettilineo;Una carreggiata a doppio senso;Asciutto;Asfaltata;Verticale ed orizzontale;Sereno;Normale;Buona;Sufficiente;2;0;0;3;12.50789;41.88815;-1;;;;Pedone;M;Rimandato;0;NON DECEDUTO;;
3549290;1;11/11/2017 23:30;Strada Urbana;VIA EMANUELE FILIBERTO;da specificare;;;;in prossimità VIA AMEDEO VIII;Investimento di pedone;Rettilineo;Una carreggiata a doppio senso;Asciutto;Asfaltata;Verticale ed orizzontale;Sereno;Normale;Buona;Sufficiente;2;0;0;3;12.50789;41.88815;-1;1;Autovettura privata;In marcia / fermata / arresto;Conducente;M;Illeso;0;;Utilizzato;Inesploso
3549290;1;11/11/2017 23:30;Strada Urbana;VIA EMANUELE FILIBERTO;da specificare;;;;in prossimità VIA AMEDEO VIII;Investimento di pedone;Rettilineo;Una carreggiata a doppio senso;Asciutto;Asfaltata;Verticale ed orizzontale;Sereno;Normale;Buona;Sufficiente;2;0;0;3;12.50789;41.88815;-1;1;Autovettura privata;In marcia / fermata / arresto;Passeggero;M;Illeso;0;;Non accertato;
3549290;1;11/11/2017 23:30;Strada Urbana;VIA EMANUELE FILIBERTO;da specificare;;;;in prossimità VIA AMEDEO VIII;Investimento di pedone;Rettilineo;Una carreggiata a doppio senso;Asciutto;Asfaltata;Verticale ed orizzontale;Sereno;Normale;Buona;Sufficiente;2;0;0;3;12.50789;41.88815;-1;1;Autovettura privata;In marcia / fermata / arresto;Passeggero;M;Illeso;0;;Utilizzato;Inesploso
3549314;12;12/11/2017 06:40;Strada Urbana;VIA ALVARO DEL PORTILLO;in prossimità;;del civico n.;99;;Veicolo in marcia contro ostacolo fisso;Curva senza visuale libera;Una carreggiata a doppio senso;Bagnato (umidità in atto);Asfaltata;Verticale ed orizzontale;Sereno;Normale;Buona;Sufficiente;0;0;0;1;12.47093;41.76857;-1;1;Autovettura privata;In marcia / fermata / arresto;Conducente;M;Illeso;0;;Utilizzato;Inesploso
3549359;23;11/11/2017 20:00;Comunale extraurbana;VIA CRISTOFORO COLOMBO;in corrispondenza;;della chilometrica;22.45;;Veicolo in marcia contro ostacolo accidentale;Rettilineo;Più di due carreggiate;Asciutto;Asfaltata;Orizzontale;Nuvoloso;Scarso;Sufficiente;Insufficiente;0;0;0;1;12.41155;41.78584;-1;1;Autovettura privata;In marcia / fermata / arresto;Conducente;M;Illeso;0;;Non accertato;Inesploso
3549539;1;12/11/2017 10:30;Strada Urbana;PONTE SUBLICIO;da specificare;;;;PONTE SUBLICIO;Infortunio per caduta del veicolo;Rettilineo;Una carreggiata a doppio senso;Asciutto;Asfaltata;Verticale ed orizzontale;Sereno;Normale;Buona;Ore Diurne;1;0;0;0;12.47513;41.88333;-1;1;Velocipede;In marcia / fermata / arresto;Conducente;F;Rimandato;0;NON DECEDUTO;Esente;
3549561;20;12/11/2017 12:45;Strada Urbana;VIALE DI TOR DI QUINTO;in prossimità;;del civico n.;64;;Tamponamento Multiplo;Curva a visuale libera;Una carreggiata a doppio senso;Asciutto;Asfaltata;Verticale ed orizzontale;Nuvoloso;Normale;Buona;Ore Diurne;3;0;0;4;12.4786;41.93832;-1;1;Autovettura privata;In marcia / fermata / arresto;Conducente;M;Illeso;0;;Non accertato;Inesploso
3549561;20;12/11/2017 12:45;Strada Urbana;VIALE DI TOR DI QUINTO;in prossimità;;del civico n.;64;;Tamponamento Multiplo;Curva a visuale libera;Una carreggiata a doppio senso;Asciutto;Asfaltata;Verticale ed orizzontale;Nuvoloso;Normale;Buona;Ore Diurne;3;0;0;4;12.4786;41.93832;-1;2;Autovettura privata;In marcia / fermata / arresto;Conducente;F;Illeso;0;;Non accertato;Inesploso
3549561;20;12/11/2017 12:45;Strada Urbana;VIALE DI TOR DI QUINTO;in prossimità;;del civico n.;64;;Tamponamento Multiplo;Curva a visuale libera;Una carreggiata a doppio senso;Asciutto;Asfaltata;Verticale ed orizzontale;Nuvoloso;Normale;Buona;Ore Diurne;3;0;0;4;12.4786;41.93832;-1;2;Autovettura privata;In marcia / fermata / arresto;Passeggero;M;Rimandato;0;NON DECEDUTO;Non accertato;Inesploso
3549561;20;12/11/2017 12:45;Strada Urbana;VIALE DI TOR DI QUINTO;in prossimità;;del civico n.;64;;Tamponamento Multiplo;Curva a visuale libera;Una carreggiata a doppio senso;Asciutto;Asfaltata;Verticale ed orizzontale;Nuvoloso;Normale;Buona;Ore Diurne;3;0;0;4;12.4786;41.93832;-1;2;Autovettura privata;In marcia / fermata / arresto;Passeggero;M;Illeso;0;;Non accertato;Inesploso
3549561;20;12/11/2017 12:45;Strada Urbana;VIALE DI TOR DI QUINTO;in prossimità;;del civico n.;64;;Tamponamento Multiplo;Curva a visuale libera;Una carreggiata a doppio senso;Asciutto;Asfaltata;Verticale ed orizzontale;Nuvoloso;Normale;Buona;Ore Diurne;3;0;0;4;12.4786;41.93832;-1;2;Autovettura privata;In marcia / fermata / arresto;Passeggero;F;Rimandato;0;NON DECEDUTO;Non accertato;Inesploso
3549561;20;12/11/2017 12:45;Strada Urbana;VIALE DI TOR DI QUINTO;in prossimità;;del civico n.;64;;Tamponamento Multiplo;Curva a visuale libera;Una carreggiata a doppio senso;Asciutto;Asfaltata;Verticale ed orizzontale;Nuvoloso;Normale;Buona;Ore Diurne;3;0;0;4;12.4786;41.93832;-1;2;Autovettura privata;In marcia / fermata / arresto;Passeggero;M;Rimandato;0;NON DECEDUTO;Non accertato;Inesploso
3549561;20;12/11/2017 12:45;Strada Urbana;VIALE DI TOR DI QUINTO;in prossimità;;del civico n.;64;;Tamponamento Multiplo;Curva a visuale libera;Una carreggiata a doppio senso;Asciutto;Asfaltata;Verticale ed orizzontale;Nuvoloso;Normale;Buona;Ore Diurne;3;0;0;4;12.4786;41.93832;-1;3;Autovettura privata;In marcia / fermata / arresto;Conducente;M;Illeso;0;;Non accertato;Esploso
3549565;9;11/11/2017 23:10;Strada Urbana;VIA BERNARDINO ALIMENA;da specificare;;;;fronte via Tancredi Canonico;Veicolo in marcia contro ostacolo fisso;Rettilineo;Una carreggiata a doppio senso;Asciutto;Asfaltata;Orizzontale;Sereno;Scarso;Sufficiente;Sufficiente;0;0;0;1;12.60431;41.84724;-1;1;Autovettura privata;In marcia / fermata / arresto;Conducente;M;Illeso;0;;Non accertato;Esploso
3549572;9;11/11/2017 23:30;Strada Urbana;VIA FERDINANDO UGHELLI;da specificare;;;;fronte 6/b;Scontro frontale/laterale SX fra veicoli in marcia;Rettilineo;Una carreggiata a senso unico di marcia;Asciutto;Asfaltata;Assente;Sereno;Scarso;Sufficiente;Sufficiente;0;0;0;3;12.5166;41.87033;-1;1;Autovettura privata;In marcia / fermata / arresto;Conducente;M;Illeso;0;;Non accertato;Inesploso
3549572;9;11/11/2017 23:30;Strada Urbana;VIA FERDINANDO UGHELLI;da specificare;;;;fronte 6/b;Scontro frontale/laterale SX fra veicoli in marcia;Rettilineo;Una carreggiata a senso unico di marcia;Asciutto;Asfaltata;Assente;Sereno;Scarso;Sufficiente;Sufficiente;0;0;0;3;12.5166;41.87033;-1;1;Autovettura privata;In marcia / fermata / arresto;Passeggero;F;Illeso;0;;Non accertato;Inesploso
3549572;9;11/11/2017 23:30;Strada Urbana;VIA FERDINANDO UGHELLI;da specificare;;;;fronte 6/b;Scontro frontale/laterale SX fra veicoli in marcia;Rettilineo;Una carreggiata a senso unico di marcia;Asciutto;Asfaltata;Assente;Sereno;Scarso;Sufficiente;Sufficiente;0;0;0;3;12.5166;41.87033;-1;2;Autovettura privata;In marcia / fermata / arresto;Conducente;M;Illeso;0;;;
3549584;9;11/11/2017 14:00;Strada Urbana;VIA APPIA NUOVA;da specificare;;;;prossimità via Saluzzo;Tamponamento;Rettilineo;Due carreggiate;Asciutto;Asfaltata;Verticale ed orizzontale;Sereno;Normale;Buona;Ore Diurne;0;0;0;2;12.51809;41.8787;-1;1;Autovettura privata;In marcia / fermata / arresto;Conducente;M;Illeso;0;;Non accertato;Inesploso
3549584;9;11/11/2017 14:00;Strada Urbana;VIA APPIA NUOVA;da specificare;;;;prossimità via Saluzzo;Tamponamento;Rettilineo;Due carreggiate;Asciutto;Asfaltata;Verticale ed orizzontale;Sereno;Normale;Buona;Ore Diurne;0;0;0;2;12.51809;41.8787;-1;2;Autovettura privata;In marcia / fermata / arresto;Conducente;M;Illeso;0;;Non accertato;Inesploso
3549604;13;11/11/2017 12:10;Strada Urbana;VIALE ALESSANDRO MAGNO;da specificare;;;;altezza Via Pittaco;Tamponamento;Pianeggiante;Due carreggiate;Asciutto;Asfaltata;Verticale ed orizzontale;Sereno;Normale;Buona;Ore Diurne;3;0;0;2;12.34882;41.74566;-1;1;Autovettura privata;In marcia / fermata / arresto;Passeggero;M;Rimandato;0;NON DECEDUTO;;
3549604;13;11/11/2017 12:10;Strada Urbana;VIALE ALESSANDRO MAGNO;da specificare;;;;altezza Via Pittaco;Tamponamento;Pianeggiante;Due carreggiate;Asciutto;Asfaltata;Verticale ed orizzontale;Sereno;Normale;Buona;Ore Diurne;3;0;0;2;12.34882;41.74566;-1;1;Autovettura privata;In marcia / fermata / arresto;Conducente;M;Rimandato;0;NON DECEDUTO;Non accertato;Inesploso
3549604;13;11/11/2017 12:10;Strada Urbana;VIALE ALESSANDRO MAGNO;da specificare;;;;altezza Via Pittaco;Tamponamento;Pianeggiante;Due carreggiate;Asciutto;Asfaltata;Verticale ed orizzontale;Sereno;Normale;Buona;Ore Diurne;3;0;0;2;12.34882;41.74566;-1;1;Autovettura privata;In marcia / fermata / arresto;Passeggero;F;Illeso;0;;Non accertato;
3549604;13;11/11/2017 12:10;Strada Urbana;VIALE ALESSANDRO MAGNO;da specificare;;;;altezza Via Pittaco;Tamponamento;Pianeggiante;Due carreggiate;Asciutto;Asfaltata;Verticale ed orizzontale;Sereno;Normale;Buona;Ore Diurne;3;0;0;2;12.34882;41.74566;-1;1;Autovettura privata;In marcia / fermata / arresto;Passeggero;F;Rimandato;0;NON DECEDUTO;;
3549604;13;11/11/2017 12:10;Strada Urbana;VIALE ALESSANDRO MAGNO;da specificare;;;;altezza Via Pittaco;Tamponamento;Pianeggiante;Due carreggiate;Asciutto;Asfaltata;Verticale ed orizzontale;Sereno;Normale;Buona;Ore Diurne;3;0;0;2;12.34882;41.74566;-1;2;Autovettura privata;In marcia / fermata / arresto;Conducente;M;Illeso;0;;;
3549606;13;11/11/2017 17:40;Strada Urbana;VIA GIULIANO DA SANGALLO;all'intersezione con;VIA S. PIER DAMIANI;VIA S. PIER DAMIANI;;;Scontro frontale/laterale DX fra veicoli in marcia;Incrocio;Una carreggiata a doppio senso;Asciutto;Asfaltata;Orizzontale;Sereno;Normale;Sufficiente;Sufficiente;0;0;0;2;12.27314;41.73192;-1;1;Autovettura privata;In marcia / fermata / arresto;Conducente;M;Illeso;0;;Non accertato;Inesploso
3549606;13;11/11/2017 17:40;Strada Urbana;VIA GIULIANO DA SANGALLO;all'intersezione con;VIA S. PIER DAMIANI;VIA S. PIER DAMIANI;;;Scontro frontale/laterale DX fra veicoli in marcia;Incrocio;Una carreggiata a doppio senso;Asciutto;Asfaltata;Orizzontale;Sereno;Normale;Sufficiente;Sufficiente;0;0;0;2;12.27314;41.73192;-1;2;Autovettura privata;In marcia / fermata / arresto;Conducente;M;Illeso;0;;Non accertato;Inesploso
3549608;13;11/11/2017 16:00;;VIALE DEI ROMAGNOLI;in corrispondenza;;del civico n.;2179;;Veicolo in marcia contro ostacolo accidentale;;;;;;;;;;0;0;0;1;12.36486;41.7858;0;1;Autovettura privata;In marcia / fermata / arresto;Conducente;M;Illeso;0;;;
3549610;13;11/11/2017 13:30;Strada Urbana;VIA VIGGIU';in corrispondenza;;del civico n.;9;;Scontro laterale fra veicoli in marcia;Rettilineo;Una carreggiata a doppio senso;Asciutto;Asfaltata;Assente;Sereno;Scarso;Buona;Ore Diurne;0;0;0;2;12.3725;41.78602;-1;1;Autovettura privata;In marcia / fermata / arresto;Conducente;M;Illeso;0;;Non accertato;Inesploso