Protocollo;Gruppo;DataOraIncidente;Localizzazione1;STRADA1;Localizzazione2;STRADA2;Strada02;Chilometrica;DaSpecificare;NaturaIncidente;particolaritastrade;TipoStrada;FondoStradale;Pavimentazione;Segnaletica;CondizioneAtmosferica;Traffico;Visibilita;Illuminazione;NUM_FERITI;NUM_RISERVATA;NUM_MORTI;NUM_ILLESI;Longitudine;Latitudine;Confermato;Progressivo;TipoVeicolo;StatoVeicolo;TipoPersona;Sesso;Tipolesione;Deceduto;DecedutoDopo;CinturaCascoUtilizzato;Airbag
3561230;18;19/11/2017 20:00;Strada Urbana;VIA BALDO DEGLI UBALDI;in prossimità;;del civico n.;100;;Veicolo in marcia contro veicoli in sosta;Pendenza;Due carreggiate;Asciutto;Asfaltata;Verticale ed orizzontale;Sereno;Scarso;Sufficiente;Sufficiente;0;0;0;1;12.43362;41.89882;-1;1;Autovettura privata;In marcia / fermata / arresto;Conducente;M;Illeso;0;;;
3561235;17;17/11/2017 18:00;Strada Urbana;PIAZZA DELLA ROVERE;da specificare;;;;imbocco RAMPA DEL SANGALLO;Scontro frontale/laterale DX fra veicoli in marcia;Rettilineo;Più di due carreggiate;Asciutto;Asfaltata;Verticale ed orizzontale;Sereno;Normale;Buona;Sufficiente;0;0;0;3;12.46208;41.89976;-1;1;Autovettura di polizia;In marcia / fermata / arresto;Conducente;M;Illeso;0;;;
3561235;17;17/11/2017 18:00;Strada Urbana;PIAZZA DELLA ROVERE;da specificare;;;;imbocco RAMPA DEL SANGALLO;Scontro frontale/laterale DX fra veicoli in marcia;Rettilineo;Più di due carreggiate;Asciutto;Asfaltata;Verticale ed orizzontale;Sereno;Normale;Buona;Sufficiente;0;0;0;3;12.46208;41.89976;-1;1;Autovettura di polizia;In marcia / fermata / arresto;Passeggero;M;Illeso;0;;;
3561235;17;17/11/2017 18:00;Strada Urbana;PIAZZA DELLA ROVERE;da specificare;;;;imbocco RAMPA DEL SANGALLO;Scontro frontale/laterale DX fra veicoli in marcia;Rettilineo;Più di due carreggiate;Asciutto;Asfaltata;Verticale ed orizzontale;Sereno;Normale;Buona;Sufficiente;0;0;0;3;12.46208;41.89976;-1;2;Motociclo a solo;In marcia / fermata / arresto;Conducente;M;Illeso;0;;;
3561239;4;17/11/2017 12:20;Provinciale entro l'abitato;VIA NOMENTANA;in corrispondenza;;del civico n.;677;;Tamponamento;Rettilineo;Una carreggiata a doppio senso;Asciutto;Asfaltata;Verticale ed orizzontale;Sereno;Intenso;Buona;Ore Diurne;0;0;0;3;12.53729;41.93593;-1;1;Autovettura privata;In marcia / fermata / arresto;Conducente;M;Illeso;0;;;
3561239;4;17/11/2017 12:20;Provinciale entro l'abitato;VIA NOMENTANA;in corrispondenza;;del civico n.;677;;Tamponamento;Rettilineo;Una carreggiata a doppio senso;Asciutto;Asfaltata;Verticale ed orizzontale;Sereno;Intenso;Buona;Ore Diurne;0;0;0;3;12.53729;41.93593;-1;2;Autocarro inferiore 35 q.;In marcia / fermata / arresto;Conducente;M;Illeso;0;;;
3561239;4;17/11/2017 12:20;Provinciale entro l'abitato;VIA NOMENTANA;in corrispondenza;;del civico n.;677;;Tamponamento;Rettilineo;Una carreggiata a doppio senso;Asciutto;Asfaltata;Verticale ed orizzontale;Sereno;Intenso;Buona;Ore Diurne;0;0;0;3;12.53729;41.93593;-1;2;Autocarro inferiore 35 q.;In marcia / fermata / arresto;Passeggero;M;Illeso;0;;;
3561242;2;18/11/2017 10:15;Strada Urbana;VIA GIACINTA PEZZANA;in prossimità;;del civico n.;72;;Veicolo in marcia contro ostacolo accidentale;Curva a visuale libera;Una carreggiata a senso unico di marcia;Asciutto;Con buche;Verticale ed orizzontale;Sereno;Scarso;Buona;Ore Diurne;0;0;0;1;12.49459;41.93189;-1;1;Autocarro inferiore 35 q.;In marcia / fermata / arresto;Conducente;M;Illeso;0;;Non accertato;Inesploso
3561248;12;17/11/2017 19:30;Statale entro l'abitato;VIA LAURENTINA;in corrispondenza;;del civico n.;980;;Tamponamento;Rettilineo;Due carreggiate;Asciutto;Asfaltata;Verticale ed orizzontale;Sereno;Scarso;Buona;Sufficiente;1;0;0;1;12.48043;41.79273;-1;1;Autovettura privata;In marcia / fermata / arresto;Conducente;F;Rimandato;0;NON DECEDUTO;Utilizzato;Inesploso
3561248;12;17/11/2017 19:30;Statale entro l'abitato;VIA LAURENTINA;in corrispondenza;;del civico n.;980;;Tamponamento;Rettilineo;Due carreggiate;Asciutto;Asfaltata;Verticale ed orizzontale;Sereno;Scarso;Buona;Sufficiente;1;0;0;1;12.48043;41.79273;-1;2;Autovettura privata;In marcia / fermata / arresto;Conducente;M;Illeso;0;;Non accertato;Inesploso
3561249;2;18/11/2017 19:00;Strada Urbana;VIA GARIGLIANO;all'intersezione semaforizzata con;VIALE REGINA MARGHERITA;VIALE REGINA MARGHERITA;;;Veicolo in marcia contro veicolo in sosta;Incrocio;Una carreggiata a senso unico di marcia;Asciutto;Asfaltata;Verticale ed orizzontale;Sereno;Scarso;Buona;Ore Diurne;0;0;0;1;12.50099;41.91985;-1;1;Autovettura privata;In marcia / fermata / arresto;Conducente;M;Illeso;0;;Non accertato;Inesploso
3561254;15;17/11/2017 07:40;Strada Urbana;VIA PORTUENSE;in corrispondenza;;del palo luce n.;152;;Veicolo in marcia contro veicolo in sosta;Rettilineo;Una carreggiata a doppio senso;Asciutto;Asfaltata;Orizzontale;Sereno;Normale;Buona;Ore Diurne;0;0;0;1;12.4158;41.84758;-1;1;Autocarro inferiore 35 q.;In marcia / fermata / arresto;Conducente;M;Illeso;0;;Utilizzato;
3561258;4;17/11/2017 08:05;Strada Urbana;PIAZZALE JONIO;in prossimità;;del civico n.;54/53;;Scontro laterale fra veicoli in marcia;Rettilineo;Due carreggiate;Asciutto;Asfaltata;Verticale ed orizzontale;Sereno;Normale;Buona;Ore Diurne;0;0;0;5;12.5266;41.94611;-1;1;Motociclo a solo;In marcia / fermata / arresto;Conducente;M;Illeso;0;;;
3561258;4;17/11/2017 08:05;Strada Urbana;PIAZZALE JONIO;in prossimità;;del civico n.;54/53;;Scontro laterale fra veicoli in marcia;Rettilineo;Due carreggiate;Asciutto;Asfaltata;Verticale ed orizzontale;Sereno;Normale;Buona;Ore Diurne;0;0;0;5;12.5266;41.94611;-1;2;Autovettura privata;In marcia / fermata / arresto;Conducente;F;Illeso;0;;;
3561258;4;17/11/2017 08:05;Strada Urbana;PIAZZALE JONIO;in prossimità;;del civico n.;54/53;;Scontro laterale fra veicoli in marcia;Rettilineo;Due carreggiate;Asciutto;Asfaltata;Verticale ed orizzontale;Sereno;Normale;Buona;Ore Diurne;0;0;0;5;12.5266;41.94611;-1;2;Autovettura privata;In marcia / fermata / arresto;Passeggero;F;Illeso;0;;;
3561258;4;17/11/2017 08:05;Strada Urbana;PIAZZALE JONIO;in prossimità;;del civico n.;54/53;;Scontro laterale fra veicoli in marcia;Rettilineo;Due carreggiate;Asciutto;Asfaltata;Verticale ed orizzontale;Sereno;Normale;Buona;Ore Diurne;0;0;0;5;12.5266;41.94611;-1;2;Autovettura privata;In marcia / fermata / arresto;Passeggero;M;Illeso;0;;;
3561270;4;18/11/2017 07:50;Provinciale entro l'abitato;VIA NOMENTANA;da specificare;;;;in prossimità fronte civico 1141 A;Veicolo in marcia contro ostacolo fisso;Rettilineo;Una carreggiata a doppio senso;Asciutto;Asfaltata;Verticale ed orizzontale;Sereno;Scarso;Buona;Ore Diurne;1;0;0;0;12.55426;41.94185;-1;1;Autovettura privata;In marcia / fermata / arresto;Conducente;M;Rimandato;0;NON DECEDUTO;;
3561285;12;17/11/2017 18:00;Regionale entro l'abitato;VIA PONTINA;da specificare;;;;dir. G.R.A. Km. 11,500;Tamponamento Multiplo;Rettilineo;Due carreggiate;Asciutto;Asfaltata;Verticale ed orizzontale;Sereno;Intenso;Buona;Inesistente;3;0;0;3;12.79855;41.5088;-1;1;Autovettura privata;In marcia / fermata / arresto;Conducente;F;Illeso;0;;;
3561285;12;17/11/2017 18:00;Regionale entro l'abitato;VIA PONTINA;da specificare;;;;dir. G.R.A. Km. 11,500;Tamponamento Multiplo;Rettilineo;Due carreggiate;Asciutto;Asfaltata;Verticale ed orizzontale;Sereno;Intenso;Buona;Inesistente;3;0;0;3;12.79855;41.5088;-1;2;Autovettura privata;In marcia / fermata / arresto;Conducente;M;Rimandato;0;NON DECEDUTO;;
3561285;12;17/11/2017 18:00;Regionale entro l'abitato;VIA PONTINA;da specificare;;;;dir. G.R.A. Km. 11,500;Tamponamento Multiplo;Rettilineo;Due carreggiate;Asciutto;Asfaltata;Verticale ed orizzontale;Sereno;Intenso;Buona;Inesistente;3;0;0;3;12.79855;41.5088;-1;2;Autovettura privata;In marcia / fermata / arresto;Passeggero;F;Rimandato;0;NON DECEDUTO;;
3561285;12;17/11/2017 18:00;Regionale entro l'abitato;VIA PONTINA;da specificare;;;;dir. G.R.A. Km. 11,500;Tamponamento Multiplo;Rettilineo;Due carreggiate;Asciutto;Asfaltata;Verticale ed orizzontale;Sereno;Intenso;Buona;Inesistente;3;0;0;3;12.79855;41.5088;-1;2;Autovettura privata;In marcia / fermata / arresto;Passeggero;M;Rimandato;0;NON DECEDUTO;;
3561285;12;17/11/2017 18:00;Regionale entro l'abitato;VIA PONTINA;da specificare;;;;dir. G.R.A. Km. 11,500;Tamponamento Multiplo;Rettilineo;Due carreggiate;Asciutto;Asfaltata;Verticale ed orizzontale;Sereno;Intenso;Buona;Inesistente;3;0;0;3;12.79855;41.5088;-1;3;Autovettura privata;In marcia / fermata / arresto;Conducente;M;Illeso;0;;;
3561285;12;17/11/2017 18:00;Regionale entro l'abitato;VIA PONTINA;da specificare;;;;dir. G.R.A. Km. 11,500;Tamponamento Multiplo;Rettilineo;Due carreggiate;Asciutto;Asfaltata;Verticale ed orizzontale;Sereno;Intenso;Buona;Inesistente;3;0;0;3;12.79855;41.5088;-1;3;Autovettura privata;In marcia / fermata / arresto;Passeggero;F;Illeso;0;;;
3561304;18;19/11/2017 16:45;Statale entro l'abitato;VIA AURELIA;in corrispondenza;;del civico n.;645;;Veicolo in marcia contro veicolo in sosta;Rettilineo;Una carreggiata a doppio senso;Asciutto;Asfaltata;Verticale ed orizzontale;Sereno;Normale;Buona;Sufficiente;0;0;0;2;12.41685;41.89439;-1;1;Autovettura privata;In marcia / fermata / arresto;Conducente;F;Illeso;0;;Non accertato;Inesploso
3561304;18;19/11/2017 16:45;Statale entro l'abitato;VIA AURELIA;in corrispondenza;;del civico n.;645;;Veicolo in marcia contro veicolo in sosta;Rettilineo;Una carreggiata a doppio senso;Asciutto;Asfaltata;Verticale ed orizzontale;Sereno;Normale;Buona;Sufficiente;0;0;0;2;12.41685;41.89439;-1;1;Autovettura privata;In marcia / fermata / arresto;Passeggero;M;Illeso;0;;Non accertato;Inesploso
3561327;18;19/11/2017 17:15;Strada Urbana;VIA MATTIA BATTISTINI;all'intersezione semaforizzata con;VIA ENNIO BONIFAZI;VIA ENNIO BONIFAZI;;;Scontro laterale fra veicoli in marcia;Intersezione semaforizzata;Una carreggiata a doppio senso;Asciutto;Asfaltata;Verticale ed orizzontale;Sereno;Normale;Sufficiente;Sufficiente;0;0;0;2;12.41843;41.91391;-1;1;Autovettura privata;In marcia / fermata / arresto;Conducente;M;Illeso;0;;;
3561327;18;19/11/2017 17:15;Strada Urbana;VIA MATTIA BATTISTINI;all'intersezione semaforizzata con;VIA ENNIO BONIFAZI;VIA ENNIO BONIFAZI;;;Scontro laterale fra veicoli in marcia;Intersezione semaforizzata;Una carreggiata a doppio senso;Asciutto;Asfaltata;Verticale ed orizzontale;Sereno;Normale;Sufficiente;Sufficiente;0;0;0;2;12.41843;41.91391;-1;2;Autovettura privata;In marcia / fermata / arresto;Conducente;M;Illeso;0;;;
3561344;2;20/11/2017 06:40;Strada Urbana;VIA ULISSE ALDROVANDI;all'intersezione con;VIA DELLE TRE MADONNE;VIA DELLE TRE MADONNE;;;Scontro frontale/laterale SX fra veicoli in marcia;Incrocio;Più di due carreggiate;Asciutto;Asfaltata;Verticale ed orizzontale;Sereno;Normale;Buona;Ore Diurne;1;0;0;1;12.48578;41.91887;-1;1;Autovettura privata;In marcia / fermata / arresto;Conducente;M;Illeso;0;;Non accertato;Esploso
3561344;2;20/11/2017 06:40;Strada Urbana;VIA ULISSE ALDROVANDI;all'intersezione con;VIA DELLE TRE MADONNE;VIA DELLE TRE MADONNE;;;Scontro frontale/laterale SX fra veicoli in marcia;Incrocio;Più di due carreggiate;Asciutto;Asfaltata;Verticale ed orizzontale;Sereno;Normale;Buona;Ore Diurne;1;0;0;1;12.48578;41.91887;-1;2;Autovettura privata;In marcia / fermata / arresto;Conducente;F;Ricoverato;0;NON DECEDUTO;Non accertato;Inesploso
3561348;18;19/11/2017 19:40;Strada Urbana;VIA DI BOCCEA;all'intersezione con;VIA DEL CASTELLO DI PORCARECCIA;VIA DEL CASTELLO DI PORCARECCIA;;;Scontro frontale/laterale DX fra veicoli in marcia;Intersezione semaforizzata;Una carreggiata a doppio senso;Asciutto;Asfaltata;Verticale;Sereno;Normale;Sufficiente;Sufficiente;0;0;0;4;12.36277;41.92535;-1;1;Autovettura privata;In marcia / fermata / arresto;Conducente;M;Illeso;0;;;
3561348;18;19/11/2017 19:40;Strada Urbana;VIA DI BOCCEA;all'intersezione con;VIA DEL CASTELLO DI PORCARECCIA;VIA DEL CASTELLO DI PORCARECCIA;;;Scontro frontale/laterale DX fra veicoli in marcia;Intersezione semaforizzata;Una carreggiata a doppio senso;Asciutto;Asfaltata;Verticale;Sereno;Normale;Sufficiente;Sufficiente;0;0;0;4;12.36277;41.92535;-1;1;Autovettura privata;In marcia / fermata / arresto;Passeggero;F;Illeso;0;;;
3561348;18;19/11/2017 19:40;Strada Urbana;VIA DI BOCCEA;all'intersezione con;VIA DEL CASTELLO DI PORCARECCIA;VIA DEL CASTELLO DI PORCARECCIA;;;Scontro frontale/laterale DX fra veicoli in marcia;Intersezione semaforizzata;Una carreggiata a doppio senso;Asciutto;Asfaltata;Verticale;Sereno;Normale;Sufficiente;Sufficiente;0;0;0;4;12.36277;41.92535;-1;2;Autovettura privata;In marcia / fermata / arresto;Conducente;M;Illeso;0;;;
3561348;18;19/11/2017 19:40;Strada Urbana;VIA DI BOCCEA;all'intersezione con;VIA DEL CASTELLO DI PORCARECCIA;VIA DEL CASTELLO DI PORCARECCIA;;;Scontro frontale/laterale DX fra veicoli in marcia;Intersezione semaforizzata;Una carreggiata a doppio senso;Asciutto;Asfaltata;Verticale;Sereno;Normale;Sufficiente;Sufficiente;0;0;0;4;12.36277;41.92535;-1;2;Autovettura privata;In marcia / fermata / arresto;Passeggero;F;Illeso;0;;;
3561357;1;16/11/2017 11:25;Strada Urbana;PIAZZA NICOSIA;all'intersezione con;VICOLO DELLA CAMPANA;VICOLO DELLA CAMPANA;;;Scontro frontale/laterale DX fra veicoli in marcia;Incrocio;Una carreggiata a senso unico di marcia;Asciutto;Acciotolata;Verticale;Nuvoloso;Normale;Buona;Ore Diurne;1;0;0;1;12.47475;41.90322;-1;1;Autovettura privata;In marcia / fermata / arresto;Conducente;M;Illeso;0;;;
3561357;1;16/11/2017 11:25;Strada Urbana;PIAZZA NICOSIA;all'intersezione con;VICOLO DELLA CAMPANA;VICOLO DELLA CAMPANA;;;Scontro frontale/laterale DX fra veicoli in marcia;Incrocio;Una carreggiata a senso unico di marcia;Asciutto;Acciotolata;Verticale;Nuvoloso;Normale;Buona;Ore Diurne;1;0;0;1;12.47475;41.90322;-1;2;Motociclo a solo;In marcia / fermata / arresto;Conducente;F;Rimandato;0;NON DECEDUTO;Non accertato;
3561373;6;18/11/2017 13:30;Strada Urbana;VIA DI ACQUA BULLICANTE;in prossimità;;del civico n.;253;;Tamponamento Multiplo;Rettilineo;Una carreggiata a doppio senso;Asciutto;Asfaltata;Orizzontale;Sereno;Normale;Buona;Ore Diurne;0;0;0;5;12.54263;41.88816;-1;1;Autovettura privata;In marcia / fermata / arresto;Conducente;M;Illeso;0;;;
3561373;6;18/11/2017 13:30;Strada Urbana;VIA DI ACQUA BULLICANTE;in prossimità;;del civico n.;253;;Tamponamento Multiplo;Rettilineo;Una carreggiata a doppio senso;Asciutto;Asfaltata;Orizzontale;Sereno;Normale;Buona;Ore Diurne;0;0;0;5;12.54263;41.88816;-1;2;Autovettura privata;In marcia / fermata / arresto;Conducente;M;Illeso;0;;;
3561373;6;18/11/2017 13:30;Strada Urbana;VIA DI ACQUA BULLICANTE;in prossimità;;del civico n.;253;;Tamponamento Multiplo;Rettilineo;Una carreggiata a doppio senso;Asciutto;Asfaltata;Orizzontale;Sereno;Normale;Buona;Ore Diurne;0;0;0;5;12.54263;41.88816;-1;2;Autovettura privata;In marcia / fermata / arresto;Passeggero;F;Illeso;0;;;
3561373;6;18/11/2017 13:30;Strada Urbana;VIA DI ACQUA BULLICANTE;in prossimità;;del civico n.;253;;Tamponamento Multiplo;Rettilineo;Una carreggiata a doppio senso;Asciutto;Asfaltata;Orizzontale;Sereno;Normale;Buona;Ore Diurne;0;0;0;5;12.54263;41.88816;-1;3;Autovettura privata;In marcia / fermata / arresto;Conducente;M;Illeso;0;;;
3561373;6;18/11/2017 13:30;Strada Urbana;VIA DI ACQUA BULLICANTE;in prossimità;;del civico n.;253;;Tamponamento Multiplo;Rettilineo;Una carreggiata a doppio senso;Asciutto;Asfaltata;Orizzontale;Sereno;Normale;Buona;Ore Diurne;0;0;0;5;12.54263;41.88816;-1;4;Autovettura privata;In marcia / fermata / arresto;Conducente;F;Illeso;0;;;
3561391;4;18/11/2017 14:20;Strada Urbana;PIAZZA GIUSEPPE PRIMOLI;all'intersezione con;VIA UGO OJETTI;VIA UGO OJETTI;;;Scontro frontale/laterale SX fra veicoli in marcia;Rotatoria;Due carreggiate;Asciutto;Asfaltata;Verticale ed orizzontale;Sereno;Normale;Buona;Ore Diurne;1;0;0;1;12.55293;41.94507;-1;1;Autovettura privata;In marcia / fermata / arresto;Conducente;M;Rimandato;0;NON DECEDUTO;Non accertato;
3561391;4;18/11/2017 14:20;Strada Urbana;PIAZZA GIUSEPPE PRIMOLI;all'intersezione con;VIA UGO OJETTI;VIA UGO OJETTI;;;Scontro frontale/laterale SX fra veicoli in marcia;Rotatoria;Due carreggiate;Asciutto;Asfaltata;Verticale ed orizzontale;Sereno;Normale;Buona;Ore Diurne;1;0;0;1;12.55293;41.94507;-1;2;Autovettura privata;In marcia / fermata / arresto;Conducente;F;Illeso;0;;;
3561406;1;16/11/2017 19:00;Strada Urbana;VIA DELLA GRECA;all'intersezione semaforizzata con;VIA DI S. MARIA IN COSMEDIN;VIA DI S. MARIA IN COSMEDIN;;;Scontro frontale/laterale SX fra veicoli in marcia;Intersezione semaforizzata;Una carreggiata a doppio senso;Bagnato (pioggia);Asfaltata;Verticale ed orizzontale;Pioggia in atto;Intenso;Sufficiente;Sufficiente;0;0;0;3;12.4816;41.88761;-1;1;Autovettura privata;In marcia / fermata / arresto;Conducente;M;Illeso;0;;Non accertato;
3561406;1;16/11/2017 19:00;Strada Urbana;VIA DELLA GRECA;all'intersezione semaforizzata con;VIA DI S. MARIA IN COSMEDIN;VIA DI S. MARIA IN COSMEDIN;;;Scontro frontale/laterale SX fra veicoli in marcia;Intersezione semaforizzata;Una carreggiata a doppio senso;Bagnato (pioggia);Asfaltata;Verticale ed orizzontale;Pioggia in atto;Intenso;Sufficiente;Sufficiente;0;0;0;3;12.4816;41.88761;-1;1;Autovettura privata;In marcia / fermata / arresto;Passeggero;M;Illeso;0;;Non accertato;
3561406;1;16/11/2017 19:00;Strada Urbana;VIA DELLA GRECA;all'intersezione semaforizzata con;VIA DI S. MARIA IN COSMEDIN;VIA DI S. MARIA IN COSMEDIN;;;Scontro frontale/laterale SX fra veicoli in marcia;Intersezione semaforizzata;Una carreggiata a doppio senso;Bagnato (pioggia);Asfaltata;Verticale ed orizzontale;Pioggia in atto;Intenso;Sufficiente;Sufficiente;0;0;0;3;12.4816;41.88761;-1;2;Autovettura privata;In marcia / fermata / arresto;Conducente;F;Illeso;0;;Non accertato;
3561428;6;17/11/2017 16:35;Strada Urbana;VIA ANAGNI;in corrispondenza;;del civico n.;26;;Investimento di pedone;Rettilineo;Una carreggiata a senso unico di marcia;Asciutto;Asfaltata;Assente;Sereno;Normale;Sufficiente;Sufficiente;2;0;0;1;12.55586;41.89001;-1;;;;Pedone;F;Rimandato;0;NON DECEDUTO;;
3561428;6;17/11/2017 16:35;Strada Urbana;VIA ANAGNI;in corrispondenza;;del civico n.;26;;Investimento di pedone;Rettilineo;Una carreggiata a senso unico di marcia;Asciutto;Asfaltata;Assente;Sereno;Normale;Sufficiente;Sufficiente;2;0;0;1;12.55586;41.89001;-1;;;;Pedone;F;Rimandato;0;NON DECEDUTO;;
3561428;6;17/11/2017 16:35;Strada Urbana;VIA ANAGNI;in corrispondenza;;del civico n.;26;;Investimento di pedone;Rettilineo;Una carreggiata a senso unico di marcia;Asciutto;Asfaltata;Assente;Sereno;Normale;Sufficiente;Sufficiente;2;0;0;1;12.55586;41.89001;-1;1;Autovettura privata;In marcia / fermata / arresto;Conducente;F;Illeso;0;;Non accertato;Inesploso
3561474;4;18/11/2017 15:45;Strada Urbana;VIA GIOVANNI CONTI;da specificare;;;;altezza Via Monte Massico;Scontro frontale/laterale DX fra veicoli in marcia;Rettilineo;Due carreggiate;Asciutto;Asfaltata;Verticale;Sereno;Normale;Buona;Ore Diurne;1;0;0;1;12.53208;41.95527;-1;1;Autovettura privata;In marcia / fermata / arresto;Conducente;M;Illeso;0;;;
3561474;4;18/11/2017 15:45;Strada Urbana;VIA GIOVANNI CONTI;da specificare;;;;altezza Via Monte Massico;Scontro frontale/laterale DX fra veicoli in marcia;Rettilineo;Due carreggiate;Asciutto;Asfaltata;Verticale;Sereno;Normale;Buona;Ore Diurne;1;0;0;1;12.53208;41.95527;-1;2;Motociclo a solo;In marcia / fermata / arresto;Conducente;M;Rimandato;0;NON DECEDUTO;;
3561483;10;20/11/2017 10:50;Strada Urbana;VIA TUSCOLANA;all'intersezione semaforizzata con;VIA TUSCOLANA;VIA TUSCOLANA;;;Tamponamento;Intersezione semaforizzata;Due carreggiate;Asciutto;Asfaltata;Verticale ed orizzontale;Sereno;Normale;Buona;Ore Diurne;1;0;0;1;12.6066;41.83441;-1;1;Autovettura privata;In marcia / fermata / arresto;Conducente;M;Rifiuta cure immediate;0;NON DECEDUTO;Non accertato;Inesploso
3561483;10;20/11/2017 10:50;Strada Urbana;VIA TUSCOLANA;all'intersezione semaforizzata con;VIA TUSCOLANA;VIA TUSCOLANA;;;Tamponamento;Intersezione semaforizzata;Due carreggiate;Asciutto;Asfaltata;Verticale ed orizzontale;Sereno;Normale;Buona;Ore Diurne;1;0;0;1;12.6066;41.83441;-1;2;Autovettura privata;In marcia / fermata / arresto;Conducente;M;Illeso;0;;Non accertato;Inesistente
3561492;6;19/11/2017 04:10;Strada Urbana;VIA PRENESTINA;all'intersezione con;VIA ERASMO GATTAMELATA;VIA ERASMO GATTAMELATA;;;Tamponamento;Incrocio;Più di due carreggiate;Asciutto;Asfaltata;Verticale ed orizzontale;Sereno;Scarso;Sufficiente;Sufficiente;0;0;0;3;12.5362;41.89231;-1;1;Autovettura privata;In marcia / fermata / arresto;Conducente;M;Illeso;0;;;
3561492;6;19/11/2017 04:10;Strada Urbana;VIA PRENESTINA;all'intersezione con;VIA ERASMO GATTAMELATA;VIA ERASMO GATTAMELATA;;;Tamponamento;Incrocio;Più di due carreggiate;Asciutto;Asfaltata;Verticale ed orizzontale;Sereno;Scarso;Sufficiente;Sufficiente;0;0;0;3;12.5362;41.89231;-1;2;Autovettura privata;In marcia / fermata / arresto;Conducente;M;Illeso;0;;;
3561492;6;19/11/2017 04:10;Strada Urbana;VIA PRENESTINA;all'intersezione con;VIA ERASMO GATTAMELATA;VIA ERASMO GATTAMELATA;;;Tamponamento;Incrocio;Più di due carreggiate;Asciutto;Asfaltata;Verticale ed orizzontale;Sereno;Scarso;Sufficiente;Sufficiente;0;0;0;3;12.5362;41.89231;-1;2;Autovettura privata;In marcia / fermata / arresto;Passeggero;M;Illeso;0;;;
3561498;9;20/11/2017 08:50;Strada Urbana;LARGO DON ORIONE;da specificare;;;;fronte civico 2;Investimento di pedone;Rettilineo;Una carreggiata a doppio senso;Asciutto;Asfaltata;Verticale ed orizzontale;Sereno;Normale;Buona;Ore Diurne;2;0;0;1;12.51619;41.87838;-1;;;;Pedone;M;Rimandato;0;NON DECEDUTO;;
3561498;9;20/11/2017 08:50;Strada Urbana;LARGO DON ORIONE;da specificare;;;;fronte civico 2;Investimento di pedone;Rettilineo;Una carreggiata a doppio senso;Asciutto;Asfaltata;Verticale ed orizzontale;Sereno;Normale;Buona;Ore Diurne;2;0;0;1;12.51619;41.87838;-1;;;;Pedone;F;Rimandato;0;NON DECEDUTO;;
3561498;9;20/11/2017 08:50;Strada Urbana;LARGO DON ORIONE;da specificare;;;;fronte civico 2;Investimento di pedone;Rettilineo;Una carreggiata a doppio senso;Asciutto;Asfaltata;Verticale ed orizzontale;Sereno;Normale;Buona;Ore Diurne;2;0;0;1;12.51619;41.87838;-1;1;Autovettura privata;In marcia / fermata / arresto;Conducente;F;Illeso;0;;Non accertato;Inesploso
3561513;3;19/11/2017 02:40;Strada Urbana;CORSO D'ITALIA;da specificare;;;;fr. civ. 6;Veicolo in marcia contro ostacolo fisso;Rettilineo;Due carreggiate;Asciutto;Asfaltata;Verticale ed orizzontale;Sereno;Scarso;Sufficiente;Sufficiente;0;0;0;2;12.49092;41.91031;-1;1;Autovettura privata;In marcia / fermata / arresto;Conducente;M;Illeso;0;;Non accertato;Inesploso
3561513;3;19/11/2017 02:40;Strada Urbana;CORSO D'ITALIA;da specificare;;;;fr. civ. 6;Veicolo in marcia contro ostacolo fisso;Rettilineo;Due carreggiate;Asciutto;Asfaltata;Verticale ed orizzontale;Sereno;Scarso;Sufficiente;Sufficiente;0;0;0;2;12.49092;41.91031;-1;1;Autovettura privata;In marcia / fermata / arresto;Passeggero;F;Illeso;0;;Non accertato;Inesploso
3561520;6;19/11/2017 10:30;Strada Urbana;VIA SAN GIUSTO;da specificare;;;;prossimità civico 5;Scontro frontale/laterale DX fra veicoli in marcia;Rettilineo;Una carreggiata a senso unico di marcia;Asciutto;Asfaltata;Verticale ed orizzontale;Sereno;Scarso;Buona;Ore Diurne;1;0;0;5;12.56121;41.89754;-1;1;Autovettura privata;In marcia / fermata / arresto;Conducente;M;Illeso;0;;;
3561520;6;19/11/2017 10:30;Strada Urbana;VIA SAN GIUSTO;da specificare;;;;prossimità civico 5;Scontro frontale/laterale DX fra veicoli in marcia;Rettilineo;Una carreggiata a senso unico di marcia;Asciutto;Asfaltata;Verticale ed orizzontale;Sereno;Scarso;Buona;Ore Diurne;1;0;0;5;12.56121;41.89754;-1;1;Autovettura privata;In marcia / fermata / arresto;Passeggero;M;Rifiuta cure immediate;0;NON DECEDUTO;;
3561520;6;19/11/2017 10:30;Strada Urbana;VIA SAN GIUSTO;da specificare;;;;prossimità civico 5;Scontro frontale/laterale DX fra veicoli in marcia;Rettilineo;Una carreggiata a senso unico di marcia;Asciutto;Asfaltata;Verticale ed orizzontale;Sereno;Scarso;Buona;Ore Diurne;1;0;0;5;12.56121;41.89754;-1;1;Autovettura privata;In marcia / fermata / arresto;Passeggero;F;Illeso;0;;;
3561520;6;19/11/2017 10:30;Strada Urbana;VIA SAN GIUSTO;da specificare;;;;prossimità civico 5;Scontro frontale/laterale DX fra veicoli in marcia;Rettilineo;Una carreggiata a senso unico di marcia;Asciutto;Asfaltata;Verticale ed orizzontale;Sereno;Scarso;Buona;Ore Diurne;1;0;0;5;12.56121;41.89754;-1;1;Autovettura privata;In marcia / fermata / arresto;Passeggero;M;Illeso;0;;;