Protocollo;Gruppo;DataOraIncidente;Localizzazione1;STRADA1;Localizzazione2;STRADA2;Strada02;Chilometrica;DaSpecificare;NaturaIncidente;particolaritastrade;TipoStrada;FondoStradale;Pavimentazione;Segnaletica;CondizioneAtmosferica;Traffico;Visibilita;Illuminazione;NUM_FERITI;NUM_RISERVATA;NUM_MORTI;NUM_ILLESI;Longitudine;Latitudine;Confermato;Progressivo;TipoVeicolo;StatoVeicolo;TipoPersona;Sesso;Tipolesione;Deceduto;DecedutoDopo;CinturaCascoUtilizzato;Airbag
3562758;5;20/11/2017 17:45;Strada Urbana;PIAZZALE HEGEL;in prossimità;;del civico n.;6;;Scontro laterale fra veicoli in marcia;Rettilineo;Due carreggiate;Asciutto;Asfaltata;Verticale ed orizzontale;Sereno;Normale;Sufficiente;Sufficiente;0;0;0;3;12.55953;41.9371;-1;1;Autovettura privata;In marcia / fermata / arresto;Conducente;F;Illeso;0;;Non accertato;Inesploso
3562758;5;20/11/2017 17:45;Strada Urbana;PIAZZALE HEGEL;in prossimità;;del civico n.;6;;Scontro laterale fra veicoli in marcia;Rettilineo;Due carreggiate;Asciutto;Asfaltata;Verticale ed orizzontale;Sereno;Normale;Sufficiente;Sufficiente;0;0;0;3;12.55953;41.9371;-1;1;Autovettura privata;In marcia / fermata / arresto;Passeggero;F;Illeso;0;;Non accertato;Inesploso
3562758;5;20/11/2017 17:45;Strada Urbana;PIAZZALE HEGEL;in prossimità;;del civico n.;6;;Scontro laterale fra veicoli in marcia;Rettilineo;Due carreggiate;Asciutto;Asfaltata;Verticale ed orizzontale;Sereno;Normale;Sufficiente;Sufficiente;0;0;0;3;12.55953;41.9371;-1;2;Autovettura privata;In marcia / fermata / arresto;Conducente;F;Illeso;0;;Non accertato;Inesploso
3562765;7;20/11/2017 17:15;Strada Urbana;VIA DELLE PALME;in prossimità;;del civico n.;166;;Veicolo in marcia contro veicolo in sosta;Rettilineo;Una carreggiata a senso unico di marcia;Asciutto;Asfaltata;Assente;Sereno;Scarso;Buona;Sufficiente;0;0;0;1;12.57085;41.8904;-1;1;Autovettura privata;In marcia / fermata / arresto;Conducente;M;Illeso;0;;;
3562775;6;17/11/2017 13:20;Strada Urbana;VIA TOR DE' SCHIAVI;in corrispondenza;;del civico n.;406;;Veicolo in marcia contro veicolo in sosta;Rettilineo;Due carreggiate;Asciutto;Asfaltata;Verticale ed orizzontale;Sereno;Scarso;Buona;Ore Diurne;0;0;0;2;12.55946;41.89415;-1;1;Motociclo a solo;In marcia / fermata / arresto;Conducente;M;Illeso;0;;;
3562775;6;17/11/2017 13:20;Strada Urbana;VIA TOR DE' SCHIAVI;in corrispondenza;;del civico n.;406;;Veicolo in marcia contro veicolo in sosta;Rettilineo;Due carreggiate;Asciutto;Asfaltata;Verticale ed orizzontale;Sereno;Scarso;Buona;Ore Diurne;0;0;0;2;12.55946;41.89415;-1;3;Autovettura privata;In marcia / fermata / arresto;Conducente;F;Illeso;0;;;
3562788;5;20/11/2017 09:10;Strada Urbana;VIA DI PORTONACCIO;in prossimità;;del civico n.;41;;Veicolo in marcia contro veicolo fermo;Rettilineo;Due carreggiate;Asciutto;Asfaltata;Assente;Sereno;Normale;Buona;Ore Diurne;1;0;0;1;12.53656;41.90183;-1;1;Motociclo a solo;In marcia / fermata / arresto;Conducente;M;Rimandato;0;NON DECEDUTO;Non accertato;
3562788;5;20/11/2017 09:10;Strada Urbana;VIA DI PORTONACCIO;in prossimità;;del civico n.;41;;Veicolo in marcia contro veicolo fermo;Rettilineo;Due carreggiate;Asciutto;Asfaltata;Assente;Sereno;Normale;Buona;Ore Diurne;1;0;0;1;12.53656;41.90183;-1;2;Autocarro inferiore 35 q.;In marcia / fermata / arresto;Conducente;M;Illeso;0;;Non accertato;Inesistente
3562790;4;20/11/2017 08:10;Provinciale entro l'abitato;VIA NOMENTANA;all'intersezione con;VIA MONTE BIANCO;VIA MONTE BIANCO;;;Scontro laterale fra veicoli in marcia;Intersezione stradale segnalata;Una carreggiata a doppio senso;Asciutto;Asfaltata;Verticale;Sereno;Intenso;Buona;Ore Diurne;0;0;0;6;12.5272;41.9185;-1;1;Autovettura privata;In marcia / fermata / arresto;Conducente;M;Illeso;0;;;
3562790;4;20/11/2017 08:10;Provinciale entro l'abitato;VIA NOMENTANA;all'intersezione con;VIA MONTE BIANCO;VIA MONTE BIANCO;;;Scontro laterale fra veicoli in marcia;Intersezione stradale segnalata;Una carreggiata a doppio senso;Asciutto;Asfaltata;Verticale;Sereno;Intenso;Buona;Ore Diurne;0;0;0;6;12.5272;41.9185;-1;1;Autovettura privata;In marcia / fermata / arresto;Passeggero;M;Illeso;0;;Non accertato;Inesploso
3562790;4;20/11/2017 08:10;Provinciale entro l'abitato;VIA NOMENTANA;all'intersezione con;VIA MONTE BIANCO;VIA MONTE BIANCO;;;Scontro laterale fra veicoli in marcia;Intersezione stradale segnalata;Una carreggiata a doppio senso;Asciutto;Asfaltata;Verticale;Sereno;Intenso;Buona;Ore Diurne;0;0;0;6;12.5272;41.9185;-1;2;Autovettura privata;In marcia / fermata / arresto;Conducente;M;Illeso;0;;;
3562790;4;20/11/2017 08:10;Provinciale entro l'abitato;VIA NOMENTANA;all'intersezione con;VIA MONTE BIANCO;VIA MONTE BIANCO;;;Scontro laterale fra veicoli in marcia;Intersezione stradale segnalata;Una carreggiata a doppio senso;Asciutto;Asfaltata;Verticale;Sereno;Intenso;Buona;Ore Diurne;0;0;0;6;12.5272;41.9185;-1;2;Autovettura privata;In marcia / fermata / arresto;Passeggero;M;Illeso;0;;;
3562790;4;20/11/2017 08:10;Provinciale entro l'abitato;VIA NOMENTANA;all'intersezione con;VIA MONTE BIANCO;VIA MONTE BIANCO;;;Scontro laterale fra veicoli in marcia;Intersezione stradale segnalata;Una carreggiata a doppio senso;Asciutto;Asfaltata;Verticale;Sereno;Intenso;Buona;Ore Diurne;0;0;0;6;12.5272;41.9185;-1;2;Autovettura privata;In marcia / fermata / arresto;Passeggero;M;Illeso;0;;;
3562790;4;20/11/2017 08:10;Provinciale entro l'abitato;VIA NOMENTANA;all'intersezione con;VIA MONTE BIANCO;VIA MONTE BIANCO;;;Scontro laterale fra veicoli in marcia;Intersezione stradale segnalata;Una carreggiata a doppio senso;Asciutto;Asfaltata;Verticale;Sereno;Intenso;Buona;Ore Diurne;0;0;0;6;12.5272;41.9185;-1;2;Autovettura privata;In marcia / fermata / arresto;Passeggero;M;Illeso;0;;;
3562794;19;21/11/2017 07:45;Strada Urbana;VIA TAGGIA;all'intersezione con;VIA MONTEBRUNO;VIA MONTEBRUNO;;;Scontro frontale/laterale DX fra veicoli in marcia;Incrocio;Una carreggiata a doppio senso;Asciutto;Asfaltata;Verticale ed orizzontale;Nuvoloso;Normale;Buona;Ore Diurne;1;0;0;1;12.42178;41.93046;-1;1;Autovettura privata;In marcia / fermata / arresto;Conducente;M;Illeso;0;;Non accertato;Inesploso
3562794;19;21/11/2017 07:45;Strada Urbana;VIA TAGGIA;all'intersezione con;VIA MONTEBRUNO;VIA MONTEBRUNO;;;Scontro frontale/laterale DX fra veicoli in marcia;Incrocio;Una carreggiata a doppio senso;Asciutto;Asfaltata;Verticale ed orizzontale;Nuvoloso;Normale;Buona;Ore Diurne;1;0;0;1;12.42178;41.93046;-1;2;Motociclo a solo;In marcia / fermata / arresto;Conducente;F;Rimandato;0;NON DECEDUTO;Non accertato;
3562796;1;21/11/2017 00:10;Strada Urbana;VIA LABICANA;da specificare;;;;ALTEZZA VIA ISIDE;Scontro frontale fra veicoli in marcia;Rettilineo;Più di due carreggiate;Asciutto;Asfaltata;Verticale ed orizzontale;Sereno;Scarso;Sufficiente;Sufficiente;0;0;0;1;12.50205;41.8892;-1;2;Autovettura privata;In marcia / fermata / arresto;Conducente;F;Illeso;0;;Non accertato;
3562804;18;21/11/2017 07:30;Strada Urbana;VIA NICOLO' PICCOLOMINI;in prossimità;;del civico n.;20;;Scontro laterale fra veicoli in marcia;Rettilineo;Una carreggiata a doppio senso;Asciutto;Asfaltata;Verticale ed orizzontale;Sereno;Normale;Buona;Ore Diurne;0;0;0;2;12.44149;41.89021;-1;1;Autocarro inferiore 35 q.;In marcia / fermata / arresto;Conducente;M;Illeso;0;;Non accertato;Inesploso
3562804;18;21/11/2017 07:30;Strada Urbana;VIA NICOLO' PICCOLOMINI;in prossimità;;del civico n.;20;;Scontro laterale fra veicoli in marcia;Rettilineo;Una carreggiata a doppio senso;Asciutto;Asfaltata;Verticale ed orizzontale;Sereno;Normale;Buona;Ore Diurne;0;0;0;2;12.44149;41.89021;-1;2;Motociclo a solo;In marcia / fermata / arresto;Conducente;F;Illeso;0;;Non accertato;
3562807;5;20/11/2017 09:30;Strada Urbana;VIA DEI MONTI TIBURTINI;da specificare;;;;dir. Lanciani 35 mt. prima di via dei Durantini;Scontro laterale fra veicoli in marcia;Rettilineo;Due carreggiate;Asciutto;Asfaltata;Verticale ed orizzontale;Sereno;Normale;Buona;Ore Diurne;1;0;0;1;12.5436;41.91705;-1;1;Autovettura privata;In marcia / fermata / arresto;Conducente;F;Illeso;0;;Non accertato;Inesploso
3562807;5;20/11/2017 09:30;Strada Urbana;VIA DEI MONTI TIBURTINI;da specificare;;;;dir. Lanciani 35 mt. prima di via dei Durantini;Scontro laterale fra veicoli in marcia;Rettilineo;Due carreggiate;Asciutto;Asfaltata;Verticale ed orizzontale;Sereno;Normale;Buona;Ore Diurne;1;0;0;1;12.5436;41.91705;-1;2;Motociclo a solo;In marcia / fermata / arresto;Conducente;M;Rimandato;0;NON DECEDUTO;Non accertato;
3562818;7;20/11/2017 13:40;Strada Urbana;VIA PRENESTINA;all'intersezione con;VIA DEL MAGGIOLINO;VIA DEL MAGGIOLINO;;;Scontro frontale/laterale SX fra veicoli in marcia;Incrocio;Una carreggiata a doppio senso;Asciutto;Asfaltata;Assente;Sereno;Normale;Buona;Ore Diurne;0;0;0;2;12.61059;41.89346;-1;1;Autovettura privata;In marcia / fermata / arresto;Conducente;F;Illeso;0;;Non accertato;Inesploso
3562818;7;20/11/2017 13:40;Strada Urbana;VIA PRENESTINA;all'intersezione con;VIA DEL MAGGIOLINO;VIA DEL MAGGIOLINO;;;Scontro frontale/laterale SX fra veicoli in marcia;Incrocio;Una carreggiata a doppio senso;Asciutto;Asfaltata;Assente;Sereno;Normale;Buona;Ore Diurne;0;0;0;2;12.61059;41.89346;-1;2;Autocarro inferiore 35 q.;In marcia / fermata / arresto;Conducente;M;Illeso;0;;Non accertato;Inesploso
3562837;12;20/11/2017 14:30;Strada Urbana;VIA CRISTOFORO COLOMBO;all'intersezione con;VIALE GUGLIELMO MARCONI;VIALE GUGLIELMO MARCONI;;;Tamponamento;Incrocio;Più di due carreggiate;Asciutto;Asfaltata;Verticale ed orizzontale;Sereno;Intenso;Buona;Ore Diurne;0;0;0;3;12.47151;41.85667;-1;1;Autovettura privata;In marcia / fermata / arresto;Conducente;M;Illeso;0;;Utilizzato;Inesploso
3562837;12;20/11/2017 14:30;Strada Urbana;VIA CRISTOFORO COLOMBO;all'intersezione con;VIALE GUGLIELMO MARCONI;VIALE GUGLIELMO MARCONI;;;Tamponamento;Incrocio;Più di due carreggiate;Asciutto;Asfaltata;Verticale ed orizzontale;Sereno;Intenso;Buona;Ore Diurne;0;0;0;3;12.47151;41.85667;-1;1;Autovettura privata;In marcia / fermata / arresto;Passeggero;F;Illeso;0;;Utilizzato;Inesploso
3562837;12;20/11/2017 14:30;Strada Urbana;VIA CRISTOFORO COLOMBO;all'intersezione con;VIALE GUGLIELMO MARCONI;VIALE GUGLIELMO MARCONI;;;Tamponamento;Incrocio;Più di due carreggiate;Asciutto;Asfaltata;Verticale ed orizzontale;Sereno;Intenso;Buona;Ore Diurne;0;0;0;3;12.47151;41.85667;-1;2;Autovettura privata;In marcia / fermata / arresto;Conducente;M;Illeso;0;;Utilizzato;Inesploso
3562854;1;17/11/2017 00:35;Strada Urbana;VIA DANDOLO;in prossimità;;del civico n.;45;;Veicolo in marcia contro ostacolo accidentale;Curva senza visuale libera;Una carreggiata a doppio senso;Asciutto;Asfaltata;Orizzontale;Sereno;Scarso;Buona;Sufficiente;1;0;0;3;12.46575;41.88422;-1;1;Motociclo con passeggero;In marcia / fermata / arresto;Conducente;M;Illeso;0;;Utilizzato;
3562854;1;17/11/2017 00:35;Strada Urbana;VIA DANDOLO;in prossimità;;del civico n.;45;;Veicolo in marcia contro ostacolo accidentale;Curva senza visuale libera;Una carreggiata a doppio senso;Asciutto;Asfaltata;Orizzontale;Sereno;Scarso;Buona;Sufficiente;1;0;0;3;12.46575;41.88422;-1;1;Motociclo con passeggero;In marcia / fermata / arresto;Passeggero;M;Illeso;0;;Utilizzato;
3562854;1;17/11/2017 00:35;Strada Urbana;VIA DANDOLO;in prossimità;;del civico n.;45;;Veicolo in marcia contro ostacolo accidentale;Curva senza visuale libera;Una carreggiata a doppio senso;Asciutto;Asfaltata;Orizzontale;Sereno;Scarso;Buona;Sufficiente;1;0;0;3;12.46575;41.88422;-1;2;Motociclo a solo;In marcia / fermata / arresto;Conducente;M;Illeso;0;;Utilizzato;
3562854;1;17/11/2017 00:35;Strada Urbana;VIA DANDOLO;in prossimità;;del civico n.;45;;Veicolo in marcia contro ostacolo accidentale;Curva senza visuale libera;Una carreggiata a doppio senso;Asciutto;Asfaltata;Orizzontale;Sereno;Scarso;Buona;Sufficiente;1;0;0;3;12.46575;41.88422;-1;3;Motociclo a solo;In marcia / fermata / arresto;Conducente;M;Rimandato;0;NON DECEDUTO;Utilizzato;
3562856;8;20/11/2017 19:30;Strada Urbana;VIA DELICETO;all'intersezione con;VIA MELISSANO;VIA MELISSANO;;;Scontro frontale/laterale DX fra veicoli in marcia;Incrocio;Una carreggiata a doppio senso;Asciutto;Asfaltata;Verticale;Sereno;Scarso;Sufficiente;Sufficiente;2;0;0;0;12.6659;41.88774;-1;1;Autovettura privata;In marcia / fermata / arresto;Conducente;M;Ricoverato;0;NON DECEDUTO;Non accertato;
3562856;8;20/11/2017 19:30;Strada Urbana;VIA DELICETO;all'intersezione con;VIA MELISSANO;VIA MELISSANO;;;Scontro frontale/laterale DX fra veicoli in marcia;Incrocio;Una carreggiata a doppio senso;Asciutto;Asfaltata;Verticale;Sereno;Scarso;Sufficiente;Sufficiente;2;0;0;0;12.6659;41.88774;-1;1;Autovettura privata;In marcia / fermata / arresto;Passeggero;M;Ricoverato;0;NON DECEDUTO;Utilizzato;
3562865;9;21/11/2017 06:50;Strada Urbana;VIA DELL'ARCO DI TRAVERTINO;in prossimità;;del civico n.;84/g;;Veicolo in marcia contro veicolo arresto;Rettilineo;Una carreggiata a senso unico di marcia;Asciutto;Asfaltata;Orizzontale;Sereno;Normale;Buona;Ore Diurne;0;0;0;3;12.53455;41.86624;-1;1;Autovettura privata;In marcia / fermata / arresto;Conducente;M;Illeso;0;;Non accertato;Inesploso
3562865;9;21/11/2017 06:50;Strada Urbana;VIA DELL'ARCO DI TRAVERTINO;in prossimità;;del civico n.;84/g;;Veicolo in marcia contro veicolo arresto;Rettilineo;Una carreggiata a senso unico di marcia;Asciutto;Asfaltata;Orizzontale;Sereno;Normale;Buona;Ore Diurne;0;0;0;3;12.53455;41.86624;-1;2;Autocarro inferiore 35 q.;In marcia / fermata / arresto;Conducente;M;Illeso;0;;Non accertato;Inesploso
3562865;9;21/11/2017 06:50;Strada Urbana;VIA DELL'ARCO DI TRAVERTINO;in prossimità;;del civico n.;84/g;;Veicolo in marcia contro veicolo arresto;Rettilineo;Una carreggiata a senso unico di marcia;Asciutto;Asfaltata;Orizzontale;Sereno;Normale;Buona;Ore Diurne;0;0;0;3;12.53455;41.86624;-1;2;Autocarro inferiore 35 q.;In marcia / fermata / arresto;Passeggero;M;Illeso;0;;Non accertato;Inesploso
3562874;8;20/11/2017 12:10;Strada Urbana;VIA DI TOR BELLA MONACA;da specificare;;;;100 metri prima svincolo Aspertini Casilina;Tamponamento;Rettilineo;Due carreggiate;Asciutto;Asfaltata;Verticale ed orizzontale;Sereno;Normale;Buona;Ore Diurne;1;0;0;2;12.62375;41.87848;-1;1;Autovettura privata;In marcia / fermata / arresto;Conducente;M;Illeso;0;;Non accertato;Inesploso
3562874;8;20/11/2017 12:10;Strada Urbana;VIA DI TOR BELLA MONACA;da specificare;;;;100 metri prima svincolo Aspertini Casilina;Tamponamento;Rettilineo;Due carreggiate;Asciutto;Asfaltata;Verticale ed orizzontale;Sereno;Normale;Buona;Ore Diurne;1;0;0;2;12.62375;41.87848;-1;1;Autovettura privata;In marcia / fermata / arresto;Passeggero;F;Illeso;0;;Non accertato;Inesploso
3562874;8;20/11/2017 12:10;Strada Urbana;VIA DI TOR BELLA MONACA;da specificare;;;;100 metri prima svincolo Aspertini Casilina;Tamponamento;Rettilineo;Due carreggiate;Asciutto;Asfaltata;Verticale ed orizzontale;Sereno;Normale;Buona;Ore Diurne;1;0;0;2;12.62375;41.87848;-1;2;Motociclo a solo;In marcia / fermata / arresto;Conducente;M;Rimandato;0;NON DECEDUTO;Non accertato;
3562884;8;20/11/2017 11:00;Strada Urbana;VIALE OXFORD;da specificare;;;;immissione viale heildeberg;Tamponamento;Rotatoria;Due carreggiate;Asciutto;Asfaltata;Verticale ed orizzontale;Sereno;Normale;Buona;Ore Diurne;0;0;0;2;12.62776;41.86039;-1;1;Autovettura pubblica;In marcia / fermata / arresto;Conducente;M;Illeso;0;;Non accertato;Inesploso
3562884;8;20/11/2017 11:00;Strada Urbana;VIALE OXFORD;da specificare;;;;immissione viale heildeberg;Tamponamento;Rotatoria;Due carreggiate;Asciutto;Asfaltata;Verticale ed orizzontale;Sereno;Normale;Buona;Ore Diurne;0;0;0;2;12.62776;41.86039;-1;2;Autovettura privata;In marcia / fermata / arresto;Conducente;F;Illeso;0;;Non accertato;Inesploso
3562891;8;20/11/2017 22:00;Strada Urbana;VIALE DELLA SORBONA;all'intersezione con;VIA COLUMBIA;VIA COLUMBIA;;;Scontro laterale fra veicoli in marcia;Rotatoria;Una carreggiata a senso unico di marcia;Asciutto;Asfaltata;Verticale ed orizzontale;Sereno;Scarso;Buona;Sufficiente;0;0;0;2;12.61209;41.85466;-1;1;Autovettura privata;In marcia / fermata / arresto;Conducente;M;Illeso;0;;Non accertato;Inesploso
3562891;8;20/11/2017 22:00;Strada Urbana;VIALE DELLA SORBONA;all'intersezione con;VIA COLUMBIA;VIA COLUMBIA;;;Scontro laterale fra veicoli in marcia;Rotatoria;Una carreggiata a senso unico di marcia;Asciutto;Asfaltata;Verticale ed orizzontale;Sereno;Scarso;Buona;Sufficiente;0;0;0;2;12.61209;41.85466;-1;2;Autovettura privata;In marcia / fermata / arresto;Conducente;M;Illeso;0;;Non accertato;Inesploso
3562898;8;20/11/2017 14:55;Strada Urbana;VIALE DELLA SORBONA;da specificare;;;;rotatoria via di tor vergata;Scontro laterale fra veicoli in marcia;Rettilineo;Una carreggiata a senso unico di marcia;Asciutto;Asfaltata;Verticale ed orizzontale;Sereno;Normale;Buona;Ore Diurne;0;0;0;3;12.61209;41.85466;-1;1;Autovettura privata;In marcia / fermata / arresto;Conducente;F;Illeso;0;;Non accertato;Inesploso
3562898;8;20/11/2017 14:55;Strada Urbana;VIALE DELLA SORBONA;da specificare;;;;rotatoria via di tor vergata;Scontro laterale fra veicoli in marcia;Rettilineo;Una carreggiata a senso unico di marcia;Asciutto;Asfaltata;Verticale ed orizzontale;Sereno;Normale;Buona;Ore Diurne;0;0;0;3;12.61209;41.85466;-1;2;Autovettura privata;In marcia / fermata / arresto;Conducente;M;Illeso;0;;Non accertato;Inesploso
3562898;8;20/11/2017 14:55;Strada Urbana;VIALE DELLA SORBONA;da specificare;;;;rotatoria via di tor vergata;Scontro laterale fra veicoli in marcia;Rettilineo;Una carreggiata a senso unico di marcia;Asciutto;Asfaltata;Verticale ed orizzontale;Sereno;Normale;Buona;Ore Diurne;0;0;0;3;12.61209;41.85466;-1;2;Autovettura privata;In marcia / fermata / arresto;Passeggero;M;Illeso;0;;Non accertato;Inesploso
3562899;4;20/11/2017 17:40;Strada Urbana;VIA SUVERETO;in prossimità;;del civico n.;269;;Veicolo in marcia contro ostacolo fisso;Rettilineo;Due carreggiate;Asciutto;Asfaltata;Assente;Sereno;Normale;Buona;Insufficiente;0;0;0;1;12.51919;41.9555;-1;1;Macchina operatrice;In marcia / fermata / arresto;Conducente;M;Illeso;0;;;
3562906;8;20/11/2017 15:30;Statale entro l'abitato;VIA CASILINA;da specificare;;;;altezza via Buonasoni;Scontro laterale fra veicoli in marcia;Rettilineo;Una carreggiata a doppio senso;Asciutto;Asfaltata;Verticale ed orizzontale;Sereno;Intenso;Buona;Ore Diurne;0;0;0;2;12.60417;41.86455;-1;1;Autovettura privata;In marcia / fermata / arresto;Conducente;F;Illeso;0;;Non accertato;Inesploso
3562906;8;20/11/2017 15:30;Statale entro l'abitato;VIA CASILINA;da specificare;;;;altezza via Buonasoni;Scontro laterale fra veicoli in marcia;Rettilineo;Una carreggiata a doppio senso;Asciutto;Asfaltata;Verticale ed orizzontale;Sereno;Intenso;Buona;Ore Diurne;0;0;0;2;12.60417;41.86455;-1;2;Autovettura privata;In marcia / fermata / arresto;Conducente;F;Illeso;0;;Non accertato;Inesploso
3562908;2;20/11/2017 17:20;Strada Urbana;CIRCONVALLAZIONE SALARIA;in corrispondenza;;del palo luce n.;89;;Tamponamento Multiplo;Rettilineo;Due carreggiate;Asciutto;Asfaltata;Verticale ed orizzontale;Sereno;Intenso;Buona;Sufficiente;1;0;0;4;12.52092;41.93437;-1;1;Autovettura privata;In marcia / fermata / arresto;Conducente;M;Illeso;0;;Non accertato;Inesploso
3562908;2;20/11/2017 17:20;Strada Urbana;CIRCONVALLAZIONE SALARIA;in corrispondenza;;del palo luce n.;89;;Tamponamento Multiplo;Rettilineo;Due carreggiate;Asciutto;Asfaltata;Verticale ed orizzontale;Sereno;Intenso;Buona;Sufficiente;1;0;0;4;12.52092;41.93437;-1;1;Autovettura privata;In marcia / fermata / arresto;Passeggero;M;Illeso;0;;Non accertato;Inesploso
3562908;2;20/11/2017 17:20;Strada Urbana;CIRCONVALLAZIONE SALARIA;in corrispondenza;;del palo luce n.;89;;Tamponamento Multiplo;Rettilineo;Due carreggiate;Asciutto;Asfaltata;Verticale ed orizzontale;Sereno;Intenso;Buona;Sufficiente;1;0;0;4;12.52092;41.93437;-1;2;Autovettura privata;In marcia / fermata / arresto;Conducente;M;Rimandato;0;NON DECEDUTO;Non accertato;Inesploso
3562908;2;20/11/2017 17:20;Strada Urbana;CIRCONVALLAZIONE SALARIA;in corrispondenza;;del palo luce n.;89;;Tamponamento Multiplo;Rettilineo;Due carreggiate;Asciutto;Asfaltata;Verticale ed orizzontale;Sereno;Intenso;Buona;Sufficiente;1;0;0;4;12.52092;41.93437;-1;3;Autovettura privata;In marcia / fermata / arresto;Conducente;F;Illeso;0;;Non accertato;Inesploso
3562908;2;20/11/2017 17:20;Strada Urbana;CIRCONVALLAZIONE SALARIA;in corrispondenza;;del palo luce n.;89;;Tamponamento Multiplo;Rettilineo;Due carreggiate;Asciutto;Asfaltata;Verticale ed orizzontale;Sereno;Intenso;Buona;Sufficiente;1;0;0;4;12.52092;41.93437;-1;3;Autovettura privata;In marcia / fermata / arresto;Passeggero;M;Illeso;0;;Non accertato;Inesploso
3562909;23;20/11/2017 13:45;Comunale extraurbana;VIA CRISTOFORO COLOMBO;all'intersezione semaforizzata con;LARGO RAFFAELLO DE RENSIS;LARGO RAFFAELLO DE RENSIS;;;Scontro frontale/laterale SX fra veicoli in marcia;Intersezione semaforizzata;Più di due carreggiate;Asciutto;Asfaltata;Verticale ed orizzontale;Sereno;Normale;Buona;Ore Diurne;0;0;0;2;12.36991;41.75473;-1;1;Autovettura privata;In marcia / fermata / arresto;Conducente;M;Illeso;0;;Utilizzato;Esploso
3562909;23;20/11/2017 13:45;Comunale extraurbana;VIA CRISTOFORO COLOMBO;all'intersezione semaforizzata con;LARGO RAFFAELLO DE RENSIS;LARGO RAFFAELLO DE RENSIS;;;Scontro frontale/laterale SX fra veicoli in marcia;Intersezione semaforizzata;Più di due carreggiate;Asciutto;Asfaltata;Verticale ed orizzontale;Sereno;Normale;Buona;Ore Diurne;0;0;0;2;12.36991;41.75473;-1;2;Autovettura privata;In marcia / fermata / arresto;Conducente;M;Illeso;0;;Utilizzato;Inesploso
3562910;8;21/11/2017 01:55;Strada Urbana;VIA COLLATINA;all'intersezione con;VIALE PALMIRO TOGLIATTI;VIALE PALMIRO TOGLIATTI;;;Scontro frontale/laterale DX fra veicoli in marcia;Incrocio;Due carreggiate;Asciutto;Asfaltata;Verticale ed orizzontale;Sereno;Scarso;Buona;Sufficiente;0;0;0;1;12.66611;41.92234;-1;1;Autovettura privata;In marcia / fermata / arresto;Conducente;M;Illeso;0;;;
3562912;1;20/11/2017 07:50;Strada Urbana;PIAZZA DEL RISORGIMENTO;in corrispondenza;;del civico n.;26;;Tamponamento;Rettilineo;Due carreggiate;Asciutto;Asfaltata;Verticale ed orizzontale;Sereno;Normale;Sufficiente;Ore Diurne;0;0;0;3;12.45768;41.90662;-1;1;Autovettura pubblica;In marcia / fermata / arresto;Conducente;M;Illeso;0;;Non accertato;
3562912;1;20/11/2017 07:50;Strada Urbana;PIAZZA DEL RISORGIMENTO;in corrispondenza;;del civico n.;26;;Tamponamento;Rettilineo;Due carreggiate;Asciutto;Asfaltata;Verticale ed orizzontale;Sereno;Normale;Sufficiente;Ore Diurne;0;0;0;3;12.45768;41.90662;-1;2;Autovettura di polizia;In marcia / fermata / arresto;Conducente;M;Illeso;0;;Non accertato;
3562912;1;20/11/2017 07:50;Strada Urbana;PIAZZA DEL RISORGIMENTO;in corrispondenza;;del civico n.;26;;Tamponamento;Rettilineo;Due carreggiate;Asciutto;Asfaltata;Verticale ed orizzontale;Sereno;Normale;Sufficiente;Ore Diurne;0;0;0;3;12.45768;41.90662;-1;2;Autovettura di polizia;In marcia / fermata / arresto;Passeggero;M;Illeso;0;;Non accertato;Inesploso
3562916;4;20/11/2017 14:25;Strada Urbana;VIA MONTE BENI;in prossimità;;del civico n.;16;;Tamponamento;Rettilineo;Una carreggiata a doppio senso;Asciutto;Asfaltata;Assente;Sereno;Scarso;Buona;Ore Diurne;0;0;0;2;12.53339;41.9468;-1;1;Autovettura privata;In marcia / fermata / arresto;Conducente;F;Illeso;0;;Non accertato;Inesploso
3562916;4;20/11/2017 14:25;Strada Urbana;VIA MONTE BENI;in prossimità;;del civico n.;16;;Tamponamento;Rettilineo;Una carreggiata a doppio senso;Asciutto;Asfaltata;Assente;Sereno;Scarso;Buona;Ore Diurne;0;0;0;2;12.53339;41.9468;-1;2;Autovettura privata;In marcia / fermata / arresto;Conducente;F;Illeso;0;;Non accertato;Inesploso
3562920;8;20/11/2017 08:45;Strada Urbana;VIA DON PRIMO MAZZOLARI;all'intersezione con;VIA OSCAR ARNULFO ROMERO;VIA OSCAR ARNULFO ROMERO;;;Scontro frontale/laterale SX fra veicoli in marcia;Incrocio;Una carreggiata a doppio senso;Asciutto;Asfaltata;Verticale ed orizzontale;Sereno;Normale;Buona;Ore Diurne;0;0;0;3;12.67067;41.89862;-1;1;Autovettura privata;In marcia / fermata / arresto;Passeggero;F;Illeso;0;;Non accertato;Inesploso