Protocollo;Gruppo;DataOraIncidente;Localizzazione1;STRADA1;Localizzazione2;STRADA2;Strada02;Chilometrica;DaSpecificare;NaturaIncidente;particolaritastrade;TipoStrada;FondoStradale;Pavimentazione;Segnaletica;CondizioneAtmosferica;Traffico;Visibilita;Illuminazione;NUM_FERITI;NUM_RISERVATA;NUM_MORTI;NUM_ILLESI;Longitudine;Latitudine;Confermato;Progressivo;TipoVeicolo;StatoVeicolo;TipoPersona;Sesso;Tipolesione;Deceduto;DecedutoDopo;CinturaCascoUtilizzato;Airbag
3567827;9;23/11/2017 21:10;;VIA TUSCOLANA;all'intersezione semaforizzata con;VIALE FURIO CAMILLO;VIALE FURIO CAMILLO;;;Scontro frontale/laterale SX fra veicoli in marcia;;;;;;;;;;0;0;0;2;;;0;1;Autovettura privata;In marcia / fermata / arresto;Conducente;M;Illeso;0;;;
3567827;9;23/11/2017 21:10;;VIA TUSCOLANA;all'intersezione semaforizzata con;VIALE FURIO CAMILLO;VIALE FURIO CAMILLO;;;Scontro frontale/laterale SX fra veicoli in marcia;;;;;;;;;;0;0;0;2;;;0;2;Motociclo a solo;In marcia / fermata / arresto;Conducente;M;Illeso;0;;;
3567828;4;23/11/2017 17:25;Strada Urbana;VIALE ADRIATICO;in corrispondenza;;del civico n.;81;;Scontro laterale fra veicoli in marcia;Rettilineo;Una carreggiata a senso unico di marcia;Asciutto;Asfaltata;Verticale ed orizzontale;Sereno;Normale;Buona;Sufficiente;0;0;0;2;12.53578;41.93974;-1;1;Autovettura privata;In marcia / fermata / arresto;Conducente;M;Illeso;0;;Non accertato;Inesploso
3567828;4;23/11/2017 17:25;Strada Urbana;VIALE ADRIATICO;in corrispondenza;;del civico n.;81;;Scontro laterale fra veicoli in marcia;Rettilineo;Una carreggiata a senso unico di marcia;Asciutto;Asfaltata;Verticale ed orizzontale;Sereno;Normale;Buona;Sufficiente;0;0;0;2;12.53578;41.93974;-1;2;Motociclo a solo;In marcia / fermata / arresto;Conducente;M;Illeso;0;;;
3567831;20;23/11/2017 14:55;Strada Urbana;VIA CASSIA;in prossimità;;del civico n.;328;;Tamponamento;Rettilineo;Una carreggiata a doppio senso;Asciutto;Asfaltata;Verticale ed orizzontale;Sereno;Normale;Sufficiente;Ore Diurne;0;0;0;4;12.45628;41.95351;-1;1;Autovettura privata;In marcia / fermata / arresto;Conducente;M;Illeso;0;;Non accertato;
3567831;20;23/11/2017 14:55;Strada Urbana;VIA CASSIA;in prossimità;;del civico n.;328;;Tamponamento;Rettilineo;Una carreggiata a doppio senso;Asciutto;Asfaltata;Verticale ed orizzontale;Sereno;Normale;Sufficiente;Ore Diurne;0;0;0;4;12.45628;41.95351;-1;1;Autovettura privata;In marcia / fermata / arresto;Passeggero;M;Illeso;0;;Non accertato;
3567831;20;23/11/2017 14:55;Strada Urbana;VIA CASSIA;in prossimità;;del civico n.;328;;Tamponamento;Rettilineo;Una carreggiata a doppio senso;Asciutto;Asfaltata;Verticale ed orizzontale;Sereno;Normale;Sufficiente;Ore Diurne;0;0;0;4;12.45628;41.95351;-1;1;Autovettura privata;In marcia / fermata / arresto;Passeggero;M;Illeso;0;;Non accertato;Inesploso
3567831;20;23/11/2017 14:55;Strada Urbana;VIA CASSIA;in prossimità;;del civico n.;328;;Tamponamento;Rettilineo;Una carreggiata a doppio senso;Asciutto;Asfaltata;Verticale ed orizzontale;Sereno;Normale;Sufficiente;Ore Diurne;0;0;0;4;12.45628;41.95351;-1;2;Autovettura privata;In marcia / fermata / arresto;Conducente;M;Illeso;0;;Non accertato;
3567833;13;23/11/2017 11:15;Comunale extraurbana;VIA DEL PONTE DI TOR BOACCIANA;da specificare;;;;immissione in via di Tor Boacciana;Tamponamento;Rettilineo;Una carreggiata a senso unico di marcia;Asciutto;Asfaltata;Verticale ed orizzontale;Sereno;Normale;Buona;Ore Diurne;1;0;0;1;12.2795;41.75169;-1;1;Autovettura privata;In marcia / fermata / arresto;Conducente;F;Illeso;0;;Non accertato;Inesploso
3567833;13;23/11/2017 11:15;Comunale extraurbana;VIA DEL PONTE DI TOR BOACCIANA;da specificare;;;;immissione in via di Tor Boacciana;Tamponamento;Rettilineo;Una carreggiata a senso unico di marcia;Asciutto;Asfaltata;Verticale ed orizzontale;Sereno;Normale;Buona;Ore Diurne;1;0;0;1;12.2795;41.75169;-1;2;Autovettura privata;In marcia / fermata / arresto;Conducente;F;Rimandato;0;NON DECEDUTO;Non accertato;Inesploso
3567837;11;23/11/2017 17:30;Strada Urbana;VIALE GUGLIELMO MARCONI;da specificare;;;;altezza VIA DI VALCO SAN PAOLO;Scontro laterale fra veicoli in marcia;Rettilineo;Due carreggiate;Asciutto;Asfaltata;Verticale ed orizzontale;Sereno;Intenso;Sufficiente;Sufficiente;0;0;0;3;12.47336;41.85239;-1;1;Motociclo a solo;In marcia / fermata / arresto;Conducente;M;Illeso;0;;;
3567837;11;23/11/2017 17:30;Strada Urbana;VIALE GUGLIELMO MARCONI;da specificare;;;;altezza VIA DI VALCO SAN PAOLO;Scontro laterale fra veicoli in marcia;Rettilineo;Due carreggiate;Asciutto;Asfaltata;Verticale ed orizzontale;Sereno;Intenso;Sufficiente;Sufficiente;0;0;0;3;12.47336;41.85239;-1;2;Autovettura privata;In marcia / fermata / arresto;Conducente;F;Illeso;0;;;
3567837;11;23/11/2017 17:30;Strada Urbana;VIALE GUGLIELMO MARCONI;da specificare;;;;altezza VIA DI VALCO SAN PAOLO;Scontro laterale fra veicoli in marcia;Rettilineo;Due carreggiate;Asciutto;Asfaltata;Verticale ed orizzontale;Sereno;Intenso;Sufficiente;Sufficiente;0;0;0;3;12.47336;41.85239;-1;2;Autovettura privata;In marcia / fermata / arresto;Passeggero;M;Illeso;0;;Non accertato;
3567838;5;23/11/2017 23:05;Strada Urbana;VIA NOMENTANA;all'intersezione con;VIA CARLO FEA;VIA CARLO FEA;;;Scontro frontale/laterale DX fra veicoli in marcia;Intersezione semaforizzata;Più di due carreggiate;Asciutto;Asfaltata;Verticale ed orizzontale;Sereno;Scarso;Buona;Sufficiente;1;0;0;2;12.51711;41.92001;-1;1;Autovettura privata;In marcia / fermata / arresto;Conducente;M;Illeso;0;;Non accertato;Inesploso
3567838;5;23/11/2017 23:05;Strada Urbana;VIA NOMENTANA;all'intersezione con;VIA CARLO FEA;VIA CARLO FEA;;;Scontro frontale/laterale DX fra veicoli in marcia;Intersezione semaforizzata;Più di due carreggiate;Asciutto;Asfaltata;Verticale ed orizzontale;Sereno;Scarso;Buona;Sufficiente;1;0;0;2;12.51711;41.92001;-1;1;Autovettura privata;In marcia / fermata / arresto;Passeggero;F;Illeso;0;;Non accertato;Inesploso
3567838;5;23/11/2017 23:05;Strada Urbana;VIA NOMENTANA;all'intersezione con;VIA CARLO FEA;VIA CARLO FEA;;;Scontro frontale/laterale DX fra veicoli in marcia;Intersezione semaforizzata;Più di due carreggiate;Asciutto;Asfaltata;Verticale ed orizzontale;Sereno;Scarso;Buona;Sufficiente;1;0;0;2;12.51711;41.92001;-1;2;Motociclo a solo;In marcia / fermata / arresto;Conducente;M;Rimandato;0;NON DECEDUTO;Non accertato;
3567841;20;23/11/2017 08:00;Strada Urbana;VIA DELLA FARNESINA;in prossimità;;del civico n.;195;;Investimento di pedone;Rettilineo;Una carreggiata a doppio senso;Asciutto;Asfaltata;Assente;Sereno;Normale;Buona;Ore Diurne;1;0;0;1;12.46028;41.94276;-1;;;;Pedone;M;Rimandato;0;NON DECEDUTO;;
3567841;20;23/11/2017 08:00;Strada Urbana;VIA DELLA FARNESINA;in prossimità;;del civico n.;195;;Investimento di pedone;Rettilineo;Una carreggiata a doppio senso;Asciutto;Asfaltata;Assente;Sereno;Normale;Buona;Ore Diurne;1;0;0;1;12.46028;41.94276;-1;1;Autovettura privata;In marcia / fermata / arresto;Conducente;M;Illeso;0;;Non accertato;Inesploso
3567856;20;23/11/2017 12:30;Altra strada;VIA DELLA GIUSTINIANA;da specificare;;;;civ. 271 int. area parcheggio centro commerciale;Scontro laterale fra veicoli in marcia;Rettilineo;Una carreggiata a doppio senso;Asciutto;Asfaltata;Orizzontale;Sereno;Normale;Buona;Ore Diurne;0;0;0;3;12.45485;41.99434;-1;1;Autovettura privata;In marcia / fermata / arresto;Conducente;F;Illeso;0;;Non accertato;
3567856;20;23/11/2017 12:30;Altra strada;VIA DELLA GIUSTINIANA;da specificare;;;;civ. 271 int. area parcheggio centro commerciale;Scontro laterale fra veicoli in marcia;Rettilineo;Una carreggiata a doppio senso;Asciutto;Asfaltata;Orizzontale;Sereno;Normale;Buona;Ore Diurne;0;0;0;3;12.45485;41.99434;-1;1;Autovettura privata;In marcia / fermata / arresto;Passeggero;F;Illeso;0;;Non accertato;
3567856;20;23/11/2017 12:30;Altra strada;VIA DELLA GIUSTINIANA;da specificare;;;;civ. 271 int. area parcheggio centro commerciale;Scontro laterale fra veicoli in marcia;Rettilineo;Una carreggiata a doppio senso;Asciutto;Asfaltata;Orizzontale;Sereno;Normale;Buona;Ore Diurne;0;0;0;3;12.45485;41.99434;-1;2;Autovettura privata;In marcia / fermata / arresto;Conducente;F;Illeso;0;;Non accertato;
3567860;19;23/11/2017 15:00;Strada Urbana;VIA ALBERTO CADLOLO;in prossimità;;del civico n.;51;;Scontro laterale fra veicoli in marcia;Rettilineo;Una carreggiata a doppio senso;Asciutto;Asfaltata;Orizzontale;Sereno;Normale;Buona;Ore Diurne;2;0;0;1;12.44709;41.92103;-1;1;Autovettura privata;In marcia / fermata / arresto;Conducente;F;Illeso;0;;Non accertato;Inesploso
3567860;19;23/11/2017 15:00;Strada Urbana;VIA ALBERTO CADLOLO;in prossimità;;del civico n.;51;;Scontro laterale fra veicoli in marcia;Rettilineo;Una carreggiata a doppio senso;Asciutto;Asfaltata;Orizzontale;Sereno;Normale;Buona;Ore Diurne;2;0;0;1;12.44709;41.92103;-1;2;Motociclo a solo;In marcia / fermata / arresto;Conducente;M;Rimandato;0;NON DECEDUTO;Non accertato;
3567860;19;23/11/2017 15:00;Strada Urbana;VIA ALBERTO CADLOLO;in prossimità;;del civico n.;51;;Scontro laterale fra veicoli in marcia;Rettilineo;Una carreggiata a doppio senso;Asciutto;Asfaltata;Orizzontale;Sereno;Normale;Buona;Ore Diurne;2;0;0;1;12.44709;41.92103;-1;2;Motociclo a solo;In marcia / fermata / arresto;Passeggero;M;Rimandato;0;NON DECEDUTO;;
3567870;4;23/11/2017 17:35;Strada Urbana;LARGO LUCHINO VISCONTI;da specificare;;;;prossimità Via De Santis;Scontro laterale fra veicoli in marcia;Rettilineo;Una carreggiata a senso unico di marcia;Asciutto;Asfaltata;Verticale;Sereno;Normale;Sufficiente;Ore Diurne;0;0;0;6;12.53537;41.96563;-1;1;Autocarro inferiore 35 q.;In marcia / fermata / arresto;Conducente;M;Illeso;0;;Non accertato;Inesploso
3567870;4;23/11/2017 17:35;Strada Urbana;LARGO LUCHINO VISCONTI;da specificare;;;;prossimità Via De Santis;Scontro laterale fra veicoli in marcia;Rettilineo;Una carreggiata a senso unico di marcia;Asciutto;Asfaltata;Verticale;Sereno;Normale;Sufficiente;Ore Diurne;0;0;0;6;12.53537;41.96563;-1;1;Autocarro inferiore 35 q.;In marcia / fermata / arresto;Passeggero;M;Illeso;0;;Non accertato;Inesploso
3567870;4;23/11/2017 17:35;Strada Urbana;LARGO LUCHINO VISCONTI;da specificare;;;;prossimità Via De Santis;Scontro laterale fra veicoli in marcia;Rettilineo;Una carreggiata a senso unico di marcia;Asciutto;Asfaltata;Verticale;Sereno;Normale;Sufficiente;Ore Diurne;0;0;0;6;12.53537;41.96563;-1;1;Autocarro inferiore 35 q.;In marcia / fermata / arresto;Passeggero;M;Illeso;0;;Non accertato;Inesploso
3567870;4;23/11/2017 17:35;Strada Urbana;LARGO LUCHINO VISCONTI;da specificare;;;;prossimità Via De Santis;Scontro laterale fra veicoli in marcia;Rettilineo;Una carreggiata a senso unico di marcia;Asciutto;Asfaltata;Verticale;Sereno;Normale;Sufficiente;Ore Diurne;0;0;0;6;12.53537;41.96563;-1;2;Autovettura privata;In marcia / fermata / arresto;Conducente;M;Illeso;0;;Non accertato;Inesploso
3567870;4;23/11/2017 17:35;Strada Urbana;LARGO LUCHINO VISCONTI;da specificare;;;;prossimità Via De Santis;Scontro laterale fra veicoli in marcia;Rettilineo;Una carreggiata a senso unico di marcia;Asciutto;Asfaltata;Verticale;Sereno;Normale;Sufficiente;Ore Diurne;0;0;0;6;12.53537;41.96563;-1;2;Autovettura privata;In marcia / fermata / arresto;Passeggero;F;Illeso;0;;Non accertato;Inesploso
3567874;6;24/11/2017 00:10;Strada Urbana;VIALE GIULIO AGRICOLA;all'intersezione con;VIA QUINTILIO VARO;VIA QUINTILIO VARO;;;Veicolo in marcia contro veicolo fermo;Incrocio;Due carreggiate;Asciutto;Asfaltata;Verticale ed orizzontale;Sereno;Scarso;Sufficiente;Sufficiente;0;0;0;2;12.56168;41.85564;-1;1;Autovettura privata;In marcia / fermata / arresto;Conducente;M;Illeso;0;;Non accertato;
3567874;6;24/11/2017 00:10;Strada Urbana;VIALE GIULIO AGRICOLA;all'intersezione con;VIA QUINTILIO VARO;VIA QUINTILIO VARO;;;Veicolo in marcia contro veicolo fermo;Incrocio;Due carreggiate;Asciutto;Asfaltata;Verticale ed orizzontale;Sereno;Scarso;Sufficiente;Sufficiente;0;0;0;2;12.56168;41.85564;-1;2;Autovettura privata;In marcia / fermata / arresto;Conducente;M;Illeso;0;;;
3567887;18;23/11/2017 18:30;Strada Urbana;VIA DI BOCCEA;in prossimità;;del civico n.;561;;Scontro frontale fra veicoli in marcia;Pendenza;Due carreggiate;Asciutto;Asfaltata;Verticale;Sereno;Intenso;Sufficiente;Sufficiente;5;0;0;2;12.38101;41.91546;-1;1;Autovettura privata;In marcia / fermata / arresto;Conducente;M;Rimandato;0;NON DECEDUTO;Non accertato;Inesploso
3567887;18;23/11/2017 18:30;Strada Urbana;VIA DI BOCCEA;in prossimità;;del civico n.;561;;Scontro frontale fra veicoli in marcia;Pendenza;Due carreggiate;Asciutto;Asfaltata;Verticale;Sereno;Intenso;Sufficiente;Sufficiente;5;0;0;2;12.38101;41.91546;-1;2;Autovettura privata;In marcia / fermata / arresto;Conducente;F;Rimandato;0;NON DECEDUTO;Non accertato;Inesploso
3567887;18;23/11/2017 18:30;Strada Urbana;VIA DI BOCCEA;in prossimità;;del civico n.;561;;Scontro frontale fra veicoli in marcia;Pendenza;Due carreggiate;Asciutto;Asfaltata;Verticale;Sereno;Intenso;Sufficiente;Sufficiente;5;0;0;2;12.38101;41.91546;-1;2;Autovettura privata;In marcia / fermata / arresto;Passeggero;M;Rimandato;0;NON DECEDUTO;;
3567887;18;23/11/2017 18:30;Strada Urbana;VIA DI BOCCEA;in prossimità;;del civico n.;561;;Scontro frontale fra veicoli in marcia;Pendenza;Due carreggiate;Asciutto;Asfaltata;Verticale;Sereno;Intenso;Sufficiente;Sufficiente;5;0;0;2;12.38101;41.91546;-1;3;Autovettura privata;In marcia / fermata / arresto;Conducente;F;Illeso;0;;Non accertato;
3567887;18;23/11/2017 18:30;Strada Urbana;VIA DI BOCCEA;in prossimità;;del civico n.;561;;Scontro frontale fra veicoli in marcia;Pendenza;Due carreggiate;Asciutto;Asfaltata;Verticale;Sereno;Intenso;Sufficiente;Sufficiente;5;0;0;2;12.38101;41.91546;-1;3;Autovettura privata;In marcia / fermata / arresto;Passeggero;F;Rimandato;0;NON DECEDUTO;;
3567887;18;23/11/2017 18:30;Strada Urbana;VIA DI BOCCEA;in prossimità;;del civico n.;561;;Scontro frontale fra veicoli in marcia;Pendenza;Due carreggiate;Asciutto;Asfaltata;Verticale;Sereno;Intenso;Sufficiente;Sufficiente;5;0;0;2;12.38101;41.91546;-1;4;Autovettura pubblica;In marcia / fermata / arresto;Conducente;M;Rimandato;0;NON DECEDUTO;Non accertato;Esploso
3567887;18;23/11/2017 18:30;Strada Urbana;VIA DI BOCCEA;in prossimità;;del civico n.;561;;Scontro frontale fra veicoli in marcia;Pendenza;Due carreggiate;Asciutto;Asfaltata;Verticale;Sereno;Intenso;Sufficiente;Sufficiente;5;0;0;2;12.38101;41.91546;-1;5;Autovettura privata;In marcia / fermata / arresto;Conducente;M;Illeso;0;;;
3567893;13;23/11/2017 14:50;Strada Urbana;VIA DEL COLLETTORE PRIMARIO;in prossimità;;del civico n.;69;;Scontro laterale fra veicoli in marcia;Rettilineo;Una carreggiata a doppio senso;Asciutto;Asfaltata;Orizzontale;Sereno;Normale;Buona;Ore Diurne;1;0;0;1;12.30973;41.76702;-1;1;Autovettura privata;In marcia / fermata / arresto;Conducente;F;Rimandato;0;NON DECEDUTO;Non accertato;Inesistente
3567893;13;23/11/2017 14:50;Strada Urbana;VIA DEL COLLETTORE PRIMARIO;in prossimità;;del civico n.;69;;Scontro laterale fra veicoli in marcia;Rettilineo;Una carreggiata a doppio senso;Asciutto;Asfaltata;Orizzontale;Sereno;Normale;Buona;Ore Diurne;1;0;0;1;12.30973;41.76702;-1;3;Autovettura privata;In marcia / fermata / arresto;Conducente;M;Illeso;0;;Non accertato;Inesploso
3567894;10;23/11/2017 21:00;Strada Urbana;VIA LUCIO MARIO PERPETUO;in corrispondenza;;del palo luce n.;13;;Scontro frontale fra veicoli in marcia;Rettilineo;Una carreggiata a doppio senso;Asciutto;Asfaltata;Verticale;Sereno;Scarso;Sufficiente;Sufficiente;1;0;0;0;12.54593;41.86224;-1;1;Motociclo a solo;In marcia / fermata / arresto;Conducente;M;Rimandato;0;NON DECEDUTO;;
3567898;4;23/11/2017 06:45;Strada Urbana;VIA CAPRAIA;all'intersezione semaforizzata con;VIA MONTE MASSICO;VIA MONTE MASSICO;;;Investimento di pedone;Incrocio;Una carreggiata a doppio senso;Asciutto;Asfaltata;Verticale ed orizzontale;Sereno;Scarso;Buona;Ore Diurne;1;0;0;1;12.53481;41.9487;-1;;;;Pedone;F;Rimandato;0;NON DECEDUTO;;
3567898;4;23/11/2017 06:45;Strada Urbana;VIA CAPRAIA;all'intersezione semaforizzata con;VIA MONTE MASSICO;VIA MONTE MASSICO;;;Investimento di pedone;Incrocio;Una carreggiata a doppio senso;Asciutto;Asfaltata;Verticale ed orizzontale;Sereno;Scarso;Buona;Ore Diurne;1;0;0;1;12.53481;41.9487;-1;1;Autovettura privata;In marcia / fermata / arresto;Conducente;F;Illeso;0;;;
3567908;20;23/11/2017 18:45;Strada Urbana;VIA DEL FORO ITALICO;da specificare;;;;Pross. palo Acea nr. 99 dir. Foro Italico;Scontro laterale fra veicoli in marcia;Rettilineo;Due carreggiate;Asciutto;Asfaltata;Verticale ed orizzontale;Sereno;Intenso;Sufficiente;Sufficiente;2;0;0;1;12.47062;41.9408;-1;1;Motociclo a solo;In marcia / fermata / arresto;Conducente;M;Rimandato;0;NON DECEDUTO;;
3567908;20;23/11/2017 18:45;Strada Urbana;VIA DEL FORO ITALICO;da specificare;;;;Pross. palo Acea nr. 99 dir. Foro Italico;Scontro laterale fra veicoli in marcia;Rettilineo;Due carreggiate;Asciutto;Asfaltata;Verticale ed orizzontale;Sereno;Intenso;Sufficiente;Sufficiente;2;0;0;1;12.47062;41.9408;-1;2;Autovettura privata;In marcia / fermata / arresto;Conducente;F;Illeso;0;;;
3567908;20;23/11/2017 18:45;Strada Urbana;VIA DEL FORO ITALICO;da specificare;;;;Pross. palo Acea nr. 99 dir. Foro Italico;Scontro laterale fra veicoli in marcia;Rettilineo;Due carreggiate;Asciutto;Asfaltata;Verticale ed orizzontale;Sereno;Intenso;Sufficiente;Sufficiente;2;0;0;1;12.47062;41.9408;-1;3;Motociclo a solo;In marcia / fermata / arresto;Conducente;M;Rimandato;0;NON DECEDUTO;;
3567914;4;23/11/2017 21:40;Strada Urbana;VIA DELLE VIGNE NUOVE;da specificare;;;;in prossimità del fronte civico 94;Veicolo in marcia contro veicoli in sosta;Rettilineo;Una carreggiata a doppio senso;Asciutto;Asfaltata;Assente;Sereno;Normale;Insufficiente;Inesistente;0;0;0;1;12.53582;41.95536;-1;1;Autovettura privata;In marcia / fermata / arresto;Conducente;F;Illeso;0;;Non accertato;Inesploso
3567917;4;23/11/2017 19:40;Strada Urbana;VIA VAGLIA;da specificare;;;;fronte civico 19;Tamponamento Multiplo;Rettilineo;Una carreggiata a doppio senso;Asciutto;Asfaltata;Assente;Sereno;Normale;Sufficiente;Sufficiente;0;0;0;3;12.51474;41.94998;-1;1;Autovettura privata;In marcia / fermata / arresto;Conducente;M;Illeso;0;;;
3567917;4;23/11/2017 19:40;Strada Urbana;VIA VAGLIA;da specificare;;;;fronte civico 19;Tamponamento Multiplo;Rettilineo;Una carreggiata a doppio senso;Asciutto;Asfaltata;Assente;Sereno;Normale;Sufficiente;Sufficiente;0;0;0;3;12.51474;41.94998;-1;2;Autovettura privata;In marcia / fermata / arresto;Conducente;M;Illeso;0;;;
3567917;4;23/11/2017 19:40;Strada Urbana;VIA VAGLIA;da specificare;;;;fronte civico 19;Tamponamento Multiplo;Rettilineo;Una carreggiata a doppio senso;Asciutto;Asfaltata;Assente;Sereno;Normale;Sufficiente;Sufficiente;0;0;0;3;12.51474;41.94998;-1;3;Motociclo a solo;In marcia / fermata / arresto;Conducente;M;Illeso;0;;;
3567923;5;24/11/2017 07:55;Strada Urbana;VIA DI GROTTA DI GREGNA;in corrispondenza;;del civico n.;100;;Scontro laterale fra veicoli in marcia;Rettilineo;Una carreggiata a doppio senso;Asciutto;Asfaltata;Verticale ed orizzontale;Nuvoloso;Normale;Buona;Ore Diurne;0;0;0;3;12.56526;41.90678;-1;1;Autovettura privata;In marcia / fermata / arresto;Conducente;M;Illeso;0;;Non accertato;Inesploso
3567923;5;24/11/2017 07:55;Strada Urbana;VIA DI GROTTA DI GREGNA;in corrispondenza;;del civico n.;100;;Scontro laterale fra veicoli in marcia;Rettilineo;Una carreggiata a doppio senso;Asciutto;Asfaltata;Verticale ed orizzontale;Nuvoloso;Normale;Buona;Ore Diurne;0;0;0;3;12.56526;41.90678;-1;2;Autovettura privata;In marcia / fermata / arresto;Conducente;F;Illeso;0;;Non accertato;Inesistente
3567923;5;24/11/2017 07:55;Strada Urbana;VIA DI GROTTA DI GREGNA;in corrispondenza;;del civico n.;100;;Scontro laterale fra veicoli in marcia;Rettilineo;Una carreggiata a doppio senso;Asciutto;Asfaltata;Verticale ed orizzontale;Nuvoloso;Normale;Buona;Ore Diurne;0;0;0;3;12.56526;41.90678;-1;2;Autovettura privata;In marcia / fermata / arresto;Passeggero;M;Illeso;0;;Non accertato;Inesploso
3567937;4;23/11/2017 09:00;Strada Urbana;VIA PIAN DI SCO;in corrispondenza;;del civico n.;4;;Investimento di pedone;Curva a visuale libera;Una carreggiata a doppio senso;Asciutto;Asfaltata;Verticale ed orizzontale;Sereno;Normale;Buona;Ore Diurne;1;0;0;1;12.51846;41.95905;-1;;;;Pedone;M;Rimandato;0;NON DECEDUTO;;
3567937;4;23/11/2017 09:00;Strada Urbana;VIA PIAN DI SCO;in corrispondenza;;del civico n.;4;;Investimento di pedone;Curva a visuale libera;Una carreggiata a doppio senso;Asciutto;Asfaltata;Verticale ed orizzontale;Sereno;Normale;Buona;Ore Diurne;1;0;0;1;12.51846;41.95905;-1;1;Autovettura privata;In marcia / fermata / arresto;Conducente;M;Illeso;0;;;
3567946;19;23/11/2017 09:00;Strada Urbana;VIA PASQUALE II;da specificare;;;;altezza fronte civico 49;Scontro frontale/laterale DX fra veicoli in marcia;Rettilineo;Una carreggiata a doppio senso;Asciutto;Asfaltata;Orizzontale;Sereno;Normale;Buona;Ore Diurne;0;0;0;2;12.41021;41.91097;-1;1;Autovettura privata;In marcia / fermata / arresto;Conducente;M;Illeso;0;;Non accertato;Inesploso
3567946;19;23/11/2017 09:00;Strada Urbana;VIA PASQUALE II;da specificare;;;;altezza fronte civico 49;Scontro frontale/laterale DX fra veicoli in marcia;Rettilineo;Una carreggiata a doppio senso;Asciutto;Asfaltata;Orizzontale;Sereno;Normale;Buona;Ore Diurne;0;0;0;2;12.41021;41.91097;-1;2;Autovettura privata;In marcia / fermata / arresto;Conducente;M;Illeso;0;;Non accertato;Inesploso
3567957;19;23/11/2017 17:10;Strada Urbana;VIA DELLA PINETA SACCHETTI;da specificare;;;;altezza Via Lardaria;Tamponamento;Rettilineo;Una carreggiata a senso unico di marcia;Asciutto;Asfaltata;Orizzontale;Sereno;Intenso;Sufficiente;Sufficiente;0;0;0;4;12.42441;41.92313;-1;1;Autovettura privata;In marcia / fermata / arresto;Conducente;M;Illeso;0;;Non accertato;Inesploso
3567957;19;23/11/2017 17:10;Strada Urbana;VIA DELLA PINETA SACCHETTI;da specificare;;;;altezza Via Lardaria;Tamponamento;Rettilineo;Una carreggiata a senso unico di marcia;Asciutto;Asfaltata;Orizzontale;Sereno;Intenso;Sufficiente;Sufficiente;0;0;0;4;12.42441;41.92313;-1;1;Autovettura privata;In marcia / fermata / arresto;Passeggero;M;Illeso;0;;Non accertato;Inesploso
3567957;19;23/11/2017 17:10;Strada Urbana;VIA DELLA PINETA SACCHETTI;da specificare;;;;altezza Via Lardaria;Tamponamento;Rettilineo;Una carreggiata a senso unico di marcia;Asciutto;Asfaltata;Orizzontale;Sereno;Intenso;Sufficiente;Sufficiente;0;0;0;4;12.42441;41.92313;-1;1;Autovettura privata;In marcia / fermata / arresto;Passeggero;F;Illeso;0;;Non accertato;Inesploso
3567957;19;23/11/2017 17:10;Strada Urbana;VIA DELLA PINETA SACCHETTI;da specificare;;;;altezza Via Lardaria;Tamponamento;Rettilineo;Una carreggiata a senso unico di marcia;Asciutto;Asfaltata;Orizzontale;Sereno;Intenso;Sufficiente;Sufficiente;0;0;0;4;12.42441;41.92313;-1;2;Autovettura privata;In marcia / fermata / arresto;Conducente;M;Illeso;0;;Non accertato;Inesploso
3567979;19;23/11/2017 23:00;Strada Urbana;VIALE CORTINA D'AMPEZZO;all'intersezione semaforizzata con;VIA COURMAYEUR;VIA COURMAYEUR;;;Scontro laterale fra veicoli in marcia;Intersezione semaforizzata;Una carreggiata a doppio senso;Asciutto;Asfaltata;Verticale ed orizzontale;Sereno;Scarso;Buona;Sufficiente;0;0;0;2;12.44085;41.94671;-1;1;Autovettura privata;In marcia / fermata / arresto;Conducente;F;Illeso;0;;Non accertato;Inesploso
3567979;19;23/11/2017 23:00;Strada Urbana;VIALE CORTINA D'AMPEZZO;all'intersezione semaforizzata con;VIA COURMAYEUR;VIA COURMAYEUR;;;Scontro laterale fra veicoli in marcia;Intersezione semaforizzata;Una carreggiata a doppio senso;Asciutto;Asfaltata;Verticale ed orizzontale;Sereno;Scarso;Buona;Sufficiente;0;0;0;2;12.44085;41.94671;-1;2;Autovettura privata;In marcia / fermata / arresto;Conducente;M;Illeso;0;;Non accertato;Inesploso
3568012;19;23/11/2017 07:50;Strada Urbana;VIA ANDERSEN;in corrispondenza;;del civico n.;112;;Scontro laterale fra veicoli in marcia;Rettilineo;Una carreggiata a doppio senso;Asciutto;Asfaltata;Orizzontale;Sereno;Normale;Buona;Ore Diurne;1;0;0;1;12.39921;41.92248;-1;1;Autovettura privata;In marcia / fermata / arresto;Conducente;M;Illeso;0;;Non accertato;
3568012;19;23/11/2017 07:50;Strada Urbana;VIA ANDERSEN;in corrispondenza;;del civico n.;112;;Scontro laterale fra veicoli in marcia;Rettilineo;Una carreggiata a doppio senso;Asciutto;Asfaltata;Orizzontale;Sereno;Normale;Buona;Ore Diurne;1;0;0;1;12.39921;41.92248;-1;2;Autovettura privata;In marcia / fermata / arresto;Conducente;F;Rifiuta cure immediate;0;NON DECEDUTO;Non accertato;