Protocollo;Gruppo;DataOraIncidente;Localizzazione1;STRADA1;Localizzazione2;STRADA2;Strada02;Chilometrica;DaSpecificare;NaturaIncidente;particolaritastrade;TipoStrada;FondoStradale;Pavimentazione;Segnaletica;CondizioneAtmosferica;Traffico;Visibilita;Illuminazione;NUM_FERITI;NUM_RISERVATA;NUM_MORTI;NUM_ILLESI;Longitudine;Latitudine;Confermato;Progressivo;TipoVeicolo;StatoVeicolo;TipoPersona;Sesso;Tipolesione;Deceduto;DecedutoDopo;CinturaCascoUtilizzato;Airbag
3568357;1;23/11/2017 17:00;Strada Urbana;VIA EMANUELE FILIBERTO;all'intersezione con;VIA DOMENICO FONTANA;VIA DOMENICO FONTANA;;;Scontro frontale/laterale DX fra veicoli in marcia;Incrocio;Una carreggiata a doppio senso;Asciutto;Asfaltata;Verticale ed orizzontale;Sereno;Normale;Buona;Sufficiente;1;0;0;4;12.50791;41.88808;-1;2;Autovettura privata;In marcia / fermata / arresto;Passeggero;M;Illeso;0;;Non accertato;Inesploso
3568357;1;23/11/2017 17:00;Strada Urbana;VIA EMANUELE FILIBERTO;all'intersezione con;VIA DOMENICO FONTANA;VIA DOMENICO FONTANA;;;Scontro frontale/laterale DX fra veicoli in marcia;Incrocio;Una carreggiata a doppio senso;Asciutto;Asfaltata;Verticale ed orizzontale;Sereno;Normale;Buona;Sufficiente;1;0;0;4;12.50791;41.88808;-1;2;Autovettura privata;In marcia / fermata / arresto;Passeggero;F;Rimandato;0;NON DECEDUTO;Non accertato;Inesploso
3568357;1;23/11/2017 17:00;Strada Urbana;VIA EMANUELE FILIBERTO;all'intersezione con;VIA DOMENICO FONTANA;VIA DOMENICO FONTANA;;;Scontro frontale/laterale DX fra veicoli in marcia;Incrocio;Una carreggiata a doppio senso;Asciutto;Asfaltata;Verticale ed orizzontale;Sereno;Normale;Buona;Sufficiente;1;0;0;4;12.50791;41.88808;-1;2;Autovettura privata;In marcia / fermata / arresto;Passeggero;F;Illeso;0;;Non accertato;Inesploso
3568364;16;23/11/2017 11:10;Strada Urbana;VIA GINO FUNAIOLI;in corrispondenza;;del civico n.;30;;Scontro laterale fra veicoli in marcia;Rettilineo;Una carreggiata a doppio senso;Asciutto;Asfaltata;Assente;Sereno;Scarso;Buona;Ore Diurne;0;0;0;4;12.44059;41.85944;-1;1;Autovettura privata;In marcia / fermata / arresto;Conducente;F;Illeso;0;;Non accertato;Inesploso
3568364;16;23/11/2017 11:10;Strada Urbana;VIA GINO FUNAIOLI;in corrispondenza;;del civico n.;30;;Scontro laterale fra veicoli in marcia;Rettilineo;Una carreggiata a doppio senso;Asciutto;Asfaltata;Assente;Sereno;Scarso;Buona;Ore Diurne;0;0;0;4;12.44059;41.85944;-1;1;Autovettura privata;In marcia / fermata / arresto;Passeggero;F;Illeso;0;;Non accertato;Inesploso
3568364;16;23/11/2017 11:10;Strada Urbana;VIA GINO FUNAIOLI;in corrispondenza;;del civico n.;30;;Scontro laterale fra veicoli in marcia;Rettilineo;Una carreggiata a doppio senso;Asciutto;Asfaltata;Assente;Sereno;Scarso;Buona;Ore Diurne;0;0;0;4;12.44059;41.85944;-1;1;Autovettura privata;In marcia / fermata / arresto;Passeggero;M;Illeso;0;;Non accertato;Inesploso
3568364;16;23/11/2017 11:10;Strada Urbana;VIA GINO FUNAIOLI;in corrispondenza;;del civico n.;30;;Scontro laterale fra veicoli in marcia;Rettilineo;Una carreggiata a doppio senso;Asciutto;Asfaltata;Assente;Sereno;Scarso;Buona;Ore Diurne;0;0;0;4;12.44059;41.85944;-1;2;Autovettura privata;In marcia / fermata / arresto;Conducente;F;Illeso;0;;Non accertato;Inesploso
3568365;13;24/11/2017 11:00;Strada Urbana;VIA DOMENICO CECCAROSSI;all'intersezione con;VIA GIOVANNI BOLZONI;VIA GIOVANNI BOLZONI;;;Scontro frontale/laterale SX fra veicoli in marcia;Incrocio;Una carreggiata a doppio senso;Asciutto;Asfaltata;Orizzontale;Sereno;Normale;Buona;Ore Diurne;0;0;0;2;12.36401;41.74197;-1;1;Autovettura privata;In marcia / fermata / arresto;Conducente;M;Illeso;0;;Non accertato;Inesploso
3568365;13;24/11/2017 11:00;Strada Urbana;VIA DOMENICO CECCAROSSI;all'intersezione con;VIA GIOVANNI BOLZONI;VIA GIOVANNI BOLZONI;;;Scontro frontale/laterale SX fra veicoli in marcia;Incrocio;Una carreggiata a doppio senso;Asciutto;Asfaltata;Orizzontale;Sereno;Normale;Buona;Ore Diurne;0;0;0;2;12.36401;41.74197;-1;2;Autovettura privata;In marcia / fermata / arresto;Conducente;F;Illeso;0;;Non accertato;Inesploso
3568432;1;23/11/2017 18:40;Strada Urbana;PIAZZA VENEZIA;in prossimità;;del civico n.;3;;Tamponamento;Rotatoria;Una carreggiata a senso unico di marcia;Asciutto;In cubetti di porfido;Verticale ed orizzontale;Sereno;Intenso;Sufficiente;Sufficiente;1;0;0;1;12.48397;41.89568;-1;1;Autovettura privata;In marcia / fermata / arresto;Conducente;M;Illeso;0;;Non accertato;Inesploso
3568432;1;23/11/2017 18:40;Strada Urbana;PIAZZA VENEZIA;in prossimità;;del civico n.;3;;Tamponamento;Rotatoria;Una carreggiata a senso unico di marcia;Asciutto;In cubetti di porfido;Verticale ed orizzontale;Sereno;Intenso;Sufficiente;Sufficiente;1;0;0;1;12.48397;41.89568;-1;2;Velocipede;In marcia / fermata / arresto;Conducente;M;Rimandato;0;NON DECEDUTO;Esente;
3568448;16;23/11/2017 21:30;Strada Urbana;VIA DI BOCCEA;all'intersezione con;VIA TEODOLFO MERTEL;VIA TEODOLFO MERTEL;;;Scontro frontale/laterale SX fra veicoli in marcia;Incrocio;Una carreggiata a doppio senso;Asciutto;Asfaltata;Verticale ed orizzontale;Sereno;Normale;Buona;Sufficiente;2;0;0;1;12.37296;41.92203;-1;1;Autovettura privata;In marcia / fermata / arresto;Conducente;F;Illeso;0;;Non accertato;
3568448;16;23/11/2017 21:30;Strada Urbana;VIA DI BOCCEA;all'intersezione con;VIA TEODOLFO MERTEL;VIA TEODOLFO MERTEL;;;Scontro frontale/laterale SX fra veicoli in marcia;Incrocio;Una carreggiata a doppio senso;Asciutto;Asfaltata;Verticale ed orizzontale;Sereno;Normale;Buona;Sufficiente;2;0;0;1;12.37296;41.92203;-1;2;Motociclo a solo;In marcia / fermata / arresto;Conducente;F;Rimandato;0;NON DECEDUTO;Non accertato;
3568448;16;23/11/2017 21:30;Strada Urbana;VIA DI BOCCEA;all'intersezione con;VIA TEODOLFO MERTEL;VIA TEODOLFO MERTEL;;;Scontro frontale/laterale SX fra veicoli in marcia;Incrocio;Una carreggiata a doppio senso;Asciutto;Asfaltata;Verticale ed orizzontale;Sereno;Normale;Buona;Sufficiente;2;0;0;1;12.37296;41.92203;-1;2;Motociclo a solo;In marcia / fermata / arresto;Passeggero;F;Rimandato;0;NON DECEDUTO;Non accertato;
3568479;23;23/11/2017 12:35;Strada Urbana;LUNGOTEVERE DELLA VITTORIA;in corrispondenza;;del civico n.;9;;Scontro frontale/laterale SX fra veicoli in marcia;Rettilineo;Una carreggiata a doppio senso;Asciutto;Asfaltata;Orizzontale;Sereno;Scarso;Buona;Ore Diurne;1;0;0;1;12.46149;41.92715;-1;1;Autovettura privata;In marcia / fermata / arresto;Conducente;F;Illeso;0;;Non accertato;Inesploso
3568479;23;23/11/2017 12:35;Strada Urbana;LUNGOTEVERE DELLA VITTORIA;in corrispondenza;;del civico n.;9;;Scontro frontale/laterale SX fra veicoli in marcia;Rettilineo;Una carreggiata a doppio senso;Asciutto;Asfaltata;Orizzontale;Sereno;Scarso;Buona;Ore Diurne;1;0;0;1;12.46149;41.92715;-1;2;Motociclo a solo;In marcia / fermata / arresto;Conducente;M;Rifiuta cure immediate;0;NON DECEDUTO;Utilizzato;
3568650;18;24/11/2017 13:45;Strada Urbana;VIA DI BOCCEA;in corrispondenza;;del civico n.;232;;Investimento di pedone;Rettilineo;Una carreggiata a doppio senso;Asciutto;Asfaltata;Verticale ed orizzontale;Sereno;Normale;Buona;Ore Diurne;1;0;0;1;12.42084;41.90348;-1;;;;Pedone;F;Rimandato;0;NON DECEDUTO;;
3568650;18;24/11/2017 13:45;Strada Urbana;VIA DI BOCCEA;in corrispondenza;;del civico n.;232;;Investimento di pedone;Rettilineo;Una carreggiata a doppio senso;Asciutto;Asfaltata;Verticale ed orizzontale;Sereno;Normale;Buona;Ore Diurne;1;0;0;1;12.42084;41.90348;-1;1;Autobus urbano;In marcia / fermata / arresto;Conducente;M;Illeso;0;;Non accertato;Inesistente
3568656;9;24/11/2017 13:40;Strada Urbana;PIAZZA TUSCOLO;da specificare;;;;FRONTE CIVICO 23;Investimento di pedone;Rettilineo;Una carreggiata a doppio senso;Asciutto;Asfaltata;Verticale ed orizzontale;Sereno;Normale;Buona;Ore Diurne;2;0;0;0;12.50817;41.88038;-1;;;;Pedone;M;Rimandato;0;NON DECEDUTO;;
3568656;9;24/11/2017 13:40;Strada Urbana;PIAZZA TUSCOLO;da specificare;;;;FRONTE CIVICO 23;Investimento di pedone;Rettilineo;Una carreggiata a doppio senso;Asciutto;Asfaltata;Verticale ed orizzontale;Sereno;Normale;Buona;Ore Diurne;2;0;0;0;12.50817;41.88038;-1;1;Motociclo a solo;In marcia / fermata / arresto;Conducente;M;Rimandato;0;NON DECEDUTO;Utilizzato;
3568683;1;24/11/2017 01:00;Strada Urbana;VIA FLAVIA;in prossimità;;del civico n.;112;;Veicolo in marcia contro ostacolo accidentale;Rettilineo;Una carreggiata a senso unico di marcia;Viscido da liquidi oleosi;Acciotolata;Verticale ed orizzontale;Sereno;Scarso;Buona;Sufficiente;1;0;0;0;12.49845;41.90801;-1;1;Motociclo a solo;In marcia / fermata / arresto;Conducente;M;Rifiuta cure immediate;0;NON DECEDUTO;Utilizzato;
3568688;23;23/11/2017 23:35;Strada Urbana;VIA CRISTOFORO COLOMBO;all'intersezione semaforizzata con;VIA PINDARO;VIA PINDARO;;;Tamponamento;Intersezione semaforizzata;Due carreggiate;Asciutto;Asfaltata;Verticale ed orizzontale;Sereno;Scarso;Buona;Sufficiente;0;0;0;3;12.36967;41.75497;-1;1;Autovettura privata;In marcia / fermata / arresto;Conducente;M;Illeso;0;;Non accertato;Inesploso
3568688;23;23/11/2017 23:35;Strada Urbana;VIA CRISTOFORO COLOMBO;all'intersezione semaforizzata con;VIA PINDARO;VIA PINDARO;;;Tamponamento;Intersezione semaforizzata;Due carreggiate;Asciutto;Asfaltata;Verticale ed orizzontale;Sereno;Scarso;Buona;Sufficiente;0;0;0;3;12.36967;41.75497;-1;2;Autovettura privata;Allontanatosi;Conducente;F;Illeso;0;;Non accertato;Inesploso
3568688;23;23/11/2017 23:35;Strada Urbana;VIA CRISTOFORO COLOMBO;all'intersezione semaforizzata con;VIA PINDARO;VIA PINDARO;;;Tamponamento;Intersezione semaforizzata;Due carreggiate;Asciutto;Asfaltata;Verticale ed orizzontale;Sereno;Scarso;Buona;Sufficiente;0;0;0;3;12.36967;41.75497;-1;2;Autovettura privata;Allontanatosi;Passeggero;F;Illeso;0;;Non accertato;Inesploso
3568724;1;24/11/2017 00:05;Strada Urbana;CORSO VITTORIO EMANUELE II;in prossimità;;del civico n.;257;;Veicolo in marcia contro veicolo fermo;Rettilineo;Una carreggiata a senso unico di marcia;Asciutto;Asfaltata;Verticale ed orizzontale;Sereno;Scarso;Buona;Sufficiente;0;0;0;3;12.46786;41.8985;-1;1;Autovettura privata;In marcia / fermata / arresto;Conducente;M;Illeso;0;;Utilizzato;Inesploso
3568724;1;24/11/2017 00:05;Strada Urbana;CORSO VITTORIO EMANUELE II;in prossimità;;del civico n.;257;;Veicolo in marcia contro veicolo fermo;Rettilineo;Una carreggiata a senso unico di marcia;Asciutto;Asfaltata;Verticale ed orizzontale;Sereno;Scarso;Buona;Sufficiente;0;0;0;3;12.46786;41.8985;-1;1;Autovettura privata;In marcia / fermata / arresto;Passeggero;F;Illeso;0;;Utilizzato;Inesploso
3568724;1;24/11/2017 00:05;Strada Urbana;CORSO VITTORIO EMANUELE II;in prossimità;;del civico n.;257;;Veicolo in marcia contro veicolo fermo;Rettilineo;Una carreggiata a senso unico di marcia;Asciutto;Asfaltata;Verticale ed orizzontale;Sereno;Scarso;Buona;Sufficiente;0;0;0;3;12.46786;41.8985;-1;2;Autovettura pubblica;In marcia / fermata / arresto;Conducente;M;Illeso;0;;Utilizzato;Inesploso
3568768;12;23/11/2017 02:55;Strada Urbana;VIA DELLA MAGLIANA;in corrispondenza;;del civico n.;206;;Scontro frontale/laterale SX fra veicoli in marcia;Rettilineo;Una carreggiata a doppio senso;Asciutto;Asfaltata;Verticale ed orizzontale;Sereno;Scarso;Buona;Sufficiente;1;0;0;2;12.41103;41.82558;-1;1;Autovettura privata;In marcia / fermata / arresto;Conducente;M;Illeso;0;;Non accertato;Inesploso
3568768;12;23/11/2017 02:55;Strada Urbana;VIA DELLA MAGLIANA;in corrispondenza;;del civico n.;206;;Scontro frontale/laterale SX fra veicoli in marcia;Rettilineo;Una carreggiata a doppio senso;Asciutto;Asfaltata;Verticale ed orizzontale;Sereno;Scarso;Buona;Sufficiente;1;0;0;2;12.41103;41.82558;-1;1;Autovettura privata;In marcia / fermata / arresto;Passeggero;M;Rimandato;0;NON DECEDUTO;Non accertato;Inesploso
3568768;12;23/11/2017 02:55;Strada Urbana;VIA DELLA MAGLIANA;in corrispondenza;;del civico n.;206;;Scontro frontale/laterale SX fra veicoli in marcia;Rettilineo;Una carreggiata a doppio senso;Asciutto;Asfaltata;Verticale ed orizzontale;Sereno;Scarso;Buona;Sufficiente;1;0;0;2;12.41103;41.82558;-1;2;Autovettura privata;In marcia / fermata / arresto;Conducente;M;Illeso;0;;Non accertato;Inesploso
3568785;3;23/11/2017 18:00;Strada Urbana;PIAZZALE DELLE PROVINCIE;all'intersezione con;VIA DELLA LEGA LOMBARDA;VIA DELLA LEGA LOMBARDA;;;Veicolo in marcia contro veicolo in sosta;Intersezione non regolata/non segnalata;Una carreggiata a senso unico alternato;Asciutto;Asfaltata;Verticale ed orizzontale;Sereno;Intenso;Sufficiente;Inesistente;0;0;0;1;12.52142;41.9094;-1;2;Velocipede;In marcia / fermata / arresto;Conducente;M;Illeso;0;;Esente;
3568832;5;24/11/2017 15:20;Strada Urbana;PIAZZA URBANIA;all'intersezione con;VIA SAN BENEDETTO DEL TRONTO;VIA SAN BENEDETTO DEL TRONTO;;;Investimento di pedone;Incrocio;Una carreggiata a doppio senso;Asciutto;Asfaltata;Verticale ed orizzontale;Sereno;Normale;Buona;Ore Diurne;1;0;0;1;12.5859;41.94263;-1;;;;Pedone;M;Rimandato;0;NON DECEDUTO;;
3568832;5;24/11/2017 15:20;Strada Urbana;PIAZZA URBANIA;all'intersezione con;VIA SAN BENEDETTO DEL TRONTO;VIA SAN BENEDETTO DEL TRONTO;;;Investimento di pedone;Incrocio;Una carreggiata a doppio senso;Asciutto;Asfaltata;Verticale ed orizzontale;Sereno;Normale;Buona;Ore Diurne;1;0;0;1;12.5859;41.94263;-1;1;Autovettura privata;In marcia / fermata / arresto;Conducente;M;Illeso;0;;Non accertato;Inesploso
3568839;17;24/11/2017 13:39;Strada Urbana;LUNGOTEVERE DELLE ARMI;da specificare;;;;in corrispondenza via Montanelli;Veicolo in marcia contro ostacolo fisso;Rettilineo;Una carreggiata a senso unico di marcia;Asciutto;Asfaltata;Verticale ed orizzontale;Sereno;Normale;Buona;Ore Diurne;1;0;0;0;12.46962;41.91715;-1;1;Motociclo a solo;In marcia / fermata / arresto;Conducente;M;Rimandato;0;NON DECEDUTO;;
3568845;18;24/11/2017 15:50;Strada Urbana;VIA AURELIA;all'intersezione con;VIA DI PORTA PERTUSA;VIA DI PORTA PERTUSA;;;Ribaltamento senza urto contro ostacolo fisso;Intersezione non regolata/non segnalata;Una carreggiata a doppio senso;Asciutto;Asfaltata;Verticale ed orizzontale;Sereno;Normale;Buona;Ore Diurne;1;0;0;1;12.4453;41.90095;-1;1;Motociclo a solo;In marcia / fermata / arresto;Conducente;M;Rifiuta cure immediate;0;NON DECEDUTO;Non accertato;
3568845;18;24/11/2017 15:50;Strada Urbana;VIA AURELIA;all'intersezione con;VIA DI PORTA PERTUSA;VIA DI PORTA PERTUSA;;;Ribaltamento senza urto contro ostacolo fisso;Intersezione non regolata/non segnalata;Una carreggiata a doppio senso;Asciutto;Asfaltata;Verticale ed orizzontale;Sereno;Normale;Buona;Ore Diurne;1;0;0;1;12.4453;41.90095;-1;2;Autovettura privata;In marcia / fermata / arresto;Conducente;M;Illeso;0;;Non accertato;Inesploso
3568858;1;24/11/2017 11:30;Strada Urbana;VIA DELLE TERME DI TRAIANO;all'intersezione con;VIALE DEL MONTE OPPIO;VIALE DEL MONTE OPPIO;;;Scontro frontale/laterale DX fra veicoli in marcia;Intersezione stradale segnalata;Una carreggiata a doppio senso;Asciutto;Asfaltata;Verticale ed orizzontale;Nuvoloso;Scarso;Buona;Ore Diurne;0;0;0;5;12.49739;41.89352;-1;1;Autovettura privata;In marcia / fermata / arresto;Conducente;M;Illeso;0;;Utilizzato;Inesploso
3568858;1;24/11/2017 11:30;Strada Urbana;VIA DELLE TERME DI TRAIANO;all'intersezione con;VIALE DEL MONTE OPPIO;VIALE DEL MONTE OPPIO;;;Scontro frontale/laterale DX fra veicoli in marcia;Intersezione stradale segnalata;Una carreggiata a doppio senso;Asciutto;Asfaltata;Verticale ed orizzontale;Nuvoloso;Scarso;Buona;Ore Diurne;0;0;0;5;12.49739;41.89352;-1;1;Autovettura privata;In marcia / fermata / arresto;Passeggero;M;Illeso;0;;Non accertato;Inesistente
3568858;1;24/11/2017 11:30;Strada Urbana;VIA DELLE TERME DI TRAIANO;all'intersezione con;VIALE DEL MONTE OPPIO;VIALE DEL MONTE OPPIO;;;Scontro frontale/laterale DX fra veicoli in marcia;Intersezione stradale segnalata;Una carreggiata a doppio senso;Asciutto;Asfaltata;Verticale ed orizzontale;Nuvoloso;Scarso;Buona;Ore Diurne;0;0;0;5;12.49739;41.89352;-1;1;Autovettura privata;In marcia / fermata / arresto;Passeggero;F;Illeso;0;;Esente;Inesistente
3568858;1;24/11/2017 11:30;Strada Urbana;VIA DELLE TERME DI TRAIANO;all'intersezione con;VIALE DEL MONTE OPPIO;VIALE DEL MONTE OPPIO;;;Scontro frontale/laterale DX fra veicoli in marcia;Intersezione stradale segnalata;Una carreggiata a doppio senso;Asciutto;Asfaltata;Verticale ed orizzontale;Nuvoloso;Scarso;Buona;Ore Diurne;0;0;0;5;12.49739;41.89352;-1;1;Autovettura privata;In marcia / fermata / arresto;Passeggero;F;Illeso;0;;Utilizzato;Inesploso
3568858;1;24/11/2017 11:30;Strada Urbana;VIA DELLE TERME DI TRAIANO;all'intersezione con;VIALE DEL MONTE OPPIO;VIALE DEL MONTE OPPIO;;;Scontro frontale/laterale DX fra veicoli in marcia;Intersezione stradale segnalata;Una carreggiata a doppio senso;Asciutto;Asfaltata;Verticale ed orizzontale;Nuvoloso;Scarso;Buona;Ore Diurne;0;0;0;5;12.49739;41.89352;-1;2;Autovettura privata;In marcia / fermata / arresto;Conducente;M;Illeso;0;;Utilizzato;Inesploso
3568931;13;24/11/2017 16:50;Strada Urbana;VIA MAURICE RAVEL;all'intersezione con;VIA MANUEL DE FALLA;VIA MANUEL DE FALLA;;;Scontro frontale/laterale DX fra veicoli in marcia;Intersezione stradale segnalata;Una carreggiata a doppio senso;Asciutto;Asfaltata;Verticale ed orizzontale;Sereno;Normale;Buona;Ore Diurne;1;0;0;3;12.37295;41.75045;-1;1;Autovettura privata;In marcia / fermata / arresto;Conducente;M;Illeso;0;;Non accertato;Inesploso
3568931;13;24/11/2017 16:50;Strada Urbana;VIA MAURICE RAVEL;all'intersezione con;VIA MANUEL DE FALLA;VIA MANUEL DE FALLA;;;Scontro frontale/laterale DX fra veicoli in marcia;Intersezione stradale segnalata;Una carreggiata a doppio senso;Asciutto;Asfaltata;Verticale ed orizzontale;Sereno;Normale;Buona;Ore Diurne;1;0;0;3;12.37295;41.75045;-1;2;Autovettura privata;In marcia / fermata / arresto;Conducente;F;Illeso;0;;Non accertato;Inesploso
3568931;13;24/11/2017 16:50;Strada Urbana;VIA MAURICE RAVEL;all'intersezione con;VIA MANUEL DE FALLA;VIA MANUEL DE FALLA;;;Scontro frontale/laterale DX fra veicoli in marcia;Intersezione stradale segnalata;Una carreggiata a doppio senso;Asciutto;Asfaltata;Verticale ed orizzontale;Sereno;Normale;Buona;Ore Diurne;1;0;0;3;12.37295;41.75045;-1;2;Autovettura privata;In marcia / fermata / arresto;Passeggero;F;Rimandato;0;NON DECEDUTO;Non accertato;Esploso
3568931;13;24/11/2017 16:50;Strada Urbana;VIA MAURICE RAVEL;all'intersezione con;VIA MANUEL DE FALLA;VIA MANUEL DE FALLA;;;Scontro frontale/laterale DX fra veicoli in marcia;Intersezione stradale segnalata;Una carreggiata a doppio senso;Asciutto;Asfaltata;Verticale ed orizzontale;Sereno;Normale;Buona;Ore Diurne;1;0;0;3;12.37295;41.75045;-1;2;Autovettura privata;In marcia / fermata / arresto;Passeggero;F;Illeso;0;;Non accertato;
3568933;6;24/11/2017 15:45;Strada Urbana;VIA CASILINA;all'intersezione con;VIA CARLO DELLA ROCCA;VIA CARLO DELLA ROCCA;;;Scontro frontale/laterale SX fra veicoli in marcia;Incrocio;Più di due carreggiate;Asciutto;Asfaltata;Verticale ed orizzontale;Sereno;Normale;Buona;Ore Diurne;0;0;0;3;12.54412;41.87921;-1;1;Autovettura privata;In marcia / fermata / arresto;Conducente;F;Illeso;0;;;
3568933;6;24/11/2017 15:45;Strada Urbana;VIA CASILINA;all'intersezione con;VIA CARLO DELLA ROCCA;VIA CARLO DELLA ROCCA;;;Scontro frontale/laterale SX fra veicoli in marcia;Incrocio;Più di due carreggiate;Asciutto;Asfaltata;Verticale ed orizzontale;Sereno;Normale;Buona;Ore Diurne;0;0;0;3;12.54412;41.87921;-1;2;Autovettura privata;In marcia / fermata / arresto;Conducente;M;Illeso;0;;;
3568933;6;24/11/2017 15:45;Strada Urbana;VIA CASILINA;all'intersezione con;VIA CARLO DELLA ROCCA;VIA CARLO DELLA ROCCA;;;Scontro frontale/laterale SX fra veicoli in marcia;Incrocio;Più di due carreggiate;Asciutto;Asfaltata;Verticale ed orizzontale;Sereno;Normale;Buona;Ore Diurne;0;0;0;3;12.54412;41.87921;-1;2;Autovettura privata;In marcia / fermata / arresto;Passeggero;F;Illeso;0;;;
3568968;5;24/11/2017 16:15;Strada Urbana;VIALE PALMIRO TOGLIATTI;all'intersezione semaforizzata con;VIALE BATTISTA BARDANZELLU;VIALE BATTISTA BARDANZELLU;;;Scontro frontale/laterale SX fra veicoli in marcia;Incrocio;Due carreggiate;Asciutto;Asfaltata;Verticale ed orizzontale;Nuvoloso;Normale;Buona;Ore Diurne;0;0;0;2;12.57053;41.914;-1;1;Autovettura privata;In marcia / fermata / arresto;Conducente;M;Illeso;0;;Non accertato;Inesploso
3568968;5;24/11/2017 16:15;Strada Urbana;VIALE PALMIRO TOGLIATTI;all'intersezione semaforizzata con;VIALE BATTISTA BARDANZELLU;VIALE BATTISTA BARDANZELLU;;;Scontro frontale/laterale SX fra veicoli in marcia;Incrocio;Due carreggiate;Asciutto;Asfaltata;Verticale ed orizzontale;Nuvoloso;Normale;Buona;Ore Diurne;0;0;0;2;12.57053;41.914;-1;2;Autovettura privata;In marcia / fermata / arresto;Conducente;M;Illeso;0;;Non accertato;Inesploso
3568969;17;23/11/2017 17:20;Strada Urbana;VIA BARLETTA;da specificare;;;;(pista ciclabile) altezza ingresso Metro Ottaviano;Veicolo in marcia contro ostacolo fisso;Rettilineo;Più di due carreggiate;Asciutto;Asfaltata;Verticale ed orizzontale;Sereno;Normale;Sufficiente;Sufficiente;0;0;0;1;;;0;1;Velocipede;In marcia / fermata / arresto;Conducente;F;Illeso;0;;Esente;
3568984;19;24/11/2017 08:20;Strada Urbana;VIA FORNO SARACENO;all'intersezione con;VIA DI SELVA CANDIDA;VIA DI SELVA CANDIDA;;;Scontro laterale fra veicoli in marcia;Incrocio;Una carreggiata a doppio senso;Asciutto;Asfaltata;Verticale ed orizzontale;Sereno;Normale;Buona;Ore Diurne;0;0;0;4;12.37586;41.92874;-1;1;Autovettura privata;In marcia / fermata / arresto;Conducente;M;Illeso;0;;;
3568984;19;24/11/2017 08:20;Strada Urbana;VIA FORNO SARACENO;all'intersezione con;VIA DI SELVA CANDIDA;VIA DI SELVA CANDIDA;;;Scontro laterale fra veicoli in marcia;Incrocio;Una carreggiata a doppio senso;Asciutto;Asfaltata;Verticale ed orizzontale;Sereno;Normale;Buona;Ore Diurne;0;0;0;4;12.37586;41.92874;-1;1;Autovettura privata;In marcia / fermata / arresto;Passeggero;M;Illeso;0;;;
3568984;19;24/11/2017 08:20;Strada Urbana;VIA FORNO SARACENO;all'intersezione con;VIA DI SELVA CANDIDA;VIA DI SELVA CANDIDA;;;Scontro laterale fra veicoli in marcia;Incrocio;Una carreggiata a doppio senso;Asciutto;Asfaltata;Verticale ed orizzontale;Sereno;Normale;Buona;Ore Diurne;0;0;0;4;12.37586;41.92874;-1;1;Autovettura privata;In marcia / fermata / arresto;Passeggero;F;Illeso;0;;;
3568984;19;24/11/2017 08:20;Strada Urbana;VIA FORNO SARACENO;all'intersezione con;VIA DI SELVA CANDIDA;VIA DI SELVA CANDIDA;;;Scontro laterale fra veicoli in marcia;Incrocio;Una carreggiata a doppio senso;Asciutto;Asfaltata;Verticale ed orizzontale;Sereno;Normale;Buona;Ore Diurne;0;0;0;4;12.37586;41.92874;-1;2;Autovettura privata;In marcia / fermata / arresto;Conducente;M;Illeso;0;;;
3569033;17;24/11/2017 10:30;Strada Urbana;VIALE ANGELICO;all'intersezione con;VIALE GIUSEPPE MAZZINI;VIALE GIUSEPPE MAZZINI;;;Scontro frontale/laterale DX fra veicoli in marcia;Incrocio;Una carreggiata a senso unico alternato;Asciutto;Asfaltata;Verticale ed orizzontale;Sereno;Normale;Buona;Ore Diurne;1;0;0;2;12.45864;41.91737;-1;1;Autovettura privata;In marcia / fermata / arresto;Conducente;F;Illeso;0;;;
3569033;17;24/11/2017 10:30;Strada Urbana;VIALE ANGELICO;all'intersezione con;VIALE GIUSEPPE MAZZINI;VIALE GIUSEPPE MAZZINI;;;Scontro frontale/laterale DX fra veicoli in marcia;Incrocio;Una carreggiata a senso unico alternato;Asciutto;Asfaltata;Verticale ed orizzontale;Sereno;Normale;Buona;Ore Diurne;1;0;0;2;12.45864;41.91737;-1;2;Motociclo a solo;In marcia / fermata / arresto;Conducente;M;Rimandato;0;NON DECEDUTO;;
3569033;17;24/11/2017 10:30;Strada Urbana;VIALE ANGELICO;all'intersezione con;VIALE GIUSEPPE MAZZINI;VIALE GIUSEPPE MAZZINI;;;Scontro frontale/laterale DX fra veicoli in marcia;Incrocio;Una carreggiata a senso unico alternato;Asciutto;Asfaltata;Verticale ed orizzontale;Sereno;Normale;Buona;Ore Diurne;1;0;0;2;12.45864;41.91737;-1;3;Motociclo a solo;Allontanatosi;Conducente;M;Illeso;0;;;
3569063;17;24/11/2017 07:15;Strada Urbana;VIA GIUSEPPE GIOACHINO BELLI;in prossimità;;del civico n.;60;;Scontro laterale fra veicoli in marcia;Rettilineo;Una carreggiata a senso unico di marcia;Asciutto;Asfaltata;Verticale ed orizzontale;Nuvoloso;Scarso;Buona;Ore Diurne;0;0;0;2;12.47112;41.90726;-1;1;Autovettura pubblica;In marcia / fermata / arresto;Conducente;M;Illeso;0;;;
3569063;17;24/11/2017 07:15;Strada Urbana;VIA GIUSEPPE GIOACHINO BELLI;in prossimità;;del civico n.;60;;Scontro laterale fra veicoli in marcia;Rettilineo;Una carreggiata a senso unico di marcia;Asciutto;Asfaltata;Verticale ed orizzontale;Nuvoloso;Scarso;Buona;Ore Diurne;0;0;0;2;12.47112;41.90726;-1;2;Autocarro inferiore 35 q.;In marcia / fermata / arresto;Conducente;M;Illeso;0;;;