Protocollo;Gruppo;DataOraIncidente;Localizzazione1;STRADA1;Localizzazione2;STRADA2;Strada02;Chilometrica;DaSpecificare;NaturaIncidente;particolaritastrade;TipoStrada;FondoStradale;Pavimentazione;Segnaletica;CondizioneAtmosferica;Traffico;Visibilita;Illuminazione;NUM_FERITI;NUM_RISERVATA;NUM_MORTI;NUM_ILLESI;Longitudine;Latitudine;Confermato;Progressivo;TipoVeicolo;StatoVeicolo;TipoPersona;Sesso;Tipolesione;Deceduto;DecedutoDopo;CinturaCascoUtilizzato;Airbag
3571286;9;24/11/2017 20:30;Strada Urbana;VIA ETRURIA;da specificare;;;;fronte VIA SOLUNTO;Scontro laterale fra veicoli in marcia;Rettilineo;Una carreggiata a doppio senso;Asciutto;Asfaltata;Verticale ed orizzontale;Sereno;Normale;Sufficiente;Sufficiente;0;0;0;2;12.51453;41.87862;-1;1;Motociclo a solo;In marcia / fermata / arresto;Conducente;M;Illeso;0;;Non accertato;
3571286;9;24/11/2017 20:30;Strada Urbana;VIA ETRURIA;da specificare;;;;fronte VIA SOLUNTO;Scontro laterale fra veicoli in marcia;Rettilineo;Una carreggiata a doppio senso;Asciutto;Asfaltata;Verticale ed orizzontale;Sereno;Normale;Sufficiente;Sufficiente;0;0;0;2;12.51453;41.87862;-1;2;Autovettura privata;In marcia / fermata / arresto;Conducente;F;Illeso;0;;Non accertato;Inesploso
3571287;3;24/11/2017 22:30;Strada Urbana;VIA GIAN LUCA SQUARCIALUPO;in prossimità;;del civico n.;2;;Veicolo in marcia contro veicolo in sosta;Rettilineo;Una carreggiata a senso unico di marcia;Asciutto;Asfaltata;Verticale ed orizzontale;Sereno;Scarso;Sufficiente;Sufficiente;0;0;0;1;12.52648;41.91191;-1;1;Autovettura privata;In marcia / fermata / arresto;Conducente;F;Illeso;0;;Non accertato;Inesploso
3571293;3;24/11/2017 16:30;Strada Urbana;VIA NOMENTANA;all'intersezione con;VIA LAZZARO SPALLANZANI;VIA LAZZARO SPALLANZANI;;;Scontro frontale/laterale DX fra veicoli in marcia;Intersezione semaforizzata;Più di due carreggiate;Asciutto;Asfaltata;Verticale ed orizzontale;Sereno;Intenso;Sufficiente;Ore Diurne;1;0;0;1;12.55901;41.9438;-1;1;Autovettura privata;In marcia / fermata / arresto;Conducente;F;Illeso;0;;Non accertato;Inesploso
3571293;3;24/11/2017 16:30;Strada Urbana;VIA NOMENTANA;all'intersezione con;VIA LAZZARO SPALLANZANI;VIA LAZZARO SPALLANZANI;;;Scontro frontale/laterale DX fra veicoli in marcia;Intersezione semaforizzata;Più di due carreggiate;Asciutto;Asfaltata;Verticale ed orizzontale;Sereno;Intenso;Sufficiente;Ore Diurne;1;0;0;1;12.55901;41.9438;-1;2;Motociclo a solo;In marcia / fermata / arresto;Conducente;M;Ricoverato;0;NON DECEDUTO;Non accertato;
3571296;9;25/11/2017 02:30;Strada Urbana;VIA DI S. MARIA AUSILIATRICE;all'intersezione con;VIA MUZIO SCEVOLA;VIA MUZIO SCEVOLA;;;Scontro frontale/laterale DX fra veicoli in marcia;Incrocio;Una carreggiata a doppio senso;Asciutto;Asfaltata;Verticale ed orizzontale;Sereno;Scarso;Buona;Sufficiente;1;0;0;1;12.53008;41.87433;-1;1;Autovettura privata;In marcia / fermata / arresto;Conducente;M;Rimandato;0;NON DECEDUTO;Non accertato;Inesploso
3571296;9;25/11/2017 02:30;Strada Urbana;VIA DI S. MARIA AUSILIATRICE;all'intersezione con;VIA MUZIO SCEVOLA;VIA MUZIO SCEVOLA;;;Scontro frontale/laterale DX fra veicoli in marcia;Incrocio;Una carreggiata a doppio senso;Asciutto;Asfaltata;Verticale ed orizzontale;Sereno;Scarso;Buona;Sufficiente;1;0;0;1;12.53008;41.87433;-1;2;Autovettura privata;In marcia / fermata / arresto;Conducente;F;Illeso;0;;Non accertato;Esploso
3571312;9;25/11/2017 09:40;Strada Urbana;VIA APPIA NUOVA;in prossimità;;del civico n.;439;;Scontro frontale/laterale DX fra veicoli in marcia;Rettilineo;Una carreggiata a senso unico di marcia;Asciutto;Asfaltata;Verticale ed orizzontale;Sereno;Normale;Buona;Ore Diurne;1;0;0;1;12.52468;41.8735;-1;1;Autovettura privata;In marcia / fermata / arresto;Conducente;M;Illeso;0;;Non accertato;Inesploso
3571312;9;25/11/2017 09:40;Strada Urbana;VIA APPIA NUOVA;in prossimità;;del civico n.;439;;Scontro frontale/laterale DX fra veicoli in marcia;Rettilineo;Una carreggiata a senso unico di marcia;Asciutto;Asfaltata;Verticale ed orizzontale;Sereno;Normale;Buona;Ore Diurne;1;0;0;1;12.52468;41.8735;-1;2;Motociclo a solo;In marcia / fermata / arresto;Conducente;M;Rimandato;0;NON DECEDUTO;;
3571330;9;25/11/2017 09:50;Strada Urbana;VIA DI TORRE DEL FISCALE;in prossimità;;del civico n.;22;;Scontro frontale/laterale DX fra veicoli in marcia;Rettilineo;Una carreggiata a doppio senso;Asciutto;Asfaltata;Orizzontale;Nuvoloso;Scarso;Buona;Ore Diurne;2;0;0;3;12.54032;41.85599;-1;1;Autocarro inferiore 35 q.;In marcia / fermata / arresto;Conducente;M;Illeso;0;;Non accertato;Inesploso
3571330;9;25/11/2017 09:50;Strada Urbana;VIA DI TORRE DEL FISCALE;in prossimità;;del civico n.;22;;Scontro frontale/laterale DX fra veicoli in marcia;Rettilineo;Una carreggiata a doppio senso;Asciutto;Asfaltata;Orizzontale;Nuvoloso;Scarso;Buona;Ore Diurne;2;0;0;3;12.54032;41.85599;-1;1;Autocarro inferiore 35 q.;In marcia / fermata / arresto;Passeggero;M;Illeso;0;;Non accertato;Inesploso
3571330;9;25/11/2017 09:50;Strada Urbana;VIA DI TORRE DEL FISCALE;in prossimità;;del civico n.;22;;Scontro frontale/laterale DX fra veicoli in marcia;Rettilineo;Una carreggiata a doppio senso;Asciutto;Asfaltata;Orizzontale;Nuvoloso;Scarso;Buona;Ore Diurne;2;0;0;3;12.54032;41.85599;-1;2;Autovettura privata;In marcia / fermata / arresto;Conducente;M;Illeso;0;;Non accertato;Inesploso
3571330;9;25/11/2017 09:50;Strada Urbana;VIA DI TORRE DEL FISCALE;in prossimità;;del civico n.;22;;Scontro frontale/laterale DX fra veicoli in marcia;Rettilineo;Una carreggiata a doppio senso;Asciutto;Asfaltata;Orizzontale;Nuvoloso;Scarso;Buona;Ore Diurne;2;0;0;3;12.54032;41.85599;-1;2;Autovettura privata;In marcia / fermata / arresto;Passeggero;F;Rimandato;0;NON DECEDUTO;Non accertato;Inesploso
3571330;9;25/11/2017 09:50;Strada Urbana;VIA DI TORRE DEL FISCALE;in prossimità;;del civico n.;22;;Scontro frontale/laterale DX fra veicoli in marcia;Rettilineo;Una carreggiata a doppio senso;Asciutto;Asfaltata;Orizzontale;Nuvoloso;Scarso;Buona;Ore Diurne;2;0;0;3;12.54032;41.85599;-1;2;Autovettura privata;In marcia / fermata / arresto;Passeggero;F;Rimandato;0;NON DECEDUTO;Non accertato;Inesploso
3571337;18;26/11/2017 17:15;Strada Urbana;LARGO DI PORTA CAVALLEGGERI;all'intersezione semaforizzata con;VIA DELLE FORNACI;VIA DELLE FORNACI;;;Scontro frontale fra veicoli in marcia;Intersezione semaforizzata;Una carreggiata a doppio senso;Asciutto;Asfaltata;Verticale ed orizzontale;Sereno;Normale;Buona;Sufficiente;2;0;0;0;12.45632;41.90018;-1;1;Motociclo a solo;In marcia / fermata / arresto;Conducente;F;Rifiuta cure immediate;0;NON DECEDUTO;Non accertato;
3571337;18;26/11/2017 17:15;Strada Urbana;LARGO DI PORTA CAVALLEGGERI;all'intersezione semaforizzata con;VIA DELLE FORNACI;VIA DELLE FORNACI;;;Scontro frontale fra veicoli in marcia;Intersezione semaforizzata;Una carreggiata a doppio senso;Asciutto;Asfaltata;Verticale ed orizzontale;Sereno;Normale;Buona;Sufficiente;2;0;0;0;12.45632;41.90018;-1;2;Motociclo a solo;In marcia / fermata / arresto;Conducente;M;Rifiuta cure immediate;0;NON DECEDUTO;Non accertato;
3571345;9;25/11/2017 21:30;Strada Urbana;VIA BERNARDINO ALIMENA;in prossimità;;del civico n.;82;;Scontro frontale/laterale DX fra veicoli in marcia;Rettilineo;Una carreggiata a doppio senso;Asciutto;Asfaltata;Verticale ed orizzontale;Sereno;Normale;Sufficiente;Sufficiente;2;0;0;1;12.60551;41.84646;-1;1;Autovettura privata;In marcia / fermata / arresto;Conducente;M;Illeso;0;;Non accertato;Inesploso
3571345;9;25/11/2017 21:30;Strada Urbana;VIA BERNARDINO ALIMENA;in prossimità;;del civico n.;82;;Scontro frontale/laterale DX fra veicoli in marcia;Rettilineo;Una carreggiata a doppio senso;Asciutto;Asfaltata;Verticale ed orizzontale;Sereno;Normale;Sufficiente;Sufficiente;2;0;0;1;12.60551;41.84646;-1;1;Autovettura privata;In marcia / fermata / arresto;Passeggero;M;Rimandato;0;NON DECEDUTO;Non accertato;Inesploso
3571345;9;25/11/2017 21:30;Strada Urbana;VIA BERNARDINO ALIMENA;in prossimità;;del civico n.;82;;Scontro frontale/laterale DX fra veicoli in marcia;Rettilineo;Una carreggiata a doppio senso;Asciutto;Asfaltata;Verticale ed orizzontale;Sereno;Normale;Sufficiente;Sufficiente;2;0;0;1;12.60551;41.84646;-1;2;Autovettura privata;In marcia / fermata / arresto;Conducente;M;Rimandato;0;NON DECEDUTO;;
3571353;9;26/11/2017 00:50;Strada Urbana;VIA TUSCOLANA;da specificare;;;;in prox di via Torre Spaccata;Tamponamento;Rettilineo;Due carreggiate;Bagnato (pioggia);Asfaltata;Verticale ed orizzontale;Pioggia in atto;Scarso;Sufficiente;Sufficiente;2;0;0;1;12.57597;41.84861;-1;1;Autovettura privata;In marcia / fermata / arresto;Conducente;M;Rimandato;0;NON DECEDUTO;Non accertato;Inesploso
3571353;9;26/11/2017 00:50;Strada Urbana;VIA TUSCOLANA;da specificare;;;;in prox di via Torre Spaccata;Tamponamento;Rettilineo;Due carreggiate;Bagnato (pioggia);Asfaltata;Verticale ed orizzontale;Pioggia in atto;Scarso;Sufficiente;Sufficiente;2;0;0;1;12.57597;41.84861;-1;1;Autovettura privata;In marcia / fermata / arresto;Passeggero;F;Rimandato;0;NON DECEDUTO;Non accertato;Inesploso
3571353;9;26/11/2017 00:50;Strada Urbana;VIA TUSCOLANA;da specificare;;;;in prox di via Torre Spaccata;Tamponamento;Rettilineo;Due carreggiate;Bagnato (pioggia);Asfaltata;Verticale ed orizzontale;Pioggia in atto;Scarso;Sufficiente;Sufficiente;2;0;0;1;12.57597;41.84861;-1;2;Autovettura privata;In marcia / fermata / arresto;Conducente;M;Illeso;0;;Non accertato;Inesploso
3571360;18;26/11/2017 17:40;Strada Urbana;CIRCONVALLAZIONE CORNELIA;da specificare;;;;in prossimità di Piazza DEI GIURECONSULTI;Investimento di pedone;Rettilineo;Due carreggiate;Asciutto;Asfaltata;Verticale ed orizzontale;Sereno;Normale;Buona;Sufficiente;3;0;0;0;12.42584;41.90203;-1;;;;Pedone;M;Rimandato;0;NON DECEDUTO;;
3571360;18;26/11/2017 17:40;Strada Urbana;CIRCONVALLAZIONE CORNELIA;da specificare;;;;in prossimità di Piazza DEI GIURECONSULTI;Investimento di pedone;Rettilineo;Due carreggiate;Asciutto;Asfaltata;Verticale ed orizzontale;Sereno;Normale;Buona;Sufficiente;3;0;0;0;12.42584;41.90203;-1;1;Ciclomotore con passeggero;In marcia / fermata / arresto;Conducente;M;Rimandato;0;NON DECEDUTO;;
3571360;18;26/11/2017 17:40;Strada Urbana;CIRCONVALLAZIONE CORNELIA;da specificare;;;;in prossimità di Piazza DEI GIURECONSULTI;Investimento di pedone;Rettilineo;Due carreggiate;Asciutto;Asfaltata;Verticale ed orizzontale;Sereno;Normale;Buona;Sufficiente;3;0;0;0;12.42584;41.90203;-1;1;Ciclomotore con passeggero;In marcia / fermata / arresto;Passeggero;M;Rimandato;0;NON DECEDUTO;;
3571362;9;26/11/2017 08:10;Strada Urbana;PIAZZA DI PONTE LUNGO;da specificare;;;;fronte 24;Scontro laterale fra veicoli in marcia;Rettilineo;Più di due carreggiate;Asciutto;Asfaltata;Verticale ed orizzontale;Sereno;Normale;Buona;Ore Diurne;1;0;0;1;12.51866;41.87822;-1;1;Autovettura privata;In marcia / fermata / arresto;Conducente;F;Illeso;0;;Non accertato;Inesploso
3571362;9;26/11/2017 08:10;Strada Urbana;PIAZZA DI PONTE LUNGO;da specificare;;;;fronte 24;Scontro laterale fra veicoli in marcia;Rettilineo;Più di due carreggiate;Asciutto;Asfaltata;Verticale ed orizzontale;Sereno;Normale;Buona;Ore Diurne;1;0;0;1;12.51866;41.87822;-1;2;Motociclo a solo;In marcia / fermata / arresto;Conducente;M;Rimandato;0;NON DECEDUTO;Non accertato;
3571387;13;26/11/2017 09:40;Strada Urbana;VIA DEL MARE;da specificare;;;;in corrispondenza dello svincolo per Fiumicino;Tamponamento;Curva a visuale libera;Una carreggiata a senso unico di marcia;Asciutto;Asfaltata;Verticale ed orizzontale;Nuvoloso;Intenso;Buona;Ore Diurne;2;0;0;1;12.46323;41.84026;-1;1;Autovettura privata;In marcia / fermata / arresto;Conducente;F;Illeso;0;;Non accertato;Inesploso
3571387;13;26/11/2017 09:40;Strada Urbana;VIA DEL MARE;da specificare;;;;in corrispondenza dello svincolo per Fiumicino;Tamponamento;Curva a visuale libera;Una carreggiata a senso unico di marcia;Asciutto;Asfaltata;Verticale ed orizzontale;Nuvoloso;Intenso;Buona;Ore Diurne;2;0;0;1;12.46323;41.84026;-1;2;Autovettura privata;In marcia / fermata / arresto;Conducente;F;Rimandato;0;NON DECEDUTO;Non accertato;Inesploso
3571387;13;26/11/2017 09:40;Strada Urbana;VIA DEL MARE;da specificare;;;;in corrispondenza dello svincolo per Fiumicino;Tamponamento;Curva a visuale libera;Una carreggiata a senso unico di marcia;Asciutto;Asfaltata;Verticale ed orizzontale;Nuvoloso;Intenso;Buona;Ore Diurne;2;0;0;1;12.46323;41.84026;-1;2;Autovettura privata;In marcia / fermata / arresto;Passeggero;M;Rimandato;0;NON DECEDUTO;Non accertato;Inesploso
3571669;15;25/11/2017 11:30;Strada Urbana;VIA DELLA MAGLIANA;all'intersezione con;VIA CAPRESE;VIA CAPRESE;;;Scontro frontale fra veicoli in marcia;Incrocio;Una carreggiata a doppio senso;Asciutto;Asfaltata;Verticale ed orizzontale;Sereno;Normale;Buona;Ore Diurne;1;0;0;1;12.4243;41.83404;-1;1;Autovettura privata;In marcia / fermata / arresto;Conducente;F;Illeso;0;;;
3571669;15;25/11/2017 11:30;Strada Urbana;VIA DELLA MAGLIANA;all'intersezione con;VIA CAPRESE;VIA CAPRESE;;;Scontro frontale fra veicoli in marcia;Incrocio;Una carreggiata a doppio senso;Asciutto;Asfaltata;Verticale ed orizzontale;Sereno;Normale;Buona;Ore Diurne;1;0;0;1;12.4243;41.83404;-1;2;Motociclo a solo;In marcia / fermata / arresto;Conducente;M;Rimandato;0;NON DECEDUTO;;
3571673;15;24/11/2017 18:50;Strada Urbana;VIA DELLA CASETTA MATTEI;in corrispondenza;;del civico n.;80;;Investimento di pedone;Rettilineo;Una carreggiata a doppio senso;Asciutto;Asfaltata;Orizzontale;Sereno;Normale;Buona;Sufficiente;1;0;0;1;12.42084;41.85344;-1;;;;Pedone;M;Ricoverato;0;NON DECEDUTO;;
3571673;15;24/11/2017 18:50;Strada Urbana;VIA DELLA CASETTA MATTEI;in corrispondenza;;del civico n.;80;;Investimento di pedone;Rettilineo;Una carreggiata a doppio senso;Asciutto;Asfaltata;Orizzontale;Sereno;Normale;Buona;Sufficiente;1;0;0;1;12.42084;41.85344;-1;1;Autovettura privata;In marcia / fermata / arresto;Conducente;M;Illeso;0;;Utilizzato;Inesploso
3571674;9;26/11/2017 11:00;;VIA CESARE BARONIO;da specificare;;;;fronte civico 155;Veicolo in marcia contro veicolo in sosta;;;;;;;;;;0;0;0;2;;;0;1;Autovettura privata;In marcia / fermata / arresto;Conducente;M;Illeso;0;;Non accertato;Inesploso
3571674;9;26/11/2017 11:00;;VIA CESARE BARONIO;da specificare;;;;fronte civico 155;Veicolo in marcia contro veicolo in sosta;;;;;;;;;;0;0;0;2;;;0;2;Autovettura privata;In marcia / fermata / arresto;Conducente;M;Illeso;0;;Non accertato;Inesploso
3571676;15;24/11/2017 22:45;Strada Urbana;VIA PORTUENSE;da specificare;;;;fronte civico 814;Veicolo in marcia contro veicolo in sosta;Rettilineo;Una carreggiata a doppio senso;Bagnato (umidità in atto);Asfaltata;Orizzontale;Sereno;Scarso;Sufficiente;Sufficiente;0;0;0;1;12.4158;41.84758;-1;2;Autovettura privata;In marcia / fermata / arresto;Conducente;M;Illeso;0;;Utilizzato;
3571678;15;25/11/2017 07:00;Strada Urbana;VIA CESARE GIULIO VIOLA;da specificare;;;;prosismità fronte civico 27;Veicolo in marcia contro ostacolo accidentale;Rettilineo;Due carreggiate;Asciutto;Asfaltata;Verticale ed orizzontale;Sereno;Scarso;Buona;Ore Diurne;0;0;0;1;12.41108;41.82218;-1;1;Autobus di linea;In marcia / fermata / arresto;Conducente;M;Illeso;0;;Non accertato;
3571679;15;25/11/2017 14:25;Strada Urbana;VIA DI PONTE GALERIA;all'intersezione con;VIA DELLA PISANA;VIA DELLA PISANA;;;Scontro frontale/laterale SX fra veicoli in marcia;Incrocio;Una carreggiata a doppio senso;Asciutto;Asfaltata;Verticale ed orizzontale;Nuvoloso;Scarso;Buona;Ore Diurne;0;0;0;2;12.34045;41.83145;-1;1;Autovettura privata;In marcia / fermata / arresto;Conducente;M;Illeso;0;;Utilizzato;Esploso
3571679;15;25/11/2017 14:25;Strada Urbana;VIA DI PONTE GALERIA;all'intersezione con;VIA DELLA PISANA;VIA DELLA PISANA;;;Scontro frontale/laterale SX fra veicoli in marcia;Incrocio;Una carreggiata a doppio senso;Asciutto;Asfaltata;Verticale ed orizzontale;Nuvoloso;Scarso;Buona;Ore Diurne;0;0;0;2;12.34045;41.83145;-1;2;Autobus di linea;In marcia / fermata / arresto;Conducente;M;Illeso;0;;Utilizzato;Inesploso
3571682;9;26/11/2017 11:20;Strada Urbana;VIA DELL'ARCO DI TRAVERTINO;da specificare;;;;PROX FRONTE L.GO CUNEO;Scontro laterale fra veicoli in marcia;Rettilineo;Una carreggiata a senso unico di marcia;Asciutto;Asfaltata;Verticale ed orizzontale;Sereno;Scarso;Buona;Ore Diurne;0;0;0;4;12.53673;41.86814;-1;1;Autovettura privata;In marcia / fermata / arresto;Conducente;M;Illeso;0;;Non accertato;Inesploso
3571682;9;26/11/2017 11:20;Strada Urbana;VIA DELL'ARCO DI TRAVERTINO;da specificare;;;;PROX FRONTE L.GO CUNEO;Scontro laterale fra veicoli in marcia;Rettilineo;Una carreggiata a senso unico di marcia;Asciutto;Asfaltata;Verticale ed orizzontale;Sereno;Scarso;Buona;Ore Diurne;0;0;0;4;12.53673;41.86814;-1;1;Autovettura privata;In marcia / fermata / arresto;Passeggero;F;Illeso;0;;Non accertato;Inesploso
3571682;9;26/11/2017 11:20;Strada Urbana;VIA DELL'ARCO DI TRAVERTINO;da specificare;;;;PROX FRONTE L.GO CUNEO;Scontro laterale fra veicoli in marcia;Rettilineo;Una carreggiata a senso unico di marcia;Asciutto;Asfaltata;Verticale ed orizzontale;Sereno;Scarso;Buona;Ore Diurne;0;0;0;4;12.53673;41.86814;-1;2;Autovettura privata;In marcia / fermata / arresto;Conducente;M;Illeso;0;;Non accertato;Inesploso
3571682;9;26/11/2017 11:20;Strada Urbana;VIA DELL'ARCO DI TRAVERTINO;da specificare;;;;PROX FRONTE L.GO CUNEO;Scontro laterale fra veicoli in marcia;Rettilineo;Una carreggiata a senso unico di marcia;Asciutto;Asfaltata;Verticale ed orizzontale;Sereno;Scarso;Buona;Ore Diurne;0;0;0;4;12.53673;41.86814;-1;2;Autovettura privata;In marcia / fermata / arresto;Passeggero;M;Illeso;0;;Non accertato;Inesploso
3571683;10;25/11/2017 10:30;Strada Urbana;PIAZZA DEI TRIBUNI;in corrispondenza;;del civico n.;57;;Scontro frontale/laterale DX fra veicoli in marcia;Rotatoria;Una carreggiata a senso unico di marcia;Asciutto;Asfaltata;Verticale ed orizzontale;Sereno;Normale;Buona;Ore Diurne;2;0;0;0;12.55078;41.865;-1;1;Autovettura privata;In marcia / fermata / arresto;Conducente;F;Rifiuta cure immediate;0;NON DECEDUTO;Non accertato;Inesploso
3571683;10;25/11/2017 10:30;Strada Urbana;PIAZZA DEI TRIBUNI;in corrispondenza;;del civico n.;57;;Scontro frontale/laterale DX fra veicoli in marcia;Rotatoria;Una carreggiata a senso unico di marcia;Asciutto;Asfaltata;Verticale ed orizzontale;Sereno;Normale;Buona;Ore Diurne;2;0;0;0;12.55078;41.865;-1;2;Motociclo a solo;In marcia / fermata / arresto;Conducente;M;Rifiuta cure immediate;0;NON DECEDUTO;Non accertato;
3571684;15;26/11/2017 01:50;Strada Urbana;VIADOTTO DELLA MAGLIANA;da specificare;;;;altezza Via del Cappellaccio dir Fiumicino;Tamponamento Multiplo;Curva senza visuale libera;Due carreggiate;Bagnato (umidità in atto);Asfaltata;Assente;Nuvoloso;Scarso;Sufficiente;Sufficiente;0;0;0;9;12.46314;41.84172;-1;1;Autovettura privata;In marcia / fermata / arresto;Conducente;M;Illeso;0;;Utilizzato;
3571684;15;26/11/2017 01:50;Strada Urbana;VIADOTTO DELLA MAGLIANA;da specificare;;;;altezza Via del Cappellaccio dir Fiumicino;Tamponamento Multiplo;Curva senza visuale libera;Due carreggiate;Bagnato (umidità in atto);Asfaltata;Assente;Nuvoloso;Scarso;Sufficiente;Sufficiente;0;0;0;9;12.46314;41.84172;-1;1;Autovettura privata;In marcia / fermata / arresto;Passeggero;M;Illeso;0;;Utilizzato;
3571684;15;26/11/2017 01:50;Strada Urbana;VIADOTTO DELLA MAGLIANA;da specificare;;;;altezza Via del Cappellaccio dir Fiumicino;Tamponamento Multiplo;Curva senza visuale libera;Due carreggiate;Bagnato (umidità in atto);Asfaltata;Assente;Nuvoloso;Scarso;Sufficiente;Sufficiente;0;0;0;9;12.46314;41.84172;-1;1;Autovettura privata;In marcia / fermata / arresto;Passeggero;M;Illeso;0;;Utilizzato;
3571684;15;26/11/2017 01:50;Strada Urbana;VIADOTTO DELLA MAGLIANA;da specificare;;;;altezza Via del Cappellaccio dir Fiumicino;Tamponamento Multiplo;Curva senza visuale libera;Due carreggiate;Bagnato (umidità in atto);Asfaltata;Assente;Nuvoloso;Scarso;Sufficiente;Sufficiente;0;0;0;9;12.46314;41.84172;-1;2;Autovettura privata;In marcia / fermata / arresto;Conducente;M;Illeso;0;;Utilizzato;
3571684;15;26/11/2017 01:50;Strada Urbana;VIADOTTO DELLA MAGLIANA;da specificare;;;;altezza Via del Cappellaccio dir Fiumicino;Tamponamento Multiplo;Curva senza visuale libera;Due carreggiate;Bagnato (umidità in atto);Asfaltata;Assente;Nuvoloso;Scarso;Sufficiente;Sufficiente;0;0;0;9;12.46314;41.84172;-1;3;Autovettura privata;In marcia / fermata / arresto;Conducente;M;Illeso;0;;Utilizzato;
3571684;15;26/11/2017 01:50;Strada Urbana;VIADOTTO DELLA MAGLIANA;da specificare;;;;altezza Via del Cappellaccio dir Fiumicino;Tamponamento Multiplo;Curva senza visuale libera;Due carreggiate;Bagnato (umidità in atto);Asfaltata;Assente;Nuvoloso;Scarso;Sufficiente;Sufficiente;0;0;0;9;12.46314;41.84172;-1;4;Autovettura privata;In marcia / fermata / arresto;Conducente;M;Illeso;0;;Utilizzato;
3571684;15;26/11/2017 01:50;Strada Urbana;VIADOTTO DELLA MAGLIANA;da specificare;;;;altezza Via del Cappellaccio dir Fiumicino;Tamponamento Multiplo;Curva senza visuale libera;Due carreggiate;Bagnato (umidità in atto);Asfaltata;Assente;Nuvoloso;Scarso;Sufficiente;Sufficiente;0;0;0;9;12.46314;41.84172;-1;4;Autovettura privata;In marcia / fermata / arresto;Passeggero;F;Illeso;0;;Utilizzato;
3571684;15;26/11/2017 01:50;Strada Urbana;VIADOTTO DELLA MAGLIANA;da specificare;;;;altezza Via del Cappellaccio dir Fiumicino;Tamponamento Multiplo;Curva senza visuale libera;Due carreggiate;Bagnato (umidità in atto);Asfaltata;Assente;Nuvoloso;Scarso;Sufficiente;Sufficiente;0;0;0;9;12.46314;41.84172;-1;4;Autovettura privata;In marcia / fermata / arresto;Passeggero;F;Illeso;0;;Utilizzato;
3571684;15;26/11/2017 01:50;Strada Urbana;VIADOTTO DELLA MAGLIANA;da specificare;;;;altezza Via del Cappellaccio dir Fiumicino;Tamponamento Multiplo;Curva senza visuale libera;Due carreggiate;Bagnato (umidità in atto);Asfaltata;Assente;Nuvoloso;Scarso;Sufficiente;Sufficiente;0;0;0;9;12.46314;41.84172;-1;4;Autovettura privata;In marcia / fermata / arresto;Passeggero;M;Illeso;0;;Utilizzato;
3571694;9;26/11/2017 15:20;Strada Urbana;VIALE CASTRENSE;da specificare;;;;FR. 6;Tamponamento;Rettilineo;Due carreggiate;Asciutto;Asfaltata;Verticale ed orizzontale;Sereno;Normale;Buona;Ore Diurne;0;0;0;4;12.5193;41.88916;-1;1;Autovettura privata;In marcia / fermata / arresto;Conducente;M;Illeso;0;;Non accertato;Inesploso
3571694;9;26/11/2017 15:20;Strada Urbana;VIALE CASTRENSE;da specificare;;;;FR. 6;Tamponamento;Rettilineo;Due carreggiate;Asciutto;Asfaltata;Verticale ed orizzontale;Sereno;Normale;Buona;Ore Diurne;0;0;0;4;12.5193;41.88916;-1;1;Autovettura privata;In marcia / fermata / arresto;Passeggero;F;Illeso;0;;Utilizzato;Inesploso
3571694;9;26/11/2017 15:20;Strada Urbana;VIALE CASTRENSE;da specificare;;;;FR. 6;Tamponamento;Rettilineo;Due carreggiate;Asciutto;Asfaltata;Verticale ed orizzontale;Sereno;Normale;Buona;Ore Diurne;0;0;0;4;12.5193;41.88916;-1;2;Autovettura privata;In marcia / fermata / arresto;Conducente;M;Illeso;0;;Non accertato;Inesploso
3571694;9;26/11/2017 15:20;Strada Urbana;VIALE CASTRENSE;da specificare;;;;FR. 6;Tamponamento;Rettilineo;Due carreggiate;Asciutto;Asfaltata;Verticale ed orizzontale;Sereno;Normale;Buona;Ore Diurne;0;0;0;4;12.5193;41.88916;-1;2;Autovettura privata;In marcia / fermata / arresto;Passeggero;F;Illeso;0;;Non accertato;Inesploso
3571702;10;25/11/2017 16:00;Strada Urbana;VIA APPIA PIGNATELLI;all'intersezione semaforizzata con;VIA ANNIA REGILLA;VIA ANNIA REGILLA;;;Scontro laterale fra veicoli in marcia;Incrocio;Una carreggiata a doppio senso;Asciutto;Asfaltata;Verticale ed orizzontale;Sereno;Normale;Buona;Ore Diurne;0;0;0;2;12.54571;41.83958;-1;1;Autocarro inferiore 35 q.;In marcia / fermata / arresto;Conducente;M;Illeso;0;;Non accertato;Inesploso
3571702;10;25/11/2017 16:00;Strada Urbana;VIA APPIA PIGNATELLI;all'intersezione semaforizzata con;VIA ANNIA REGILLA;VIA ANNIA REGILLA;;;Scontro laterale fra veicoli in marcia;Incrocio;Una carreggiata a doppio senso;Asciutto;Asfaltata;Verticale ed orizzontale;Sereno;Normale;Buona;Ore Diurne;0;0;0;2;12.54571;41.83958;-1;2;Autovettura privata;In marcia / fermata / arresto;Conducente;M;Illeso;0;;Non accertato;Inesploso