Protocollo;Gruppo;DataOraIncidente;Localizzazione1;STRADA1;Localizzazione2;STRADA2;Strada02;Chilometrica;DaSpecificare;NaturaIncidente;particolaritastrade;TipoStrada;FondoStradale;Pavimentazione;Segnaletica;CondizioneAtmosferica;Traffico;Visibilita;Illuminazione;NUM_FERITI;NUM_RISERVATA;NUM_MORTI;NUM_ILLESI;Longitudine;Latitudine;Confermato;Progressivo;TipoVeicolo;StatoVeicolo;TipoPersona;Sesso;Tipolesione;Deceduto;DecedutoDopo;CinturaCascoUtilizzato;Airbag
3572677;16;24/11/2017 10:25;Strada Urbana;VIA GIACOMO FOLCHI;in prossimità;;del civico n.;f.c. 6/A;;Fuoriuscita dalla sede stradale;Rettilineo;Una carreggiata a doppio senso;Asciutto;Asfaltata;Verticale ed orizzontale;Sereno;Normale;Buona;Ore Diurne;0;0;0;3;12.45424;41.86714;-1;1;Motociclo con passeggero;In marcia / fermata / arresto;Passeggero;M;Illeso;0;;Non accertato;
3572677;16;24/11/2017 10:25;Strada Urbana;VIA GIACOMO FOLCHI;in prossimità;;del civico n.;f.c. 6/A;;Fuoriuscita dalla sede stradale;Rettilineo;Una carreggiata a doppio senso;Asciutto;Asfaltata;Verticale ed orizzontale;Sereno;Normale;Buona;Ore Diurne;0;0;0;3;12.45424;41.86714;-1;2;Autocarro inferiore 35 q.;In marcia / fermata / arresto;Conducente;M;Illeso;0;;Non accertato;Inesploso
3572695;12;25/11/2017 19:50;Strada Urbana;VIA CRISTOFORO COLOMBO;all'intersezione con;VIALE ASIA;VIALE ASIA;;;Investimento di pedone;Intersezione semaforizzata;Più di due carreggiate;Asciutto;Asfaltata;Verticale ed orizzontale;Nuvoloso;Normale;Buona;Sufficiente;2;0;0;1;12.46992;41.83196;-1;;;;Pedone;F;Rimandato;0;NON DECEDUTO;;
3572695;12;25/11/2017 19:50;Strada Urbana;VIA CRISTOFORO COLOMBO;all'intersezione con;VIALE ASIA;VIALE ASIA;;;Investimento di pedone;Intersezione semaforizzata;Più di due carreggiate;Asciutto;Asfaltata;Verticale ed orizzontale;Nuvoloso;Normale;Buona;Sufficiente;2;0;0;1;12.46992;41.83196;-1;;;;Pedone;F;Ricoverato;0;NON DECEDUTO;;
3572695;12;25/11/2017 19:50;Strada Urbana;VIA CRISTOFORO COLOMBO;all'intersezione con;VIALE ASIA;VIALE ASIA;;;Investimento di pedone;Intersezione semaforizzata;Più di due carreggiate;Asciutto;Asfaltata;Verticale ed orizzontale;Nuvoloso;Normale;Buona;Sufficiente;2;0;0;1;12.46992;41.83196;-1;1;Autocarro inferiore 35 q.;In marcia / fermata / arresto;Conducente;M;Illeso;0;;Utilizzato;Inesploso
3572703;6;27/11/2017 13:00;Strada Urbana;LARGO BARTOLOMEO PERESTRELLO;in prossimità;;del civico n.;12;;Veicolo in marcia contro veicolo in sosta;Rettilineo;Una carreggiata a senso unico di marcia;Asciutto;Asfaltata;Assente;Sereno;Scarso;Buona;Ore Diurne;0;0;0;1;12.54286;41.8853;-1;1;Autovettura privata;In marcia / fermata / arresto;Conducente;M;Illeso;0;;Non accertato;Inesploso
3572720;5;25/11/2017 21:40;Strada Urbana;VIA TIBURTINA;da specificare;;;;altezza cavalcavia Ponte Mammolo dir. centro;Scontro laterale fra veicoli in marcia;Cavalcavia;Una carreggiata a senso unico di marcia;Asciutto;Asfaltata;Orizzontale;Sereno;Scarso;Buona;Sufficiente;2;0;0;3;12.56428;41.92114;-1;1;Autovettura privata;In marcia / fermata / arresto;Conducente;M;Illeso;0;;Non accertato;Inesploso
3572720;5;25/11/2017 21:40;Strada Urbana;VIA TIBURTINA;da specificare;;;;altezza cavalcavia Ponte Mammolo dir. centro;Scontro laterale fra veicoli in marcia;Cavalcavia;Una carreggiata a senso unico di marcia;Asciutto;Asfaltata;Orizzontale;Sereno;Scarso;Buona;Sufficiente;2;0;0;3;12.56428;41.92114;-1;1;Autovettura privata;In marcia / fermata / arresto;Passeggero;M;Illeso;0;;Non accertato;Inesploso
3572720;5;25/11/2017 21:40;Strada Urbana;VIA TIBURTINA;da specificare;;;;altezza cavalcavia Ponte Mammolo dir. centro;Scontro laterale fra veicoli in marcia;Cavalcavia;Una carreggiata a senso unico di marcia;Asciutto;Asfaltata;Orizzontale;Sereno;Scarso;Buona;Sufficiente;2;0;0;3;12.56428;41.92114;-1;1;Autovettura privata;In marcia / fermata / arresto;Passeggero;M;Rimandato;0;NON DECEDUTO;Non accertato;Inesploso
3572720;5;25/11/2017 21:40;Strada Urbana;VIA TIBURTINA;da specificare;;;;altezza cavalcavia Ponte Mammolo dir. centro;Scontro laterale fra veicoli in marcia;Cavalcavia;Una carreggiata a senso unico di marcia;Asciutto;Asfaltata;Orizzontale;Sereno;Scarso;Buona;Sufficiente;2;0;0;3;12.56428;41.92114;-1;1;Autovettura privata;In marcia / fermata / arresto;Passeggero;M;Rimandato;0;NON DECEDUTO;Non accertato;Inesploso
3572720;5;25/11/2017 21:40;Strada Urbana;VIA TIBURTINA;da specificare;;;;altezza cavalcavia Ponte Mammolo dir. centro;Scontro laterale fra veicoli in marcia;Cavalcavia;Una carreggiata a senso unico di marcia;Asciutto;Asfaltata;Orizzontale;Sereno;Scarso;Buona;Sufficiente;2;0;0;3;12.56428;41.92114;-1;2;Autovettura privata;In marcia / fermata / arresto;Conducente;M;Illeso;0;;Non accertato;Inesploso
3572726;12;27/11/2017 13:50;Strada Urbana;VIALE CESARE PAVESE;in prossimità;;del civico n.;261;;Tamponamento Multiplo;Rettilineo;Due carreggiate;Asciutto;Asfaltata;Verticale ed orizzontale;Sereno;Normale;Buona;Ore Diurne;0;0;0;3;12.47891;41.81751;-1;1;Autovettura privata;In marcia / fermata / arresto;Conducente;M;Illeso;0;;Non accertato;Inesploso
3572726;12;27/11/2017 13:50;Strada Urbana;VIALE CESARE PAVESE;in prossimità;;del civico n.;261;;Tamponamento Multiplo;Rettilineo;Due carreggiate;Asciutto;Asfaltata;Verticale ed orizzontale;Sereno;Normale;Buona;Ore Diurne;0;0;0;3;12.47891;41.81751;-1;2;Autovettura privata;In marcia / fermata / arresto;Conducente;M;Illeso;0;;Non accertato;Inesploso
3572726;12;27/11/2017 13:50;Strada Urbana;VIALE CESARE PAVESE;in prossimità;;del civico n.;261;;Tamponamento Multiplo;Rettilineo;Due carreggiate;Asciutto;Asfaltata;Verticale ed orizzontale;Sereno;Normale;Buona;Ore Diurne;0;0;0;3;12.47891;41.81751;-1;3;Autovettura privata;In marcia / fermata / arresto;Conducente;F;Illeso;0;;Non accertato;Inesploso
3572734;12;25/11/2017 02:10;Strada Urbana;VIA CRISTOFORO COLOMBO;all'intersezione semaforizzata con;PIAZZALE DELLE NAZIONI UNITE;PIAZZALE DELLE NAZIONI UNITE;;;Tamponamento;Intersezione semaforizzata;Due carreggiate;Asciutto;Asfaltata;Verticale ed orizzontale;Nuvoloso;Normale;Buona;Sufficiente;1;0;0;2;12.47187;41.83584;-1;1;Autovettura privata;In marcia / fermata / arresto;Conducente;M;Illeso;0;;Non accertato;Inesistente
3572734;12;25/11/2017 02:10;Strada Urbana;VIA CRISTOFORO COLOMBO;all'intersezione semaforizzata con;PIAZZALE DELLE NAZIONI UNITE;PIAZZALE DELLE NAZIONI UNITE;;;Tamponamento;Intersezione semaforizzata;Due carreggiate;Asciutto;Asfaltata;Verticale ed orizzontale;Nuvoloso;Normale;Buona;Sufficiente;1;0;0;2;12.47187;41.83584;-1;1;Autovettura privata;In marcia / fermata / arresto;Passeggero;M;Illeso;0;;Non accertato;Inesistente
3572734;12;25/11/2017 02:10;Strada Urbana;VIA CRISTOFORO COLOMBO;all'intersezione semaforizzata con;PIAZZALE DELLE NAZIONI UNITE;PIAZZALE DELLE NAZIONI UNITE;;;Tamponamento;Intersezione semaforizzata;Due carreggiate;Asciutto;Asfaltata;Verticale ed orizzontale;Nuvoloso;Normale;Buona;Sufficiente;1;0;0;2;12.47187;41.83584;-1;2;Autovettura privata;In marcia / fermata / arresto;Conducente;M;Rimandato;0;NON DECEDUTO;Non accertato;Inesistente
3572735;16;24/11/2017 16:00;Strada Urbana;VIA QUIRINO MAJORANA;da specificare;;;;IN PROSSIMITA' CIV.182 (BENZINAIO ENISELFY);Scontro laterale fra veicoli in marcia;Rettilineo;Due carreggiate;Asciutto;Asfaltata;Assente;Sereno;Normale;Buona;Ore Diurne;0;0;0;3;12.46223;41.86827;-1;1;Autovettura privata;In marcia / fermata / arresto;Passeggero;F;Illeso;0;;;
3572735;16;24/11/2017 16:00;Strada Urbana;VIA QUIRINO MAJORANA;da specificare;;;;IN PROSSIMITA' CIV.182 (BENZINAIO ENISELFY);Scontro laterale fra veicoli in marcia;Rettilineo;Due carreggiate;Asciutto;Asfaltata;Assente;Sereno;Normale;Buona;Ore Diurne;0;0;0;3;12.46223;41.86827;-1;1;Autovettura privata;In marcia / fermata / arresto;Conducente;F;Illeso;0;;;
3572735;16;24/11/2017 16:00;Strada Urbana;VIA QUIRINO MAJORANA;da specificare;;;;IN PROSSIMITA' CIV.182 (BENZINAIO ENISELFY);Scontro laterale fra veicoli in marcia;Rettilineo;Due carreggiate;Asciutto;Asfaltata;Assente;Sereno;Normale;Buona;Ore Diurne;0;0;0;3;12.46223;41.86827;-1;2;Motociclo a solo;In marcia / fermata / arresto;Conducente;M;Illeso;0;;;
3572753;16;24/11/2017 19:20;Strada Urbana;VIA SILVESTRI;in prossimità;;del palo luce n.;86;;Scontro frontale/laterale SX fra veicoli in marcia;Rettilineo;Due carreggiate;Asciutto;Asfaltata;Orizzontale;Sereno;Normale;Buona;Sufficiente;1;0;0;2;12.43265;41.87793;-1;1;Autovettura privata;In marcia / fermata / arresto;Conducente;M;Illeso;0;;Non accertato;
3572753;16;24/11/2017 19:20;Strada Urbana;VIA SILVESTRI;in prossimità;;del palo luce n.;86;;Scontro frontale/laterale SX fra veicoli in marcia;Rettilineo;Due carreggiate;Asciutto;Asfaltata;Orizzontale;Sereno;Normale;Buona;Sufficiente;1;0;0;2;12.43265;41.87793;-1;2;Motociclo con passeggero;In marcia / fermata / arresto;Conducente;M;Ricoverato;0;NON DECEDUTO;Non accertato;
3572753;16;24/11/2017 19:20;Strada Urbana;VIA SILVESTRI;in prossimità;;del palo luce n.;86;;Scontro frontale/laterale SX fra veicoli in marcia;Rettilineo;Due carreggiate;Asciutto;Asfaltata;Orizzontale;Sereno;Normale;Buona;Sufficiente;1;0;0;2;12.43265;41.87793;-1;2;Motociclo con passeggero;In marcia / fermata / arresto;Passeggero;M;Illeso;0;;;
3572754;12;25/11/2017 13:00;Strada Urbana;VIA CRISTOFORO COLOMBO;da specificare;;;;direzione P.le 25 marzo 1957 alt. V.le dell' Umane;Tamponamento;Rettilineo;Una carreggiata a senso unico di marcia;Asciutto;Asfaltata;Verticale ed orizzontale;Nuvoloso;Scarso;Buona;Ore Diurne;0;0;0;3;12.46451;41.8248;-1;1;Autovettura privata;In marcia / fermata / arresto;Conducente;M;Illeso;0;;Utilizzato;Inesploso
3572754;12;25/11/2017 13:00;Strada Urbana;VIA CRISTOFORO COLOMBO;da specificare;;;;direzione P.le 25 marzo 1957 alt. V.le dell' Umane;Tamponamento;Rettilineo;Una carreggiata a senso unico di marcia;Asciutto;Asfaltata;Verticale ed orizzontale;Nuvoloso;Scarso;Buona;Ore Diurne;0;0;0;3;12.46451;41.8248;-1;1;Autovettura privata;In marcia / fermata / arresto;Passeggero;F;Illeso;0;;Utilizzato;Inesploso
3572754;12;25/11/2017 13:00;Strada Urbana;VIA CRISTOFORO COLOMBO;da specificare;;;;direzione P.le 25 marzo 1957 alt. V.le dell' Umane;Tamponamento;Rettilineo;Una carreggiata a senso unico di marcia;Asciutto;Asfaltata;Verticale ed orizzontale;Nuvoloso;Scarso;Buona;Ore Diurne;0;0;0;3;12.46451;41.8248;-1;2;Autovettura privata;In marcia / fermata / arresto;Conducente;F;Illeso;0;;Utilizzato;Inesploso
3572764;5;27/11/2017 14:30;Strada Urbana;VIA GIOVANNI PITTALUGA;in prossimità;;del civico n.;20;;Scontro frontale/laterale SX fra veicoli in marcia;Rettilineo;Due carreggiate;Asciutto;Asfaltata;Orizzontale;Sereno;Normale;Buona;Ore Diurne;0;0;0;3;12.53578;41.90022;-1;1;Autovettura privata;In marcia / fermata / arresto;Conducente;M;Illeso;0;;Non accertato;Inesploso
3572764;5;27/11/2017 14:30;Strada Urbana;VIA GIOVANNI PITTALUGA;in prossimità;;del civico n.;20;;Scontro frontale/laterale SX fra veicoli in marcia;Rettilineo;Due carreggiate;Asciutto;Asfaltata;Orizzontale;Sereno;Normale;Buona;Ore Diurne;0;0;0;3;12.53578;41.90022;-1;1;Autovettura privata;In marcia / fermata / arresto;Passeggero;F;Illeso;0;;Non accertato;Inesploso
3572764;5;27/11/2017 14:30;Strada Urbana;VIA GIOVANNI PITTALUGA;in prossimità;;del civico n.;20;;Scontro frontale/laterale SX fra veicoli in marcia;Rettilineo;Due carreggiate;Asciutto;Asfaltata;Orizzontale;Sereno;Normale;Buona;Ore Diurne;0;0;0;3;12.53578;41.90022;-1;2;Motociclo a solo;In marcia / fermata / arresto;Conducente;F;Illeso;0;;Non accertato;
3572777;17;27/11/2017 14:50;Strada Urbana;CIRCONVALLAZIONE CLODIA;in corrispondenza;;del civico n.;173;;Scontro laterale fra veicoli in marcia;Rettilineo;Due carreggiate;Asciutto;Asfaltata;Verticale ed orizzontale;Sereno;Normale;Buona;Ore Diurne;0;0;0;2;12.45781;41.92195;-1;1;Autovettura privata;In marcia / fermata / arresto;Conducente;M;Illeso;0;;Non accertato;
3572777;17;27/11/2017 14:50;Strada Urbana;CIRCONVALLAZIONE CLODIA;in corrispondenza;;del civico n.;173;;Scontro laterale fra veicoli in marcia;Rettilineo;Due carreggiate;Asciutto;Asfaltata;Verticale ed orizzontale;Sereno;Normale;Buona;Ore Diurne;0;0;0;2;12.45781;41.92195;-1;2;Autovettura privata;In marcia / fermata / arresto;Conducente;M;Illeso;0;;Non accertato;
3572783;17;25/11/2017 16:50;Strada Urbana;PIAZZALE DEGLI EROI;da specificare;;;;fronte via Cipro alt. rotatoria;Scontro frontale/laterale DX fra veicoli in marcia;Rotatoria;Una carreggiata a senso unico di marcia;Asciutto;Asfaltata;Verticale ed orizzontale;Nuvoloso;Normale;Buona;Sufficiente;0;0;0;2;12.44848;41.90921;-1;1;Motociclo a solo;In marcia / fermata / arresto;Conducente;M;Illeso;0;;;
3572783;17;25/11/2017 16:50;Strada Urbana;PIAZZALE DEGLI EROI;da specificare;;;;fronte via Cipro alt. rotatoria;Scontro frontale/laterale DX fra veicoli in marcia;Rotatoria;Una carreggiata a senso unico di marcia;Asciutto;Asfaltata;Verticale ed orizzontale;Nuvoloso;Normale;Buona;Sufficiente;0;0;0;2;12.44848;41.90921;-1;2;Autovettura privata;In marcia / fermata / arresto;Conducente;F;Illeso;0;;;
3572812;9;27/11/2017 14:05;Strada Urbana;VIA MONSELICE;da specificare;;;;fronte via Mestre;Investimento di pedone;Curva a visuale libera;Una carreggiata a doppio senso;Asciutto;Asfaltata;Orizzontale;Sereno;Normale;Buona;Ore Diurne;1;0;0;2;12.52241;41.87987;-1;;;;Pedone;M;Rimandato;0;NON DECEDUTO;;
3572812;9;27/11/2017 14:05;Strada Urbana;VIA MONSELICE;da specificare;;;;fronte via Mestre;Investimento di pedone;Curva a visuale libera;Una carreggiata a doppio senso;Asciutto;Asfaltata;Orizzontale;Sereno;Normale;Buona;Ore Diurne;1;0;0;2;12.52241;41.87987;-1;1;Autovettura privata;In marcia / fermata / arresto;Conducente;M;Illeso;0;;;
3572812;9;27/11/2017 14:05;Strada Urbana;VIA MONSELICE;da specificare;;;;fronte via Mestre;Investimento di pedone;Curva a visuale libera;Una carreggiata a doppio senso;Asciutto;Asfaltata;Orizzontale;Sereno;Normale;Buona;Ore Diurne;1;0;0;2;12.52241;41.87987;-1;1;Autovettura privata;In marcia / fermata / arresto;Passeggero;F;Illeso;0;;;
3572818;5;25/11/2017 07:15;Strada Urbana;VIA RINALDO D'AQUINO;da specificare;;;;prossimità via Dante da Maiano;Tamponamento;Rettilineo;Due carreggiate;Asciutto;Asfaltata;Verticale ed orizzontale;Nuvoloso;Scarso;Buona;Ore Diurne;0;0;0;2;12.60846;41.95973;-1;1;Autovettura privata;In marcia / fermata / arresto;Conducente;M;Illeso;0;;Non accertato;Inesploso
3572818;5;25/11/2017 07:15;Strada Urbana;VIA RINALDO D'AQUINO;da specificare;;;;prossimità via Dante da Maiano;Tamponamento;Rettilineo;Due carreggiate;Asciutto;Asfaltata;Verticale ed orizzontale;Nuvoloso;Scarso;Buona;Ore Diurne;0;0;0;2;12.60846;41.95973;-1;2;Autovettura privata;In marcia / fermata / arresto;Conducente;M;Illeso;0;;Non accertato;Inesploso
3572914;5;25/11/2017 15:00;Strada Urbana;VIA TIBURTINA;in prossimità;;del civico n.;934;;Tamponamento;Rettilineo;Più di due carreggiate;Asciutto;Asfaltata;Verticale ed orizzontale;Sereno;Normale;Buona;Ore Diurne;0;0;0;2;12.57163;41.92451;-1;1;Autovettura privata;In marcia / fermata / arresto;Conducente;F;Illeso;0;;Non accertato;Inesploso
3572914;5;25/11/2017 15:00;Strada Urbana;VIA TIBURTINA;in prossimità;;del civico n.;934;;Tamponamento;Rettilineo;Più di due carreggiate;Asciutto;Asfaltata;Verticale ed orizzontale;Sereno;Normale;Buona;Ore Diurne;0;0;0;2;12.57163;41.92451;-1;2;Autovettura privata;In marcia / fermata / arresto;Conducente;M;Illeso;0;;Non accertato;Inesploso
3572926;13;27/11/2017 14:45;Strada Urbana;PIAZZA REGINA PACIS;in prossimità;;del civico n.;13;;Veicolo in marcia contro ostacolo fisso;Rettilineo;Una carreggiata a doppio senso;Asciutto;Asfaltata;Assente;Sereno;Normale;Buona;Ore Diurne;0;0;0;1;12.28094;41.73082;0;1;Autovettura privata;In marcia / fermata / arresto;Conducente;M;Illeso;0;;Non accertato;Inesploso
3572938;17;25/11/2017 20:50;Strada Urbana;PONTE CAVOUR;all'intersezione con;LUNGOTEVERE PRATI;LUNGOTEVERE PRATI;;;Scontro frontale/laterale SX fra veicoli in marcia;Incrocio;Una carreggiata a doppio senso;Bagnato (pioggia);Asfaltata;Verticale ed orizzontale;Nebbia;Normale;Buona;Sufficiente;0;0;0;5;12.47439;41.90498;-1;1;Autovettura privata;In marcia / fermata / arresto;Conducente;M;Illeso;0;;;
3572938;17;25/11/2017 20:50;Strada Urbana;PONTE CAVOUR;all'intersezione con;LUNGOTEVERE PRATI;LUNGOTEVERE PRATI;;;Scontro frontale/laterale SX fra veicoli in marcia;Incrocio;Una carreggiata a doppio senso;Bagnato (pioggia);Asfaltata;Verticale ed orizzontale;Nebbia;Normale;Buona;Sufficiente;0;0;0;5;12.47439;41.90498;-1;1;Autovettura privata;In marcia / fermata / arresto;Passeggero;M;Illeso;0;;;
3572938;17;25/11/2017 20:50;Strada Urbana;PONTE CAVOUR;all'intersezione con;LUNGOTEVERE PRATI;LUNGOTEVERE PRATI;;;Scontro frontale/laterale SX fra veicoli in marcia;Incrocio;Una carreggiata a doppio senso;Bagnato (pioggia);Asfaltata;Verticale ed orizzontale;Nebbia;Normale;Buona;Sufficiente;0;0;0;5;12.47439;41.90498;-1;1;Autovettura privata;In marcia / fermata / arresto;Passeggero;F;Illeso;0;;;
3572938;17;25/11/2017 20:50;Strada Urbana;PONTE CAVOUR;all'intersezione con;LUNGOTEVERE PRATI;LUNGOTEVERE PRATI;;;Scontro frontale/laterale SX fra veicoli in marcia;Incrocio;Una carreggiata a doppio senso;Bagnato (pioggia);Asfaltata;Verticale ed orizzontale;Nebbia;Normale;Buona;Sufficiente;0;0;0;5;12.47439;41.90498;-1;1;Autovettura privata;In marcia / fermata / arresto;Passeggero;F;Illeso;0;;;
3572938;17;25/11/2017 20:50;Strada Urbana;PONTE CAVOUR;all'intersezione con;LUNGOTEVERE PRATI;LUNGOTEVERE PRATI;;;Scontro frontale/laterale SX fra veicoli in marcia;Incrocio;Una carreggiata a doppio senso;Bagnato (pioggia);Asfaltata;Verticale ed orizzontale;Nebbia;Normale;Buona;Sufficiente;0;0;0;5;12.47439;41.90498;-1;2;Motociclo a solo;In marcia / fermata / arresto;Conducente;M;Illeso;0;;;
3572944;16;25/11/2017 16:45;Strada Urbana;VIA ADOLFO GANDIGLIO;da specificare;;;;in prossimità del fronte civico 102;Veicolo in marcia contro veicoli in arresto;Curva a visuale libera;Una carreggiata a doppio senso;Asciutto;Asfaltata;Assente;Sereno;Normale;Sufficiente;Sufficiente;0;0;0;4;12.44066;41.86472;0;1;Motociclo a solo;In marcia / fermata / arresto;Conducente;M;Illeso;0;;Non accertato;
3572944;16;25/11/2017 16:45;Strada Urbana;VIA ADOLFO GANDIGLIO;da specificare;;;;in prossimità del fronte civico 102;Veicolo in marcia contro veicoli in arresto;Curva a visuale libera;Una carreggiata a doppio senso;Asciutto;Asfaltata;Assente;Sereno;Normale;Sufficiente;Sufficiente;0;0;0;4;12.44066;41.86472;0;1;Motociclo a solo;In marcia / fermata / arresto;Passeggero;M;Illeso;0;;Non accertato;
3572944;16;25/11/2017 16:45;Strada Urbana;VIA ADOLFO GANDIGLIO;da specificare;;;;in prossimità del fronte civico 102;Veicolo in marcia contro veicoli in arresto;Curva a visuale libera;Una carreggiata a doppio senso;Asciutto;Asfaltata;Assente;Sereno;Normale;Sufficiente;Sufficiente;0;0;0;4;12.44066;41.86472;0;2;Autovettura privata;In marcia / fermata / arresto;Conducente;F;Illeso;0;;Non accertato;Inesploso
3572944;16;25/11/2017 16:45;Strada Urbana;VIA ADOLFO GANDIGLIO;da specificare;;;;in prossimità del fronte civico 102;Veicolo in marcia contro veicoli in arresto;Curva a visuale libera;Una carreggiata a doppio senso;Asciutto;Asfaltata;Assente;Sereno;Normale;Sufficiente;Sufficiente;0;0;0;4;12.44066;41.86472;0;2;Autovettura privata;In marcia / fermata / arresto;Passeggero;M;Illeso;0;;Non accertato;Inesploso
3572958;19;27/11/2017 10:45;Strada Urbana;VIA DI BOCCEA;all'intersezione con;VIA TRINO;VIA TRINO;;;Scontro frontale fra veicoli in marcia;Incrocio;Una carreggiata a doppio senso;Asciutto;Asfaltata;Assente;Sereno;Scarso;Buona;Ore Diurne;2;0;0;0;12.31709;41.94456;-1;1;Autocarro inferiore 35 q.;In marcia / fermata / arresto;Conducente;M;Rimandato;0;NON DECEDUTO;Non accertato;Inesploso
3572958;19;27/11/2017 10:45;Strada Urbana;VIA DI BOCCEA;all'intersezione con;VIA TRINO;VIA TRINO;;;Scontro frontale fra veicoli in marcia;Incrocio;Una carreggiata a doppio senso;Asciutto;Asfaltata;Assente;Sereno;Scarso;Buona;Ore Diurne;2;0;0;0;12.31709;41.94456;-1;2;Autovettura privata;In marcia / fermata / arresto;Conducente;M;Rimandato;0;NON DECEDUTO;Non accertato;Inesploso
3572963;12;24/11/2017 20:00;Strada Urbana;VIALE DELL'OCEANO PACIFICO;da specificare;;;;uscita parcheggio Euroma 2 ( rampa);Tamponamento;Rettilineo;Una carreggiata a senso unico di marcia;Bagnato (umidità in atto);Asfaltata;Assente;Nuvoloso;Intenso;Sufficiente;Insufficiente;0;0;0;3;12.4592;41.82197;-1;1;Autovettura privata;In marcia / fermata / arresto;Passeggero;F;Illeso;0;;Utilizzato;Inesploso
3572963;12;24/11/2017 20:00;Strada Urbana;VIALE DELL'OCEANO PACIFICO;da specificare;;;;uscita parcheggio Euroma 2 ( rampa);Tamponamento;Rettilineo;Una carreggiata a senso unico di marcia;Bagnato (umidità in atto);Asfaltata;Assente;Nuvoloso;Intenso;Sufficiente;Insufficiente;0;0;0;3;12.4592;41.82197;-1;1;Autovettura privata;In marcia / fermata / arresto;Conducente;F;Illeso;0;;Utilizzato;Inesploso
3572963;12;24/11/2017 20:00;Strada Urbana;VIALE DELL'OCEANO PACIFICO;da specificare;;;;uscita parcheggio Euroma 2 ( rampa);Tamponamento;Rettilineo;Una carreggiata a senso unico di marcia;Bagnato (umidità in atto);Asfaltata;Assente;Nuvoloso;Intenso;Sufficiente;Insufficiente;0;0;0;3;12.4592;41.82197;-1;2;Autovettura privata;In marcia / fermata / arresto;Conducente;M;Illeso;0;;Utilizzato;Inesploso
3572965;12;25/11/2017;Strada Urbana;PIAZZA DELLA RADIO;da specificare;;;;altezza distrib. AGIP direz. PONTE MARCONI;Scontro frontale/laterale DX fra veicoli in marcia;Rettilineo;Due carreggiate;Asciutto;Asfaltata;Verticale ed orizzontale;Nuvoloso;Normale;Buona;Sufficiente;0;0;0;4;12.46754;41.87011;-1;1;Autovettura privata;In marcia / fermata / arresto;Conducente;F;Illeso;0;;Non accertato;Inesploso
3572965;12;25/11/2017;Strada Urbana;PIAZZA DELLA RADIO;da specificare;;;;altezza distrib. AGIP direz. PONTE MARCONI;Scontro frontale/laterale DX fra veicoli in marcia;Rettilineo;Due carreggiate;Asciutto;Asfaltata;Verticale ed orizzontale;Nuvoloso;Normale;Buona;Sufficiente;0;0;0;4;12.46754;41.87011;-1;1;Autovettura privata;In marcia / fermata / arresto;Passeggero;F;Illeso;0;;Non accertato;Inesploso
3572965;12;25/11/2017;Strada Urbana;PIAZZA DELLA RADIO;da specificare;;;;altezza distrib. AGIP direz. PONTE MARCONI;Scontro frontale/laterale DX fra veicoli in marcia;Rettilineo;Due carreggiate;Asciutto;Asfaltata;Verticale ed orizzontale;Nuvoloso;Normale;Buona;Sufficiente;0;0;0;4;12.46754;41.87011;-1;2;Autovettura privata;In marcia / fermata / arresto;Conducente;M;Illeso;0;;Non accertato;Inesploso
3572965;12;25/11/2017;Strada Urbana;PIAZZA DELLA RADIO;da specificare;;;;altezza distrib. AGIP direz. PONTE MARCONI;Scontro frontale/laterale DX fra veicoli in marcia;Rettilineo;Due carreggiate;Asciutto;Asfaltata;Verticale ed orizzontale;Nuvoloso;Normale;Buona;Sufficiente;0;0;0;4;12.46754;41.87011;-1;2;Autovettura privata;In marcia / fermata / arresto;Passeggero;M;Illeso;0;;Non accertato;Inesploso
3572970;17;25/11/2017 22:25;Strada Urbana;VIALE GIULIO CESARE;all'intersezione semaforizzata con;VIA CARLO ALBERTO DALLA CHIESA;VIA CARLO ALBERTO DALLA CHIESA;;;Scontro frontale/laterale DX fra veicoli in marcia;Intersezione semaforizzata;Una carreggiata a senso unico di marcia;Asciutto;Asfaltata;Verticale ed orizzontale;Nuvoloso;Normale;Buona;Sufficiente;0;0;0;5;12.46159;41.91038;-1;1;Autovettura privata;In marcia / fermata / arresto;Conducente;F;Illeso;0;;Non accertato;
3572970;17;25/11/2017 22:25;Strada Urbana;VIALE GIULIO CESARE;all'intersezione semaforizzata con;VIA CARLO ALBERTO DALLA CHIESA;VIA CARLO ALBERTO DALLA CHIESA;;;Scontro frontale/laterale DX fra veicoli in marcia;Intersezione semaforizzata;Una carreggiata a senso unico di marcia;Asciutto;Asfaltata;Verticale ed orizzontale;Nuvoloso;Normale;Buona;Sufficiente;0;0;0;5;12.46159;41.91038;-1;2;Autovettura privata;In marcia / fermata / arresto;Conducente;M;Illeso;0;;Non accertato;
3572970;17;25/11/2017 22:25;Strada Urbana;VIALE GIULIO CESARE;all'intersezione semaforizzata con;VIA CARLO ALBERTO DALLA CHIESA;VIA CARLO ALBERTO DALLA CHIESA;;;Scontro frontale/laterale DX fra veicoli in marcia;Intersezione semaforizzata;Una carreggiata a senso unico di marcia;Asciutto;Asfaltata;Verticale ed orizzontale;Nuvoloso;Normale;Buona;Sufficiente;0;0;0;5;12.46159;41.91038;-1;2;Autovettura privata;In marcia / fermata / arresto;Passeggero;F;Illeso;0;;Non accertato;