Protocollo;Gruppo;DataOraIncidente;Localizzazione1;STRADA1;Localizzazione2;STRADA2;Strada02;Chilometrica;DaSpecificare;NaturaIncidente;particolaritastrade;TipoStrada;FondoStradale;Pavimentazione;Segnaletica;CondizioneAtmosferica;Traffico;Visibilita;Illuminazione;NUM_FERITI;NUM_RISERVATA;NUM_MORTI;NUM_ILLESI;Longitudine;Latitudine;Confermato;Progressivo;TipoVeicolo;StatoVeicolo;TipoPersona;Sesso;Tipolesione;Deceduto;DecedutoDopo;CinturaCascoUtilizzato;Airbag
3576528;19;29/11/2017 13:45;Strada Urbana;VIA ETTORE STAMPINI;in prossimità;;del civico n.;45;;Investimento di pedone;Rettilineo;Una carreggiata a doppio senso;Bagnato (pioggia);Asfaltata;Orizzontale;Pioggia in atto;Normale;Sufficiente;Ore Diurne;1;0;0;1;12.43279;41.90419;-1;1;Autovettura privata;In marcia / fermata / arresto;Conducente;M;Illeso;0;;Non accertato;Inesploso
3576530;17;29/11/2017 15:55;Strada Urbana;VIALE GIOVANNI FALCONE E PAOLO BORSELLINO;in prossimità;;del palo luce n.;5;;Veicolo in marcia contro ostacolo fisso;Rettilineo;Due carreggiate;Bagnato (pioggia);Asfaltata;Verticale ed orizzontale;Pioggia in atto;Normale;Buona;Ore Diurne;0;0;0;1;12.45272;41.91829;0;1;Autovettura privata;In marcia / fermata / arresto;Conducente;M;Illeso;0;;Non accertato;Inesploso
3576539;20;29/11/2017 17:30;Strada Urbana;VIALE DELLO STADIO OLIMPICO;da specificare;;;;direzione Lgt della Vittoria;Veicolo in marcia contro ostacolo accidentale;Curva a visuale libera;Una carreggiata a senso unico di marcia;Bagnato (pioggia);Asfaltata;Verticale ed orizzontale;Pioggia in atto;Normale;Sufficiente;Sufficiente;0;0;0;1;12.45417;41.9299;-1;1;Autovettura privata;In marcia / fermata / arresto;Conducente;F;Illeso;0;;Non accertato;Inesploso
3576975;11;29/11/2017 07:45;Strada Urbana;VIA CRISTOFORO COLOMBO;all'intersezione semaforizzata con;VIA OROPA;VIA OROPA;;;Veicolo in marcia contro veicolo arresto;Intersezione semaforizzata;Più di due carreggiate;Bagnato (pioggia);Asfaltata;Verticale ed orizzontale;Pioggia in atto;Scarso;Buona;Ore Diurne;0;0;0;2;12.48088;41.84751;-1;1;Autovettura privata;In marcia / fermata / arresto;Conducente;M;Illeso;0;;;
3576975;11;29/11/2017 07:45;Strada Urbana;VIA CRISTOFORO COLOMBO;all'intersezione semaforizzata con;VIA OROPA;VIA OROPA;;;Veicolo in marcia contro veicolo arresto;Intersezione semaforizzata;Più di due carreggiate;Bagnato (pioggia);Asfaltata;Verticale ed orizzontale;Pioggia in atto;Scarso;Buona;Ore Diurne;0;0;0;2;12.48088;41.84751;-1;2;Motociclo a solo;In marcia / fermata / arresto;Conducente;M;Illeso;0;;;
3576978;11;29/11/2017 12:45;Strada Urbana;VIA CRISTOFORO COLOMBO;in corrispondenza;;del civico n.;44;;Tamponamento;Rettilineo;Più di due carreggiate;Bagnato (pioggia);Asfaltata;Verticale ed orizzontale;Pioggia in atto;Normale;Buona;Ore Diurne;1;0;0;2;12.49536;41.86857;-1;1;Autovettura privata;In marcia / fermata / arresto;Conducente;F;Illeso;0;;;
3576978;11;29/11/2017 12:45;Strada Urbana;VIA CRISTOFORO COLOMBO;in corrispondenza;;del civico n.;44;;Tamponamento;Rettilineo;Più di due carreggiate;Bagnato (pioggia);Asfaltata;Verticale ed orizzontale;Pioggia in atto;Normale;Buona;Ore Diurne;1;0;0;2;12.49536;41.86857;-1;1;Autovettura privata;In marcia / fermata / arresto;Passeggero;F;Illeso;0;;;
3576978;11;29/11/2017 12:45;Strada Urbana;VIA CRISTOFORO COLOMBO;in corrispondenza;;del civico n.;44;;Tamponamento;Rettilineo;Più di due carreggiate;Bagnato (pioggia);Asfaltata;Verticale ed orizzontale;Pioggia in atto;Normale;Buona;Ore Diurne;1;0;0;2;12.49536;41.86857;-1;2;Motociclo a solo;In marcia / fermata / arresto;Conducente;M;Rifiuta cure immediate;0;NON DECEDUTO;;
3576982;11;29/11/2017 19:10;Strada Urbana;VIA CRISTOFORO COLOMBO;da specificare;;;;PROSSIMITA' VIA CILICIA;Tamponamento;Rettilineo;Più di due carreggiate;Bagnato (pioggia);Asfaltata;Verticale ed orizzontale;Pioggia in atto;Intenso;Sufficiente;Sufficiente;0;0;0;6;12.4967;41.87124;-1;1;Autocarro inferiore 35 q.;In marcia / fermata / arresto;Conducente;M;Illeso;0;;;
3576982;11;29/11/2017 19:10;Strada Urbana;VIA CRISTOFORO COLOMBO;da specificare;;;;PROSSIMITA' VIA CILICIA;Tamponamento;Rettilineo;Più di due carreggiate;Bagnato (pioggia);Asfaltata;Verticale ed orizzontale;Pioggia in atto;Intenso;Sufficiente;Sufficiente;0;0;0;6;12.4967;41.87124;-1;2;Autovettura privata;In marcia / fermata / arresto;Conducente;F;Illeso;0;;Non accertato;
3576982;11;29/11/2017 19:10;Strada Urbana;VIA CRISTOFORO COLOMBO;da specificare;;;;PROSSIMITA' VIA CILICIA;Tamponamento;Rettilineo;Più di due carreggiate;Bagnato (pioggia);Asfaltata;Verticale ed orizzontale;Pioggia in atto;Intenso;Sufficiente;Sufficiente;0;0;0;6;12.4967;41.87124;-1;2;Autovettura privata;In marcia / fermata / arresto;Passeggero;M;Illeso;0;;;
3576982;11;29/11/2017 19:10;Strada Urbana;VIA CRISTOFORO COLOMBO;da specificare;;;;PROSSIMITA' VIA CILICIA;Tamponamento;Rettilineo;Più di due carreggiate;Bagnato (pioggia);Asfaltata;Verticale ed orizzontale;Pioggia in atto;Intenso;Sufficiente;Sufficiente;0;0;0;6;12.4967;41.87124;-1;2;Autovettura privata;In marcia / fermata / arresto;Passeggero;F;Illeso;0;;Non accertato;
3576982;11;29/11/2017 19:10;Strada Urbana;VIA CRISTOFORO COLOMBO;da specificare;;;;PROSSIMITA' VIA CILICIA;Tamponamento;Rettilineo;Più di due carreggiate;Bagnato (pioggia);Asfaltata;Verticale ed orizzontale;Pioggia in atto;Intenso;Sufficiente;Sufficiente;0;0;0;6;12.4967;41.87124;-1;2;Autovettura privata;In marcia / fermata / arresto;Passeggero;F;Illeso;0;;Non accertato;
3576982;11;29/11/2017 19:10;Strada Urbana;VIA CRISTOFORO COLOMBO;da specificare;;;;PROSSIMITA' VIA CILICIA;Tamponamento;Rettilineo;Più di due carreggiate;Bagnato (pioggia);Asfaltata;Verticale ed orizzontale;Pioggia in atto;Intenso;Sufficiente;Sufficiente;0;0;0;6;12.4967;41.87124;-1;2;Autovettura privata;In marcia / fermata / arresto;Passeggero;F;Illeso;0;;Non accertato;
3576983;1;29/11/2017 14:05;Strada Urbana;VIA PRINCIPESSA CLOTILDE;in prossimità;;del civico n.;1;;Veicolo in marcia contro ostacolo accidentale;Pendenza;Una carreggiata a senso unico di marcia;Bagnato (pioggia);In cubetti di porfido;Verticale ed orizzontale;Pioggia in atto;Scarso;Buona;Ore Diurne;1;0;0;0;12.47524;41.90985;-1;1;Motociclo a solo;In marcia / fermata / arresto;Conducente;F;Rimandato;0;NON DECEDUTO;;
3576984;11;29/11/2017 21:25;Strada Urbana;VIA DEL PORTO FLUVIALE;da specificare;;;;in prossimità v.Ostiense;Investimento di pedone;Rettilineo;Una carreggiata a doppio senso;Bagnato (pioggia);Asfaltata;Verticale ed orizzontale;Pioggia in atto;Normale;Buona;Sufficiente;1;0;0;2;12.47975;41.87242;-1;;;;Pedone;F;Rimandato;0;NON DECEDUTO;;
3576984;11;29/11/2017 21:25;Strada Urbana;VIA DEL PORTO FLUVIALE;da specificare;;;;in prossimità v.Ostiense;Investimento di pedone;Rettilineo;Una carreggiata a doppio senso;Bagnato (pioggia);Asfaltata;Verticale ed orizzontale;Pioggia in atto;Normale;Buona;Sufficiente;1;0;0;2;12.47975;41.87242;-1;1;Autovettura privata;In marcia / fermata / arresto;Conducente;M;Illeso;0;;Non accertato;Inesploso
3576984;11;29/11/2017 21:25;Strada Urbana;VIA DEL PORTO FLUVIALE;da specificare;;;;in prossimità v.Ostiense;Investimento di pedone;Rettilineo;Una carreggiata a doppio senso;Bagnato (pioggia);Asfaltata;Verticale ed orizzontale;Pioggia in atto;Normale;Buona;Sufficiente;1;0;0;2;12.47975;41.87242;-1;1;Autovettura privata;In marcia / fermata / arresto;Passeggero;F;Illeso;0;;Non accertato;
3576986;13;29/11/2017 12:45;Strada Urbana;VIA DEL CANALE DELLA LINGUA;da specificare;;;;prima curva dopo il ponticello sul canale;Scontro frontale/laterale SX fra veicoli in marcia;Curva a visuale libera;Una carreggiata a doppio senso;Bagnato (pioggia);Asfaltata;Assente;Nuvoloso;Normale;Buona;Ore Diurne;1;0;0;2;12.33999;41.74152;-1;1;Autovettura privata;In marcia / fermata / arresto;Conducente;M;Rimandato;0;NON DECEDUTO;Non accertato;Inesploso
3576986;13;29/11/2017 12:45;Strada Urbana;VIA DEL CANALE DELLA LINGUA;da specificare;;;;prima curva dopo il ponticello sul canale;Scontro frontale/laterale SX fra veicoli in marcia;Curva a visuale libera;Una carreggiata a doppio senso;Bagnato (pioggia);Asfaltata;Assente;Nuvoloso;Normale;Buona;Ore Diurne;1;0;0;2;12.33999;41.74152;-1;2;Autovettura privata;In marcia / fermata / arresto;Conducente;M;Illeso;0;;Non accertato;Inesploso
3576986;13;29/11/2017 12:45;Strada Urbana;VIA DEL CANALE DELLA LINGUA;da specificare;;;;prima curva dopo il ponticello sul canale;Scontro frontale/laterale SX fra veicoli in marcia;Curva a visuale libera;Una carreggiata a doppio senso;Bagnato (pioggia);Asfaltata;Assente;Nuvoloso;Normale;Buona;Ore Diurne;1;0;0;2;12.33999;41.74152;-1;3;Autovettura privata;In marcia / fermata / arresto;Conducente;M;Illeso;0;;Non accertato;Inesploso
3576999;11;29/11/2017 15:45;Strada Urbana;VIA OSTIENSE;all'intersezione semaforizzata con;CIRCONVALLAZIONE OSTIENSE;CIRCONVALLAZIONE OSTIENSE;;;Tamponamento;Intersezione semaforizzata;Una carreggiata a doppio senso;Bagnato (pioggia);Asfaltata;Verticale ed orizzontale;Pioggia in atto;Normale;Buona;Ore Diurne;0;0;0;3;12.47941;41.8678;-1;1;Autovettura di polizia;In marcia / fermata / arresto;Conducente;M;Illeso;0;;;
3576999;11;29/11/2017 15:45;Strada Urbana;VIA OSTIENSE;all'intersezione semaforizzata con;CIRCONVALLAZIONE OSTIENSE;CIRCONVALLAZIONE OSTIENSE;;;Tamponamento;Intersezione semaforizzata;Una carreggiata a doppio senso;Bagnato (pioggia);Asfaltata;Verticale ed orizzontale;Pioggia in atto;Normale;Buona;Ore Diurne;0;0;0;3;12.47941;41.8678;-1;1;Autovettura di polizia;In marcia / fermata / arresto;Passeggero;M;Illeso;0;;;
3576999;11;29/11/2017 15:45;Strada Urbana;VIA OSTIENSE;all'intersezione semaforizzata con;CIRCONVALLAZIONE OSTIENSE;CIRCONVALLAZIONE OSTIENSE;;;Tamponamento;Intersezione semaforizzata;Una carreggiata a doppio senso;Bagnato (pioggia);Asfaltata;Verticale ed orizzontale;Pioggia in atto;Normale;Buona;Ore Diurne;0;0;0;3;12.47941;41.8678;-1;2;Autovettura pubblica;In marcia / fermata / arresto;Conducente;M;Illeso;0;;;
3577001;11;29/11/2017 16:10;Strada Urbana;VIALE GUGLIELMO MARCONI;da specificare;;;;PROSSIMITA' VIA BATTELLI;Tamponamento Multiplo;Rettilineo;Due carreggiate;Bagnato (pioggia);Asfaltata;Verticale ed orizzontale;Pioggia in atto;Normale;Buona;Ore Diurne;0;0;0;5;12.4713;41.85664;-1;1;Autovettura privata;In marcia / fermata / arresto;Conducente;M;Illeso;0;;Non accertato;
3577001;11;29/11/2017 16:10;Strada Urbana;VIALE GUGLIELMO MARCONI;da specificare;;;;PROSSIMITA' VIA BATTELLI;Tamponamento Multiplo;Rettilineo;Due carreggiate;Bagnato (pioggia);Asfaltata;Verticale ed orizzontale;Pioggia in atto;Normale;Buona;Ore Diurne;0;0;0;5;12.4713;41.85664;-1;2;Autovettura privata;In marcia / fermata / arresto;Conducente;M;Illeso;0;;Non accertato;
3577001;11;29/11/2017 16:10;Strada Urbana;VIALE GUGLIELMO MARCONI;da specificare;;;;PROSSIMITA' VIA BATTELLI;Tamponamento Multiplo;Rettilineo;Due carreggiate;Bagnato (pioggia);Asfaltata;Verticale ed orizzontale;Pioggia in atto;Normale;Buona;Ore Diurne;0;0;0;5;12.4713;41.85664;-1;3;Autovettura privata;In marcia / fermata / arresto;Conducente;M;Illeso;0;;;
3577001;11;29/11/2017 16:10;Strada Urbana;VIALE GUGLIELMO MARCONI;da specificare;;;;PROSSIMITA' VIA BATTELLI;Tamponamento Multiplo;Rettilineo;Due carreggiate;Bagnato (pioggia);Asfaltata;Verticale ed orizzontale;Pioggia in atto;Normale;Buona;Ore Diurne;0;0;0;5;12.4713;41.85664;-1;3;Autovettura privata;In marcia / fermata / arresto;Passeggero;M;Illeso;0;;Non accertato;
3577001;11;29/11/2017 16:10;Strada Urbana;VIALE GUGLIELMO MARCONI;da specificare;;;;PROSSIMITA' VIA BATTELLI;Tamponamento Multiplo;Rettilineo;Due carreggiate;Bagnato (pioggia);Asfaltata;Verticale ed orizzontale;Pioggia in atto;Normale;Buona;Ore Diurne;0;0;0;5;12.4713;41.85664;-1;4;Autovettura privata;In marcia / fermata / arresto;Conducente;F;Illeso;0;;;
3577004;1;29/11/2017 14:05;Strada Urbana;VIALE LUIGI EINAUDI;da specificare;;;;in prossimità BASILICA S.M.DEGLI ANGELI;Tamponamento;Rettilineo;Una carreggiata a senso unico di marcia;Bagnato (pioggia);Acciotolata;Verticale ed orizzontale;Pioggia in atto;Intenso;Buona;Ore Diurne;0;0;0;3;12.49794;41.90228;-1;1;Autovettura di polizia;In marcia / fermata / arresto;Conducente;M;Illeso;0;;Non accertato;
3577004;1;29/11/2017 14:05;Strada Urbana;VIALE LUIGI EINAUDI;da specificare;;;;in prossimità BASILICA S.M.DEGLI ANGELI;Tamponamento;Rettilineo;Una carreggiata a senso unico di marcia;Bagnato (pioggia);Acciotolata;Verticale ed orizzontale;Pioggia in atto;Intenso;Buona;Ore Diurne;0;0;0;3;12.49794;41.90228;-1;1;Autovettura di polizia;In marcia / fermata / arresto;Passeggero;M;Illeso;0;;Non accertato;
3577004;1;29/11/2017 14:05;Strada Urbana;VIALE LUIGI EINAUDI;da specificare;;;;in prossimità BASILICA S.M.DEGLI ANGELI;Tamponamento;Rettilineo;Una carreggiata a senso unico di marcia;Bagnato (pioggia);Acciotolata;Verticale ed orizzontale;Pioggia in atto;Intenso;Buona;Ore Diurne;0;0;0;3;12.49794;41.90228;-1;2;Autovettura pubblica;In marcia / fermata / arresto;Conducente;M;Illeso;0;;Non accertato;
3577005;11;29/11/2017 23:20;Strada Urbana;VIALE GIUSTINIANO IMPERATORE;all'intersezione semaforizzata con;VIA DELLA VILLA DI LUCINA;VIA DELLA VILLA DI LUCINA;;;Scontro frontale/laterale DX fra veicoli in marcia;Incrocio;Due carreggiate;Bagnato (pioggia);Asfaltata;Verticale ed orizzontale;Pioggia in atto;Scarso;Buona;Sufficiente;0;0;0;2;12.48413;41.85592;-1;1;Autovettura privata;In marcia / fermata / arresto;Conducente;F;Illeso;0;;Non accertato;
3577005;11;29/11/2017 23:20;Strada Urbana;VIALE GIUSTINIANO IMPERATORE;all'intersezione semaforizzata con;VIA DELLA VILLA DI LUCINA;VIA DELLA VILLA DI LUCINA;;;Scontro frontale/laterale DX fra veicoli in marcia;Incrocio;Due carreggiate;Bagnato (pioggia);Asfaltata;Verticale ed orizzontale;Pioggia in atto;Scarso;Buona;Sufficiente;0;0;0;2;12.48413;41.85592;-1;2;Autovettura privata;In marcia / fermata / arresto;Conducente;M;Illeso;0;;Non accertato;
3577007;8;29/11/2017 21:40;Strada Urbana;VIALE DEI ROMANISTI;in prossimità;;del civico n.;31;;Tamponamento;Rettilineo;Una carreggiata a doppio senso;Bagnato (pioggia);Asfaltata;Verticale ed orizzontale;Pioggia in atto;Scarso;Buona;Sufficiente;0;0;0;2;12.58297;41.86527;-1;1;Autovettura privata;In marcia / fermata / arresto;Conducente;M;Illeso;0;;Non accertato;Inesploso
3577007;8;29/11/2017 21:40;Strada Urbana;VIALE DEI ROMANISTI;in prossimità;;del civico n.;31;;Tamponamento;Rettilineo;Una carreggiata a doppio senso;Bagnato (pioggia);Asfaltata;Verticale ed orizzontale;Pioggia in atto;Scarso;Buona;Sufficiente;0;0;0;2;12.58297;41.86527;-1;2;Autovettura privata;In marcia / fermata / arresto;Conducente;M;Illeso;0;;Non accertato;Inesploso
3577008;13;29/11/2017 08:00;Strada Urbana;VIA AGOSTINO CHIGI;in prossimità;;del civico n.;330;;Veicolo in marcia contro ostacolo accidentale;Rettilineo;Una carreggiata a doppio senso;Bagnato (pioggia);Asfaltata;Verticale ed orizzontale;Pioggia in atto;Intenso;Buona;Ore Diurne;0;0;0;1;12.32334;41.76788;-1;1;Autovettura privata;In marcia / fermata / arresto;Conducente;M;Illeso;0;;Non accertato;Inesploso
3577009;13;29/11/2017 16:40;Strada Urbana;VIA DELLA MARTINICA;all'intersezione con;VIA DELLE EBRIDI;VIA DELLE EBRIDI;;;Scontro laterale fra veicoli in marcia;Incrocio;Una carreggiata a senso unico di marcia;Bagnato (pioggia);Asfaltata;Verticale ed orizzontale;Pioggia in atto;Normale;Buona;Sufficiente;0;0;0;3;12.2618;41.7391;-1;1;Autovettura privata;In marcia / fermata / arresto;Conducente;F;Illeso;0;;Non accertato;Inesploso
3577009;13;29/11/2017 16:40;Strada Urbana;VIA DELLA MARTINICA;all'intersezione con;VIA DELLE EBRIDI;VIA DELLE EBRIDI;;;Scontro laterale fra veicoli in marcia;Incrocio;Una carreggiata a senso unico di marcia;Bagnato (pioggia);Asfaltata;Verticale ed orizzontale;Pioggia in atto;Normale;Buona;Sufficiente;0;0;0;3;12.2618;41.7391;-1;1;Autovettura privata;In marcia / fermata / arresto;Passeggero;M;Illeso;0;;Non accertato;
3577009;13;29/11/2017 16:40;Strada Urbana;VIA DELLA MARTINICA;all'intersezione con;VIA DELLE EBRIDI;VIA DELLE EBRIDI;;;Scontro laterale fra veicoli in marcia;Incrocio;Una carreggiata a senso unico di marcia;Bagnato (pioggia);Asfaltata;Verticale ed orizzontale;Pioggia in atto;Normale;Buona;Sufficiente;0;0;0;3;12.2618;41.7391;-1;2;Autovettura privata;In marcia / fermata / arresto;Conducente;M;Illeso;0;;Non accertato;Inesploso
3577014;8;29/11/2017 15:00;Strada Urbana;VIA DI LUNGHEZZINA;in prossimità;;del palo luce n.;323;;Scontro laterale fra veicoli in marcia;Rettilineo;Una carreggiata a doppio senso;Bagnato (pioggia);Asfaltata;Orizzontale;Pioggia in atto;Scarso;Buona;Ore Diurne;3;0;0;0;12.67819;41.92641;-1;1;Autoarticolato;In marcia / fermata / arresto;Conducente;M;Rifiuta cure immediate;0;NON DECEDUTO;Non accertato;Inesploso
3577014;8;29/11/2017 15:00;Strada Urbana;VIA DI LUNGHEZZINA;in prossimità;;del palo luce n.;323;;Scontro laterale fra veicoli in marcia;Rettilineo;Una carreggiata a doppio senso;Bagnato (pioggia);Asfaltata;Orizzontale;Pioggia in atto;Scarso;Buona;Ore Diurne;3;0;0;0;12.67819;41.92641;-1;2;Autovettura privata;In marcia / fermata / arresto;Conducente;F;Rimandato;0;NON DECEDUTO;Non accertato;Inesploso
3577014;8;29/11/2017 15:00;Strada Urbana;VIA DI LUNGHEZZINA;in prossimità;;del palo luce n.;323;;Scontro laterale fra veicoli in marcia;Rettilineo;Una carreggiata a doppio senso;Bagnato (pioggia);Asfaltata;Orizzontale;Pioggia in atto;Scarso;Buona;Ore Diurne;3;0;0;0;12.67819;41.92641;-1;2;Autovettura privata;In marcia / fermata / arresto;Passeggero;M;Rimandato;0;NON DECEDUTO;Non accertato;Inesploso
3577018;8;29/11/2017 16:10;Strada Urbana;VIA DI TORRE SPACCATA;in corrispondenza;;del civico n.;244;;Veicolo in marcia contro veicolo arresto;Curva a visuale libera;Una carreggiata a doppio senso;Bagnato (pioggia);Asfaltata;Verticale;Pioggia in atto;Intenso;Buona;Ore Diurne;0;0;0;5;12.58713;41.86798;-1;1;Autovettura privata;In marcia / fermata / arresto;Conducente;M;Illeso;0;;Non accertato;Inesploso
3577018;8;29/11/2017 16:10;Strada Urbana;VIA DI TORRE SPACCATA;in corrispondenza;;del civico n.;244;;Veicolo in marcia contro veicolo arresto;Curva a visuale libera;Una carreggiata a doppio senso;Bagnato (pioggia);Asfaltata;Verticale;Pioggia in atto;Intenso;Buona;Ore Diurne;0;0;0;5;12.58713;41.86798;-1;1;Autovettura privata;In marcia / fermata / arresto;Passeggero;F;Illeso;0;;Non accertato;Inesploso
3577018;8;29/11/2017 16:10;Strada Urbana;VIA DI TORRE SPACCATA;in corrispondenza;;del civico n.;244;;Veicolo in marcia contro veicolo arresto;Curva a visuale libera;Una carreggiata a doppio senso;Bagnato (pioggia);Asfaltata;Verticale;Pioggia in atto;Intenso;Buona;Ore Diurne;0;0;0;5;12.58713;41.86798;-1;2;Autovettura privata;In marcia / fermata / arresto;Conducente;F;Illeso;0;;Non accertato;Inesploso
3577018;8;29/11/2017 16:10;Strada Urbana;VIA DI TORRE SPACCATA;in corrispondenza;;del civico n.;244;;Veicolo in marcia contro veicolo arresto;Curva a visuale libera;Una carreggiata a doppio senso;Bagnato (pioggia);Asfaltata;Verticale;Pioggia in atto;Intenso;Buona;Ore Diurne;0;0;0;5;12.58713;41.86798;-1;2;Autovettura privata;In marcia / fermata / arresto;Passeggero;F;Illeso;0;;Non accertato;Inesploso
3577018;8;29/11/2017 16:10;Strada Urbana;VIA DI TORRE SPACCATA;in corrispondenza;;del civico n.;244;;Veicolo in marcia contro veicolo arresto;Curva a visuale libera;Una carreggiata a doppio senso;Bagnato (pioggia);Asfaltata;Verticale;Pioggia in atto;Intenso;Buona;Ore Diurne;0;0;0;5;12.58713;41.86798;-1;2;Autovettura privata;In marcia / fermata / arresto;Passeggero;F;Illeso;0;;Non accertato;Inesploso
3577021;8;29/11/2017 13:00;Strada Urbana;VIALE DELLA SORBONA;in prossimità;;del palo luce n.;23;;Scontro laterale fra veicoli in marcia;Rettilineo;Due carreggiate;Bagnato (pioggia);Asfaltata;Verticale ed orizzontale;Pioggia in atto;Normale;Buona;Ore Diurne;1;0;0;3;12.61209;41.85466;-1;1;Autovettura privata;In marcia / fermata / arresto;Conducente;M;Rifiuta cure immediate;0;NON DECEDUTO;Non accertato;Inesploso
3577021;8;29/11/2017 13:00;Strada Urbana;VIALE DELLA SORBONA;in prossimità;;del palo luce n.;23;;Scontro laterale fra veicoli in marcia;Rettilineo;Due carreggiate;Bagnato (pioggia);Asfaltata;Verticale ed orizzontale;Pioggia in atto;Normale;Buona;Ore Diurne;1;0;0;3;12.61209;41.85466;-1;1;Autovettura privata;In marcia / fermata / arresto;Passeggero;M;Illeso;0;;Non accertato;Inesploso
3577021;8;29/11/2017 13:00;Strada Urbana;VIALE DELLA SORBONA;in prossimità;;del palo luce n.;23;;Scontro laterale fra veicoli in marcia;Rettilineo;Due carreggiate;Bagnato (pioggia);Asfaltata;Verticale ed orizzontale;Pioggia in atto;Normale;Buona;Ore Diurne;1;0;0;3;12.61209;41.85466;-1;2;Autovettura di polizia;In marcia / fermata / arresto;Conducente;M;Illeso;0;;Non accertato;Inesploso
3577021;8;29/11/2017 13:00;Strada Urbana;VIALE DELLA SORBONA;in prossimità;;del palo luce n.;23;;Scontro laterale fra veicoli in marcia;Rettilineo;Due carreggiate;Bagnato (pioggia);Asfaltata;Verticale ed orizzontale;Pioggia in atto;Normale;Buona;Ore Diurne;1;0;0;3;12.61209;41.85466;-1;2;Autovettura di polizia;In marcia / fermata / arresto;Passeggero;M;Illeso;0;;Non accertato;Inesploso
3577022;15;29/11/2017 15:15;Strada Urbana;VIA ODERISI DA GUBBIO;da specificare;;;;pross.tà civ. 49;Scontro laterale fra veicoli in marcia;Rettilineo;Una carreggiata a doppio senso;Bagnato (pioggia);Asfaltata;Orizzontale;Pioggia in atto;Normale;Buona;Ore Diurne;0;0;0;2;12.4655;41.8659;-1;1;Autovettura privata;In marcia / fermata / arresto;Conducente;M;Illeso;0;;Utilizzato;
3577022;15;29/11/2017 15:15;Strada Urbana;VIA ODERISI DA GUBBIO;da specificare;;;;pross.tà civ. 49;Scontro laterale fra veicoli in marcia;Rettilineo;Una carreggiata a doppio senso;Bagnato (pioggia);Asfaltata;Orizzontale;Pioggia in atto;Normale;Buona;Ore Diurne;0;0;0;2;12.4655;41.8659;-1;2;Autovettura privata;In marcia / fermata / arresto;Conducente;M;Illeso;0;;Utilizzato;
3577023;8;29/11/2017 14:10;Strada Urbana;VIA LARINO;all'intersezione semaforizzata con;VIA TOLLO;VIA TOLLO;;;Scontro frontale/laterale SX fra veicoli in marcia;Intersezione non regolata/non segnalata;Una carreggiata a doppio senso;Bagnato (pioggia);Asfaltata;Assente;Pioggia in atto;Scarso;Buona;Ore Diurne;0;0;0;2;12.67963;41.90952;-1;1;Autocarro inferiore 35 q.;In marcia / fermata / arresto;Conducente;M;Illeso;0;;Non accertato;Inesploso
3577023;8;29/11/2017 14:10;Strada Urbana;VIA LARINO;all'intersezione semaforizzata con;VIA TOLLO;VIA TOLLO;;;Scontro frontale/laterale SX fra veicoli in marcia;Intersezione non regolata/non segnalata;Una carreggiata a doppio senso;Bagnato (pioggia);Asfaltata;Assente;Pioggia in atto;Scarso;Buona;Ore Diurne;0;0;0;2;12.67963;41.90952;-1;2;Autovettura privata;In marcia / fermata / arresto;Conducente;M;Illeso;0;;Non accertato;Inesploso
3577026;8;29/11/2017 06:30;Statale entro l'abitato;VIA CASILINA;in corrispondenza;;del palo luce n.;694;;Investimento di pedone;Rettilineo;Una carreggiata a doppio senso;Bagnato (pioggia);Asfaltata;Verticale ed orizzontale;Nuvoloso;Normale;Sufficiente;Sufficiente;1;0;0;2;12.62713;41.86324;-1;;;;Pedone;M;Ricoverato;0;NON DECEDUTO;;
3577026;8;29/11/2017 06:30;Statale entro l'abitato;VIA CASILINA;in corrispondenza;;del palo luce n.;694;;Investimento di pedone;Rettilineo;Una carreggiata a doppio senso;Bagnato (pioggia);Asfaltata;Verticale ed orizzontale;Nuvoloso;Normale;Sufficiente;Sufficiente;1;0;0;2;12.62713;41.86324;-1;1;Autovettura privata;In marcia / fermata / arresto;Conducente;M;Illeso;0;;Non accertato;
3577026;8;29/11/2017 06:30;Statale entro l'abitato;VIA CASILINA;in corrispondenza;;del palo luce n.;694;;Investimento di pedone;Rettilineo;Una carreggiata a doppio senso;Bagnato (pioggia);Asfaltata;Verticale ed orizzontale;Nuvoloso;Normale;Sufficiente;Sufficiente;1;0;0;2;12.62713;41.86324;-1;1;Autovettura privata;In marcia / fermata / arresto;Passeggero;F;Illeso;0;;Non accertato;
3577027;10;29/11/2017 19:00;Strada Urbana;VIA DI TORRE SPACCATA;da specificare;;;;prox LARGO CADUTI DI EL ALAMEIN;Investimento di pedone;Rettilineo;Una carreggiata a doppio senso;Bagnato (pioggia);Asfaltata;Verticale ed orizzontale;Pioggia in atto;Intenso;Sufficiente;Sufficiente;2;0;0;0;12.57702;41.84934;-1;;;;Pedone;F;Ricoverato;0;NON DECEDUTO;;